ID,Datetime,Status
0185217,2025-01-01 08:00:00,In
0185217,2025-01-01 18:03:00,Out
0804447,2025-01-01 08:11:00,In
0804447,2025-01-01 17:30:00,Out
0813432,2025-01-01 08:06:00,In
0813432,2025-01-01 16:33:00,Out
0055024,2025-01-01 09:54:00,In
0055024,2025-01-01 16:22:00,Out
0078657,2025-01-01 08:05:00,In
0078657,2025-01-01 18:46:00,Out
0748083,2025-01-01 09:55:00,In
0748083,2025-01-01 16:33:00,Out
0673615,2025-01-01 07:26:00,In
0673615,2025-01-01 18:13:00,Out
0193586,2025-01-01 07:26:00,In
0193586,2025-01-01 17:47:00,Out
0479911,2025-01-01 09:39:00,In
0479911,2025-01-01 17:01:00,Out
0084387,2025-01-01 07:38:00,In
0084387,2025-01-01 16:05:00,Out
0416428,2025-01-01 08:25:00,In
0416428,2025-01-01 17:33:00,Out
0511122,2025-01-01 09:37:00,In
0511122,2025-01-01 16:58:00,Out
0777956,2025-01-01 08:28:00,In
0777956,2025-01-01 17:16:00,Out
0462926,2025-01-01 08:20:00,In
0462926,2025-01-01 16:04:00,Out
0884652,2025-01-01 07:01:00,In
0884652,2025-01-01 17:26:00,Out
0185217,2025-01-02 08:15:00,In
0185217,2025-01-02 16:02:00,Out
0804447,2025-01-02 07:55:00,In
0804447,2025-01-02 18:56:00,Out
0813432,2025-01-02 09:55:00,In
0813432,2025-01-02 18:17:00,Out
0055024,2025-01-02 09:41:00,In
0055024,2025-01-02 17:17:00,Out
0078657,2025-01-02 07:57:00,In
0078657,2025-01-02 16:26:00,Out
0748083,2025-01-02 08:05:00,In
0748083,2025-01-02 18:30:00,Out
0673615,2025-01-02 07:35:00,In
0673615,2025-01-02 16:12:00,Out
0193586,2025-01-02 07:23:00,In
0193586,2025-01-02 16:25:00,Out
0479911,2025-01-02 07:55:00,In
0479911,2025-01-02 16:20:00,Out
0084387,2025-01-02 09:49:00,In
0084387,2025-01-02 16:08:00,Out
0416428,2025-01-02 09:28:00,In
0416428,2025-01-02 18:00:00,Out
0511122,2025-01-02 07:19:00,In
0511122,2025-01-02 16:06:00,Out
0777956,2025-01-02 08:33:00,In
0777956,2025-01-02 17:23:00,Out
0462926,2025-01-02 09:16:00,In
0462926,2025-01-02 17:14:00,Out
0884652,2025-01-02 09:12:00,In
0884652,2025-01-02 16:49:00,Out
0185217,2025-01-03 09:30:00,In
0185217,2025-01-03 17:16:00,Out
0804447,2025-01-03 07:12:00,In
0804447,2025-01-03 18:10:00,Out
0813432,2025-01-03 08:59:00,In
0813432,2025-01-03 17:17:00,Out
0055024,2025-01-03 07:56:00,In
0055024,2025-01-03 16:05:00,Out
0078657,2025-01-03 08:55:00,In
0078657,2025-01-03 17:40:00,Out
0748083,2025-01-03 09:04:00,In
0748083,2025-01-03 16:37:00,Out
0673615,2025-01-03 08:38:00,In
0673615,2025-01-03 17:39:00,Out
0193586,2025-01-03 07:06:00,In
0193586,2025-01-03 16:44:00,Out
0479911,2025-01-03 09:04:00,In
0479911,2025-01-03 16:58:00,Out
0084387,2025-01-03 09:52:00,In
0084387,2025-01-03 17:20:00,Out
0416428,2025-01-03 09:09:00,In
0416428,2025-01-03 16:23:00,Out
0511122,2025-01-03 08:14:00,In
0511122,2025-01-03 18:42:00,Out
0777956,2025-01-03 09:08:00,In
0777956,2025-01-03 18:43:00,Out
0462926,2025-01-03 08:31:00,In
0462926,2025-01-03 16:35:00,Out
0884652,2025-01-03 09:05:00,In
0884652,2025-01-03 17:03:00,Out
0185217,2025-01-04 07:33:00,In
0185217,2025-01-04 18:11:00,Out
0804447,2025-01-04 08:57:00,In
0804447,2025-01-04 18:54:00,Out
0813432,2025-01-04 09:34:00,In
0813432,2025-01-04 18:39:00,Out
0055024,2025-01-04 08:13:00,In
0055024,2025-01-04 17:15:00,Out
0078657,2025-01-04 07:32:00,In
0078657,2025-01-04 17:37:00,Out
0748083,2025-01-04 08:29:00,In
0748083,2025-01-04 17:18:00,Out
0673615,2025-01-04 08:07:00,In
0673615,2025-01-04 16:38:00,Out
0193586,2025-01-04 09:41:00,In
0193586,2025-01-04 18:25:00,Out
0479911,2025-01-04 08:22:00,In
0479911,2025-01-04 17:44:00,Out
0084387,2025-01-04 09:35:00,In
0084387,2025-01-04 17:50:00,Out
0416428,2025-01-04 08:54:00,In
0416428,2025-01-04 16:38:00,Out
0511122,2025-01-04 08:57:00,In
0511122,2025-01-04 17:49:00,Out
0777956,2025-01-04 07:04:00,In
0777956,2025-01-04 16:17:00,Out
0462926,2025-01-04 07:06:00,In
0462926,2025-01-04 17:49:00,Out
0884652,2025-01-04 07:03:00,In
0884652,2025-01-04 18:01:00,Out
0185217,2025-01-05 07:31:00,In
0185217,2025-01-05 16:44:00,Out
0804447,2025-01-05 08:17:00,In
0804447,2025-01-05 17:01:00,Out
0813432,2025-01-05 07:59:00,In
0813432,2025-01-05 18:50:00,Out
0055024,2025-01-05 07:40:00,In
0055024,2025-01-05 18:49:00,Out
0078657,2025-01-05 09:06:00,In
0078657,2025-01-05 18:37:00,Out
0748083,2025-01-05 08:38:00,In
0748083,2025-01-05 16:00:00,Out
0673615,2025-01-05 08:30:00,In
0673615,2025-01-05 17:13:00,Out
0193586,2025-01-05 09:05:00,In
0193586,2025-01-05 17:24:00,Out
0479911,2025-01-05 07:50:00,In
0479911,2025-01-05 17:56:00,Out
0084387,2025-01-05 09:32:00,In
0084387,2025-01-05 16:29:00,Out
0416428,2025-01-05 09:06:00,In
0416428,2025-01-05 18:47:00,Out
0511122,2025-01-05 09:38:00,In
0511122,2025-01-05 16:39:00,Out
0777956,2025-01-05 08:22:00,In
0777956,2025-01-05 16:29:00,Out
0462926,2025-01-05 08:46:00,In
0462926,2025-01-05 16:31:00,Out
0884652,2025-01-05 07:29:00,In
0884652,2025-01-05 16:20:00,Out
0185217,2025-01-06 09:57:00,In
0185217,2025-01-06 16:25:00,Out
0804447,2025-01-06 07:09:00,In
0804447,2025-01-06 16:21:00,Out
0813432,2025-01-06 07:24:00,In
0813432,2025-01-06 17:01:00,Out
0055024,2025-01-06 08:09:00,In
0055024,2025-01-06 17:44:00,Out
0078657,2025-01-06 08:35:00,In
0078657,2025-01-06 17:43:00,Out
0748083,2025-01-06 08:22:00,In
0748083,2025-01-06 16:15:00,Out
0673615,2025-01-06 09:28:00,In
0673615,2025-01-06 17:48:00,Out
0193586,2025-01-06 08:41:00,In
0193586,2025-01-06 17:47:00,Out
0479911,2025-01-06 07:07:00,In
0479911,2025-01-06 18:05:00,Out
0084387,2025-01-06 09:50:00,In
0084387,2025-01-06 18:16:00,Out
0416428,2025-01-06 07:28:00,In
0416428,2025-01-06 17:57:00,Out
0511122,2025-01-06 09:01:00,In
0511122,2025-01-06 18:44:00,Out
0777956,2025-01-06 07:53:00,In
0777956,2025-01-06 16:23:00,Out
0462926,2025-01-06 09:45:00,In
0462926,2025-01-06 16:55:00,Out
0884652,2025-01-06 08:33:00,In
0884652,2025-01-06 18:15:00,Out
0185217,2025-01-07 08:39:00,In
0185217,2025-01-07 16:39:00,Out
0804447,2025-01-07 08:10:00,In
0804447,2025-01-07 17:14:00,Out
0813432,2025-01-07 07:54:00,In
0813432,2025-01-07 18:44:00,Out
0055024,2025-01-07 09:32:00,In
0055024,2025-01-07 16:36:00,Out
0078657,2025-01-07 09:59:00,In
0078657,2025-01-07 17:22:00,Out
0748083,2025-01-07 08:04:00,In
0748083,2025-01-07 17:35:00,Out
0673615,2025-01-07 09:43:00,In
0673615,2025-01-07 17:08:00,Out
0193586,2025-01-07 08:48:00,In
0193586,2025-01-07 16:58:00,Out
0479911,2025-01-07 09:48:00,In
0479911,2025-01-07 18:01:00,Out
0084387,2025-01-07 09:50:00,In
0084387,2025-01-07 16:25:00,Out
0416428,2025-01-07 09:13:00,In
0416428,2025-01-07 18:21:00,Out
0511122,2025-01-07 08:41:00,In
0511122,2025-01-07 17:33:00,Out
0777956,2025-01-07 09:31:00,In
0777956,2025-01-07 16:09:00,Out
0462926,2025-01-07 08:08:00,In
0462926,2025-01-07 16:40:00,Out
0884652,2025-01-07 09:45:00,In
0884652,2025-01-07 16:06:00,Out
0185217,2025-01-08 09:26:00,In
0185217,2025-01-08 16:30:00,Out
0804447,2025-01-08 07:37:00,In
0804447,2025-01-08 17:52:00,Out
0813432,2025-01-08 09:59:00,In
0813432,2025-01-08 16:43:00,Out
0055024,2025-01-08 08:44:00,In
0055024,2025-01-08 18:04:00,Out
0078657,2025-01-08 09:44:00,In
0078657,2025-01-08 17:19:00,Out
0748083,2025-01-08 08:16:00,In
0748083,2025-01-08 18:47:00,Out
0673615,2025-01-08 08:48:00,In
0673615,2025-01-08 16:30:00,Out
0193586,2025-01-08 07:42:00,In
0193586,2025-01-08 17:46:00,Out
0479911,2025-01-08 09:42:00,In
0479911,2025-01-08 17:08:00,Out
0084387,2025-01-08 07:23:00,In
0084387,2025-01-08 18:06:00,Out
0416428,2025-01-08 08:12:00,In
0416428,2025-01-08 17:10:00,Out
0511122,2025-01-08 09:31:00,In
0511122,2025-01-08 16:07:00,Out
0777956,2025-01-08 09:57:00,In
0777956,2025-01-08 18:44:00,Out
0462926,2025-01-08 08:19:00,In
0462926,2025-01-08 16:04:00,Out
0884652,2025-01-08 07:41:00,In
0884652,2025-01-08 16:07:00,Out
0185217,2025-01-09 09:40:00,In
0185217,2025-01-09 17:20:00,Out
0804447,2025-01-09 07:44:00,In
0804447,2025-01-09 16:38:00,Out
0813432,2025-01-09 08:50:00,In
0813432,2025-01-09 18:58:00,Out
0055024,2025-01-09 07:36:00,In
0055024,2025-01-09 16:43:00,Out
0078657,2025-01-09 09:08:00,In
0078657,2025-01-09 16:06:00,Out
0748083,2025-01-09 08:52:00,In
0748083,2025-01-09 18:02:00,Out
0673615,2025-01-09 09:34:00,In
0673615,2025-01-09 16:06:00,Out
0193586,2025-01-09 08:14:00,In
0193586,2025-01-09 17:42:00,Out
0479911,2025-01-09 07:05:00,In
0479911,2025-01-09 18:53:00,Out
0084387,2025-01-09 09:55:00,In
0084387,2025-01-09 17:25:00,Out
0416428,2025-01-09 09:18:00,In
0416428,2025-01-09 18:27:00,Out
0511122,2025-01-09 09:39:00,In
0511122,2025-01-09 16:57:00,Out
0777956,2025-01-09 07:59:00,In
0777956,2025-01-09 17:50:00,Out
0462926,2025-01-09 08:45:00,In
0462926,2025-01-09 18:20:00,Out
0884652,2025-01-09 07:10:00,In
0884652,2025-01-09 16:22:00,Out
0185217,2025-01-10 08:07:00,In
0185217,2025-01-10 17:33:00,Out
0804447,2025-01-10 07:54:00,In
0804447,2025-01-10 16:25:00,Out
0813432,2025-01-10 08:17:00,In
0813432,2025-01-10 18:30:00,Out
0055024,2025-01-10 08:16:00,In
0055024,2025-01-10 16:34:00,Out
0078657,2025-01-10 07:00:00,In
0078657,2025-01-10 16:00:00,Out
0748083,2025-01-10 08:26:00,In
0748083,2025-01-10 16:33:00,Out
0673615,2025-01-10 08:53:00,In
0673615,2025-01-10 18:28:00,Out
0193586,2025-01-10 09:13:00,In
0193586,2025-01-10 17:43:00,Out
0479911,2025-01-10 09:11:00,In
0479911,2025-01-10 16:58:00,Out
0084387,2025-01-10 09:04:00,In
0084387,2025-01-10 18:08:00,Out
0416428,2025-01-10 08:11:00,In
0416428,2025-01-10 18:02:00,Out
0511122,2025-01-10 07:18:00,In
0511122,2025-01-10 18:35:00,Out
0777956,2025-01-10 08:52:00,In
0777956,2025-01-10 17:31:00,Out
0462926,2025-01-10 08:22:00,In
0462926,2025-01-10 17:04:00,Out
0884652,2025-01-10 09:13:00,In
0884652,2025-01-10 16:41:00,Out
0185217,2025-01-11 08:58:00,In
0185217,2025-01-11 17:24:00,Out
0804447,2025-01-11 08:10:00,In
0804447,2025-01-11 18:32:00,Out
0813432,2025-01-11 07:25:00,In
0813432,2025-01-11 18:49:00,Out
0055024,2025-01-11 07:55:00,In
0055024,2025-01-11 18:39:00,Out
0078657,2025-01-11 08:57:00,In
0078657,2025-01-11 16:25:00,Out
0748083,2025-01-11 09:33:00,In
0748083,2025-01-11 17:34:00,Out
0673615,2025-01-11 08:49:00,In
0673615,2025-01-11 17:25:00,Out
0193586,2025-01-11 08:09:00,In
0193586,2025-01-11 16:49:00,Out
0479911,2025-01-11 07:23:00,In
0479911,2025-01-11 18:44:00,Out
0084387,2025-01-11 09:05:00,In
0084387,2025-01-11 17:18:00,Out
0416428,2025-01-11 07:08:00,In
0416428,2025-01-11 16:40:00,Out
0511122,2025-01-11 09:53:00,In
0511122,2025-01-11 17:28:00,Out
0777956,2025-01-11 08:38:00,In
0777956,2025-01-11 17:02:00,Out
0462926,2025-01-11 07:42:00,In
0462926,2025-01-11 16:58:00,Out
0884652,2025-01-11 09:57:00,In
0884652,2025-01-11 17:07:00,Out
0185217,2025-01-12 07:13:00,In
0185217,2025-01-12 16:32:00,Out
0804447,2025-01-12 09:21:00,In
0804447,2025-01-12 17:48:00,Out
0813432,2025-01-12 09:00:00,In
0813432,2025-01-12 16:36:00,Out
0055024,2025-01-12 09:02:00,In
0055024,2025-01-12 16:55:00,Out
0078657,2025-01-12 08:19:00,In
0078657,2025-01-12 16:48:00,Out
0748083,2025-01-12 08:06:00,In
0748083,2025-01-12 16:34:00,Out
0673615,2025-01-12 09:17:00,In
0673615,2025-01-12 16:47:00,Out
0193586,2025-01-12 08:16:00,In
0193586,2025-01-12 16:09:00,Out
0479911,2025-01-12 09:02:00,In
0479911,2025-01-12 17:07:00,Out
0084387,2025-01-12 08:38:00,In
0084387,2025-01-12 17:58:00,Out
0416428,2025-01-12 09:47:00,In
0416428,2025-01-12 18:14:00,Out
0511122,2025-01-12 08:39:00,In
0511122,2025-01-12 17:29:00,Out
0777956,2025-01-12 09:13:00,In
0777956,2025-01-12 16:38:00,Out
0462926,2025-01-12 09:42:00,In
0462926,2025-01-12 16:52:00,Out
0884652,2025-01-12 09:18:00,In
0884652,2025-01-12 17:04:00,Out
0185217,2025-01-13 08:32:00,In
0185217,2025-01-13 18:06:00,Out
0804447,2025-01-13 08:09:00,In
0804447,2025-01-13 18:43:00,Out
0813432,2025-01-13 07:39:00,In
0813432,2025-01-13 16:31:00,Out
0055024,2025-01-13 09:47:00,In
0055024,2025-01-13 16:17:00,Out
0078657,2025-01-13 07:40:00,In
0078657,2025-01-13 17:54:00,Out
0748083,2025-01-13 08:10:00,In
0748083,2025-01-13 16:59:00,Out
0673615,2025-01-13 09:46:00,In
0673615,2025-01-13 17:29:00,Out
0193586,2025-01-13 09:04:00,In
0193586,2025-01-13 16:35:00,Out
0479911,2025-01-13 07:24:00,In
0479911,2025-01-13 18:27:00,Out
0084387,2025-01-13 07:05:00,In
0084387,2025-01-13 17:04:00,Out
0416428,2025-01-13 09:21:00,In
0416428,2025-01-13 18:07:00,Out
0511122,2025-01-13 07:26:00,In
0511122,2025-01-13 17:23:00,Out
0777956,2025-01-13 08:03:00,In
0777956,2025-01-13 17:16:00,Out
0462926,2025-01-13 09:36:00,In
0462926,2025-01-13 18:35:00,Out
0884652,2025-01-13 09:55:00,In
0884652,2025-01-13 17:40:00,Out
0185217,2025-01-14 08:29:00,In
0185217,2025-01-14 17:39:00,Out
0804447,2025-01-14 07:54:00,In
0804447,2025-01-14 17:00:00,Out
0813432,2025-01-14 07:03:00,In
0813432,2025-01-14 18:10:00,Out
0055024,2025-01-14 07:01:00,In
0055024,2025-01-14 17:22:00,Out
0078657,2025-01-14 07:47:00,In
0078657,2025-01-14 18:25:00,Out
0748083,2025-01-14 08:52:00,In
0748083,2025-01-14 17:46:00,Out
0673615,2025-01-14 07:24:00,In
0673615,2025-01-14 17:39:00,Out
0193586,2025-01-14 08:45:00,In
0193586,2025-01-14 16:19:00,Out
0479911,2025-01-14 09:23:00,In
0479911,2025-01-14 18:56:00,Out
0084387,2025-01-14 08:49:00,In
0084387,2025-01-14 18:39:00,Out
0416428,2025-01-14 07:20:00,In
0416428,2025-01-14 18:34:00,Out
0511122,2025-01-14 08:16:00,In
0511122,2025-01-14 18:02:00,Out
0777956,2025-01-14 08:08:00,In
0777956,2025-01-14 17:29:00,Out
0462926,2025-01-14 09:30:00,In
0462926,2025-01-14 16:18:00,Out
0884652,2025-01-14 08:50:00,In
0884652,2025-01-14 16:01:00,Out
0185217,2025-01-15 08:01:00,In
0185217,2025-01-15 18:24:00,Out
0804447,2025-01-15 07:34:00,In
0804447,2025-01-15 16:20:00,Out
0813432,2025-01-15 08:49:00,In
0813432,2025-01-15 18:40:00,Out
0055024,2025-01-15 07:38:00,In
0055024,2025-01-15 18:26:00,Out
0078657,2025-01-15 09:05:00,In
0078657,2025-01-15 18:27:00,Out
0748083,2025-01-15 07:20:00,In
0748083,2025-01-15 17:29:00,Out
0673615,2025-01-15 08:23:00,In
0673615,2025-01-15 17:56:00,Out
0193586,2025-01-15 09:33:00,In
0193586,2025-01-15 17:22:00,Out
0479911,2025-01-15 08:06:00,In
0479911,2025-01-15 16:52:00,Out
0084387,2025-01-15 08:38:00,In
0084387,2025-01-15 17:28:00,Out
0416428,2025-01-15 08:53:00,In
0416428,2025-01-15 18:53:00,Out
0511122,2025-01-15 07:31:00,In
0511122,2025-01-15 16:50:00,Out
0777956,2025-01-15 07:46:00,In
0777956,2025-01-15 18:57:00,Out
0462926,2025-01-15 07:53:00,In
0462926,2025-01-15 16:31:00,Out
0884652,2025-01-15 08:24:00,In
0884652,2025-01-15 18:50:00,Out
0185217,2025-01-16 07:08:00,In
0185217,2025-01-16 17:37:00,Out
0804447,2025-01-16 08:17:00,In
0804447,2025-01-16 17:20:00,Out
0813432,2025-01-16 07:47:00,In
0813432,2025-01-16 18:28:00,Out
0055024,2025-01-16 09:35:00,In
0055024,2025-01-16 16:29:00,Out
0078657,2025-01-16 09:00:00,In
0078657,2025-01-16 18:04:00,Out
0748083,2025-01-16 07:43:00,In
0748083,2025-01-16 17:01:00,Out
0673615,2025-01-16 09:18:00,In
0673615,2025-01-16 16:38:00,Out
0193586,2025-01-16 08:05:00,In
0193586,2025-01-16 18:40:00,Out
0479911,2025-01-16 07:48:00,In
0479911,2025-01-16 17:54:00,Out
0084387,2025-01-16 09:09:00,In
0084387,2025-01-16 18:54:00,Out
0416428,2025-01-16 07:54:00,In
0416428,2025-01-16 18:09:00,Out
0511122,2025-01-16 07:48:00,In
0511122,2025-01-16 17:12:00,Out
0777956,2025-01-16 07:17:00,In
0777956,2025-01-16 18:53:00,Out
0462926,2025-01-16 09:26:00,In
0462926,2025-01-16 18:36:00,Out
0884652,2025-01-16 09:19:00,In
0884652,2025-01-16 17:00:00,Out
0185217,2025-01-17 07:15:00,In
0185217,2025-01-17 18:24:00,Out
0804447,2025-01-17 07:32:00,In
0804447,2025-01-17 18:41:00,Out
0813432,2025-01-17 07:21:00,In
0813432,2025-01-17 18:17:00,Out
0055024,2025-01-17 07:57:00,In
0055024,2025-01-17 17:06:00,Out
0078657,2025-01-17 08:05:00,In
0078657,2025-01-17 17:44:00,Out
0748083,2025-01-17 09:01:00,In
0748083,2025-01-17 17:34:00,Out
0673615,2025-01-17 07:06:00,In
0673615,2025-01-17 18:57:00,Out
0193586,2025-01-17 09:54:00,In
0193586,2025-01-17 17:59:00,Out
0479911,2025-01-17 07:32:00,In
0479911,2025-01-17 17:26:00,Out
0084387,2025-01-17 09:59:00,In
0084387,2025-01-17 16:21:00,Out
0416428,2025-01-17 08:16:00,In
0416428,2025-01-17 16:46:00,Out
0511122,2025-01-17 07:50:00,In
0511122,2025-01-17 16:39:00,Out
0777956,2025-01-17 08:17:00,In
0777956,2025-01-17 17:14:00,Out
0462926,2025-01-17 08:25:00,In
0462926,2025-01-17 16:26:00,Out
0884652,2025-01-17 09:46:00,In
0884652,2025-01-17 16:39:00,Out
0185217,2025-01-18 08:00:00,In
0185217,2025-01-18 16:26:00,Out
0804447,2025-01-18 08:09:00,In
0804447,2025-01-18 18:45:00,Out
0813432,2025-01-18 09:46:00,In
0813432,2025-01-18 16:40:00,Out
0055024,2025-01-18 07:01:00,In
0055024,2025-01-18 18:32:00,Out
0078657,2025-01-18 08:08:00,In
0078657,2025-01-18 17:55:00,Out
0748083,2025-01-18 09:19:00,In
0748083,2025-01-18 17:09:00,Out
0673615,2025-01-18 09:36:00,In
0673615,2025-01-18 17:35:00,Out
0193586,2025-01-18 08:26:00,In
0193586,2025-01-18 18:08:00,Out
0479911,2025-01-18 09:03:00,In
0479911,2025-01-18 17:12:00,Out
0084387,2025-01-18 09:23:00,In
0084387,2025-01-18 17:13:00,Out
0416428,2025-01-18 07:59:00,In
0416428,2025-01-18 18:19:00,Out
0511122,2025-01-18 09:52:00,In
0511122,2025-01-18 16:57:00,Out
0777956,2025-01-18 08:07:00,In
0777956,2025-01-18 18:20:00,Out
0462926,2025-01-18 09:28:00,In
0462926,2025-01-18 18:09:00,Out
0884652,2025-01-18 08:11:00,In
0884652,2025-01-18 18:20:00,Out
0185217,2025-01-19 07:50:00,In
0185217,2025-01-19 17:01:00,Out
0804447,2025-01-19 08:36:00,In
0804447,2025-01-19 18:10:00,Out
0813432,2025-01-19 08:07:00,In
0813432,2025-01-19 18:11:00,Out
0055024,2025-01-19 08:12:00,In
0055024,2025-01-19 18:31:00,Out
0078657,2025-01-19 07:03:00,In
0078657,2025-01-19 17:33:00,Out
0748083,2025-01-19 07:06:00,In
0748083,2025-01-19 18:01:00,Out
0673615,2025-01-19 07:01:00,In
0673615,2025-01-19 17:53:00,Out
0193586,2025-01-19 07:05:00,In
0193586,2025-01-19 18:53:00,Out
0479911,2025-01-19 09:47:00,In
0479911,2025-01-19 18:53:00,Out
0084387,2025-01-19 07:10:00,In
0084387,2025-01-19 18:26:00,Out
0416428,2025-01-19 07:35:00,In
0416428,2025-01-19 18:39:00,Out
0511122,2025-01-19 09:48:00,In
0511122,2025-01-19 16:14:00,Out
0777956,2025-01-19 08:39:00,In
0777956,2025-01-19 16:20:00,Out
0462926,2025-01-19 09:10:00,In
0462926,2025-01-19 17:58:00,Out
0884652,2025-01-19 07:01:00,In
0884652,2025-01-19 18:14:00,Out
0185217,2025-01-20 07:51:00,In
0185217,2025-01-20 18:56:00,Out
0804447,2025-01-20 08:45:00,In
0804447,2025-01-20 17:13:00,Out
0813432,2025-01-20 08:57:00,In
0813432,2025-01-20 16:18:00,Out
0055024,2025-01-20 07:44:00,In
0055024,2025-01-20 18:40:00,Out
0078657,2025-01-20 09:32:00,In
0078657,2025-01-20 17:38:00,Out
0748083,2025-01-20 07:12:00,In
0748083,2025-01-20 16:38:00,Out
0673615,2025-01-20 09:45:00,In
0673615,2025-01-20 16:37:00,Out
0193586,2025-01-20 07:03:00,In
0193586,2025-01-20 16:24:00,Out
0479911,2025-01-20 09:23:00,In
0479911,2025-01-20 18:49:00,Out
0084387,2025-01-20 09:59:00,In
0084387,2025-01-20 17:00:00,Out
0416428,2025-01-20 07:30:00,In
0416428,2025-01-20 16:55:00,Out
0511122,2025-01-20 09:39:00,In
0511122,2025-01-20 17:35:00,Out
0777956,2025-01-20 07:25:00,In
0777956,2025-01-20 17:03:00,Out
0462926,2025-01-20 09:29:00,In
0462926,2025-01-20 18:17:00,Out
0884652,2025-01-20 09:21:00,In
0884652,2025-01-20 17:32:00,Out
0185217,2025-01-21 09:04:00,In
0185217,2025-01-21 18:05:00,Out
0804447,2025-01-21 07:16:00,In
0804447,2025-01-21 17:19:00,Out
0813432,2025-01-21 07:00:00,In
0813432,2025-01-21 17:43:00,Out
0055024,2025-01-21 08:17:00,In
0055024,2025-01-21 18:13:00,Out
0078657,2025-01-21 09:15:00,In
0078657,2025-01-21 17:57:00,Out
0748083,2025-01-21 07:20:00,In
0748083,2025-01-21 18:12:00,Out
0673615,2025-01-21 09:06:00,In
0673615,2025-01-21 16:31:00,Out
0193586,2025-01-21 08:44:00,In
0193586,2025-01-21 17:46:00,Out
0479911,2025-01-21 08:31:00,In
0479911,2025-01-21 17:13:00,Out
0084387,2025-01-21 09:55:00,In
0084387,2025-01-21 17:46:00,Out
0416428,2025-01-21 08:27:00,In
0416428,2025-01-21 17:34:00,Out
0511122,2025-01-21 08:14:00,In
0511122,2025-01-21 16:32:00,Out
0777956,2025-01-21 08:55:00,In
0777956,2025-01-21 18:42:00,Out
0462926,2025-01-21 08:44:00,In
0462926,2025-01-21 18:30:00,Out
0884652,2025-01-21 09:50:00,In
0884652,2025-01-21 18:30:00,Out
0185217,2025-01-22 07:22:00,In
0185217,2025-01-22 17:58:00,Out
0804447,2025-01-22 08:47:00,In
0804447,2025-01-22 16:26:00,Out
0813432,2025-01-22 09:31:00,In
0813432,2025-01-22 17:13:00,Out
0055024,2025-01-22 08:24:00,In
0055024,2025-01-22 16:54:00,Out
0078657,2025-01-22 08:37:00,In
0078657,2025-01-22 18:33:00,Out
0748083,2025-01-22 07:36:00,In
0748083,2025-01-22 17:02:00,Out
0673615,2025-01-22 08:37:00,In
0673615,2025-01-22 17:15:00,Out
0193586,2025-01-22 07:13:00,In
0193586,2025-01-22 17:38:00,Out
0479911,2025-01-22 07:41:00,In
0479911,2025-01-22 18:00:00,Out
0084387,2025-01-22 07:52:00,In
0084387,2025-01-22 16:10:00,Out
0416428,2025-01-22 07:31:00,In
0416428,2025-01-22 17:49:00,Out
0511122,2025-01-22 08:48:00,In
0511122,2025-01-22 17:32:00,Out
0777956,2025-01-22 09:55:00,In
0777956,2025-01-22 17:59:00,Out
0462926,2025-01-22 07:02:00,In
0462926,2025-01-22 17:35:00,Out
0884652,2025-01-22 07:32:00,In
0884652,2025-01-22 17:22:00,Out
0185217,2025-01-23 09:03:00,In
0185217,2025-01-23 16:39:00,Out
0804447,2025-01-23 09:44:00,In
0804447,2025-01-23 18:06:00,Out
0813432,2025-01-23 09:53:00,In
0813432,2025-01-23 16:54:00,Out
0055024,2025-01-23 08:35:00,In
0055024,2025-01-23 17:34:00,Out
0078657,2025-01-23 08:53:00,In
0078657,2025-01-23 16:40:00,Out
0748083,2025-01-23 07:40:00,In
0748083,2025-01-23 17:24:00,Out
0673615,2025-01-23 09:44:00,In
0673615,2025-01-23 17:12:00,Out
0193586,2025-01-23 09:34:00,In
0193586,2025-01-23 17:12:00,Out
0479911,2025-01-23 08:26:00,In
0479911,2025-01-23 16:23:00,Out
0084387,2025-01-23 07:45:00,In
0084387,2025-01-23 17:47:00,Out
0416428,2025-01-23 09:25:00,In
0416428,2025-01-23 16:19:00,Out
0511122,2025-01-23 07:31:00,In
0511122,2025-01-23 17:38:00,Out
0777956,2025-01-23 07:03:00,In
0777956,2025-01-23 16:17:00,Out
0462926,2025-01-23 07:06:00,In
0462926,2025-01-23 17:12:00,Out
0884652,2025-01-23 08:12:00,In
0884652,2025-01-23 18:12:00,Out
0185217,2025-01-24 09:55:00,In
0185217,2025-01-24 16:08:00,Out
0804447,2025-01-24 09:26:00,In
0804447,2025-01-24 18:04:00,Out
0813432,2025-01-24 09:18:00,In
0813432,2025-01-24 18:47:00,Out
0055024,2025-01-24 09:03:00,In
0055024,2025-01-24 18:23:00,Out
0078657,2025-01-24 09:30:00,In
0078657,2025-01-24 16:11:00,Out
0748083,2025-01-24 09:11:00,In
0748083,2025-01-24 16:28:00,Out
0673615,2025-01-24 08:00:00,In
0673615,2025-01-24 18:13:00,Out
0193586,2025-01-24 08:34:00,In
0193586,2025-01-24 16:12:00,Out
0479911,2025-01-24 08:44:00,In
0479911,2025-01-24 16:29:00,Out
0084387,2025-01-24 09:06:00,In
0084387,2025-01-24 16:02:00,Out
0416428,2025-01-24 07:37:00,In
0416428,2025-01-24 17:16:00,Out
0511122,2025-01-24 08:32:00,In
0511122,2025-01-24 18:37:00,Out
0777956,2025-01-24 09:39:00,In
0777956,2025-01-24 16:46:00,Out
0462926,2025-01-24 08:48:00,In
0462926,2025-01-24 18:21:00,Out
0884652,2025-01-24 08:44:00,In
0884652,2025-01-24 17:14:00,Out
0185217,2025-01-25 09:24:00,In
0185217,2025-01-25 16:47:00,Out
0804447,2025-01-25 08:22:00,In
0804447,2025-01-25 16:28:00,Out
0813432,2025-01-25 07:50:00,In
0813432,2025-01-25 17:40:00,Out
0055024,2025-01-25 07:03:00,In
0055024,2025-01-25 17:03:00,Out
0078657,2025-01-25 08:18:00,In
0078657,2025-01-25 17:06:00,Out
0748083,2025-01-25 09:25:00,In
0748083,2025-01-25 17:36:00,Out
0673615,2025-01-25 07:16:00,In
0673615,2025-01-25 16:42:00,Out
0193586,2025-01-25 08:22:00,In
0193586,2025-01-25 17:30:00,Out
0479911,2025-01-25 08:31:00,In
0479911,2025-01-25 18:18:00,Out
0084387,2025-01-25 07:21:00,In
0084387,2025-01-25 18:16:00,Out
0416428,2025-01-25 09:57:00,In
0416428,2025-01-25 17:40:00,Out
0511122,2025-01-25 07:51:00,In
0511122,2025-01-25 17:22:00,Out
0777956,2025-01-25 07:20:00,In
0777956,2025-01-25 16:20:00,Out
0462926,2025-01-25 08:02:00,In
0462926,2025-01-25 17:49:00,Out
0884652,2025-01-25 09:32:00,In
0884652,2025-01-25 17:05:00,Out
0185217,2025-01-26 09:22:00,In
0185217,2025-01-26 17:01:00,Out
0804447,2025-01-26 08:53:00,In
0804447,2025-01-26 18:46:00,Out
0813432,2025-01-26 09:11:00,In
0813432,2025-01-26 16:40:00,Out
0055024,2025-01-26 07:30:00,In
0055024,2025-01-26 17:53:00,Out
0078657,2025-01-26 09:13:00,In
0078657,2025-01-26 18:00:00,Out
0748083,2025-01-26 09:10:00,In
0748083,2025-01-26 17:06:00,Out
0673615,2025-01-26 09:54:00,In
0673615,2025-01-26 18:43:00,Out
0193586,2025-01-26 09:30:00,In
0193586,2025-01-26 18:23:00,Out
0479911,2025-01-26 07:26:00,In
0479911,2025-01-26 17:41:00,Out
0084387,2025-01-26 07:10:00,In
0084387,2025-01-26 18:31:00,Out
0416428,2025-01-26 08:55:00,In
0416428,2025-01-26 16:59:00,Out
0511122,2025-01-26 07:14:00,In
0511122,2025-01-26 17:09:00,Out
0777956,2025-01-26 07:48:00,In
0777956,2025-01-26 18:22:00,Out
0462926,2025-01-26 08:12:00,In
0462926,2025-01-26 18:53:00,Out
0884652,2025-01-26 07:39:00,In
0884652,2025-01-26 16:58:00,Out
0185217,2025-01-27 08:16:00,In
0185217,2025-01-27 17:18:00,Out
0804447,2025-01-27 07:45:00,In
0804447,2025-01-27 16:22:00,Out
0813432,2025-01-27 08:37:00,In
0813432,2025-01-27 17:35:00,Out
0055024,2025-01-27 07:38:00,In
0055024,2025-01-27 17:57:00,Out
0078657,2025-01-27 09:12:00,In
0078657,2025-01-27 17:03:00,Out
0748083,2025-01-27 09:34:00,In
0748083,2025-01-27 17:14:00,Out
0673615,2025-01-27 09:51:00,In
0673615,2025-01-27 16:21:00,Out
0193586,2025-01-27 07:38:00,In
0193586,2025-01-27 17:12:00,Out
0479911,2025-01-27 09:17:00,In
0479911,2025-01-27 16:07:00,Out
0084387,2025-01-27 07:15:00,In
0084387,2025-01-27 16:10:00,Out
0416428,2025-01-27 07:14:00,In
0416428,2025-01-27 18:04:00,Out
0511122,2025-01-27 07:04:00,In
0511122,2025-01-27 18:51:00,Out
0777956,2025-01-27 08:25:00,In
0777956,2025-01-27 16:11:00,Out
0462926,2025-01-27 07:57:00,In
0462926,2025-01-27 16:33:00,Out
0884652,2025-01-27 08:32:00,In
0884652,2025-01-27 17:53:00,Out
0185217,2025-01-28 08:13:00,In
0185217,2025-01-28 16:23:00,Out
0804447,2025-01-28 08:06:00,In
0804447,2025-01-28 16:21:00,Out
0813432,2025-01-28 07:58:00,In
0813432,2025-01-28 16:38:00,Out
0055024,2025-01-28 09:45:00,In
0055024,2025-01-28 18:50:00,Out
0078657,2025-01-28 08:44:00,In
0078657,2025-01-28 17:51:00,Out
0748083,2025-01-28 08:12:00,In
0748083,2025-01-28 17:13:00,Out
0673615,2025-01-28 08:59:00,In
0673615,2025-01-28 17:30:00,Out
0193586,2025-01-28 08:17:00,In
0193586,2025-01-28 17:04:00,Out
0479911,2025-01-28 07:41:00,In
0479911,2025-01-28 18:03:00,Out
0084387,2025-01-28 08:48:00,In
0084387,2025-01-28 17:35:00,Out
0416428,2025-01-28 08:50:00,In
0416428,2025-01-28 17:16:00,Out
0511122,2025-01-28 09:33:00,In
0511122,2025-01-28 16:50:00,Out
0777956,2025-01-28 09:15:00,In
0777956,2025-01-28 16:50:00,Out
0462926,2025-01-28 09:20:00,In
0462926,2025-01-28 16:04:00,Out
0884652,2025-01-28 08:24:00,In
0884652,2025-01-28 18:22:00,Out
0185217,2025-01-29 07:33:00,In
0185217,2025-01-29 17:46:00,Out
0804447,2025-01-29 08:50:00,In
0804447,2025-01-29 18:05:00,Out
0813432,2025-01-29 07:39:00,In
0813432,2025-01-29 18:42:00,Out
0055024,2025-01-29 08:36:00,In
0055024,2025-01-29 17:19:00,Out
0078657,2025-01-29 08:09:00,In
0078657,2025-01-29 17:35:00,Out
0748083,2025-01-29 08:31:00,In
0748083,2025-01-29 16:21:00,Out
0673615,2025-01-29 07:30:00,In
0673615,2025-01-29 16:04:00,Out
0193586,2025-01-29 08:30:00,In
0193586,2025-01-29 17:43:00,Out
0479911,2025-01-29 08:05:00,In
0479911,2025-01-29 16:00:00,Out
0084387,2025-01-29 09:04:00,In
0084387,2025-01-29 16:28:00,Out
0416428,2025-01-29 07:18:00,In
0416428,2025-01-29 18:33:00,Out
0511122,2025-01-29 09:47:00,In
0511122,2025-01-29 18:53:00,Out
0777956,2025-01-29 09:16:00,In
0777956,2025-01-29 18:39:00,Out
0462926,2025-01-29 09:17:00,In
0462926,2025-01-29 18:44:00,Out
0884652,2025-01-29 08:13:00,In
0884652,2025-01-29 18:00:00,Out
0185217,2025-01-30 08:06:00,In
0185217,2025-01-30 17:33:00,Out
0804447,2025-01-30 07:22:00,In
0804447,2025-01-30 18:31:00,Out
0813432,2025-01-30 09:13:00,In
0813432,2025-01-30 17:05:00,Out
0055024,2025-01-30 09:06:00,In
0055024,2025-01-30 18:20:00,Out
0078657,2025-01-30 08:11:00,In
0078657,2025-01-30 17:00:00,Out
0748083,2025-01-30 09:16:00,In
0748083,2025-01-30 16:53:00,Out
0673615,2025-01-30 08:11:00,In
0673615,2025-01-30 18:44:00,Out
0193586,2025-01-30 08:00:00,In
0193586,2025-01-30 17:31:00,Out
0479911,2025-01-30 07:34:00,In
0479911,2025-01-30 17:54:00,Out
0084387,2025-01-30 09:12:00,In
0084387,2025-01-30 16:39:00,Out
0416428,2025-01-30 07:43:00,In
0416428,2025-01-30 17:49:00,Out
0511122,2025-01-30 09:27:00,In
0511122,2025-01-30 16:02:00,Out
0777956,2025-01-30 07:26:00,In
0777956,2025-01-30 16:26:00,Out
0462926,2025-01-30 07:15:00,In
0462926,2025-01-30 16:26:00,Out
0884652,2025-01-30 07:33:00,In
0884652,2025-01-30 16:30:00,Out
0185217,2025-01-31 08:20:00,In
0185217,2025-01-31 16:15:00,Out
0804447,2025-01-31 09:55:00,In
0804447,2025-01-31 18:33:00,Out
0813432,2025-01-31 08:42:00,In
0813432,2025-01-31 18:46:00,Out
0055024,2025-01-31 08:24:00,In
0055024,2025-01-31 17:12:00,Out
0078657,2025-01-31 08:19:00,In
0078657,2025-01-31 17:03:00,Out
0748083,2025-01-31 09:14:00,In
0748083,2025-01-31 17:07:00,Out
0673615,2025-01-31 09:56:00,In
0673615,2025-01-31 18:41:00,Out
0193586,2025-01-31 07:17:00,In
0193586,2025-01-31 16:11:00,Out
0479911,2025-01-31 07:26:00,In
0479911,2025-01-31 17:05:00,Out
0084387,2025-01-31 08:16:00,In
0084387,2025-01-31 17:48:00,Out
0416428,2025-01-31 07:34:00,In
0416428,2025-01-31 16:49:00,Out
0511122,2025-01-31 09:46:00,In
0511122,2025-01-31 16:05:00,Out
0777956,2025-01-31 07:31:00,In
0777956,2025-01-31 17:25:00,Out
0462926,2025-01-31 08:39:00,In
0462926,2025-01-31 17:33:00,Out
0884652,2025-01-31 08:13:00,In
0884652,2025-01-31 16:27:00,Out
0185217,2025-02-01 08:53:00,In
0185217,2025-02-01 16:15:00,Out
0804447,2025-02-01 08:57:00,In
0804447,2025-02-01 16:49:00,Out
0813432,2025-02-01 09:34:00,In
0813432,2025-02-01 18:07:00,Out
0055024,2025-02-01 07:39:00,In
0055024,2025-02-01 16:12:00,Out
0078657,2025-02-01 08:35:00,In
0078657,2025-02-01 16:57:00,Out
0748083,2025-02-01 09:18:00,In
0748083,2025-02-01 18:00:00,Out
0673615,2025-02-01 08:18:00,In
0673615,2025-02-01 18:56:00,Out
0193586,2025-02-01 09:15:00,In
0193586,2025-02-01 18:59:00,Out
0479911,2025-02-01 08:43:00,In
0479911,2025-02-01 17:11:00,Out
0084387,2025-02-01 09:10:00,In
0084387,2025-02-01 17:40:00,Out
0416428,2025-02-01 07:28:00,In
0416428,2025-02-01 18:05:00,Out
0511122,2025-02-01 07:26:00,In
0511122,2025-02-01 16:44:00,Out
0777956,2025-02-01 08:33:00,In
0777956,2025-02-01 16:20:00,Out
0462926,2025-02-01 09:20:00,In
0462926,2025-02-01 18:20:00,Out
0884652,2025-02-01 09:20:00,In
0884652,2025-02-01 16:12:00,Out
0185217,2025-02-02 08:00:00,In
0185217,2025-02-02 17:13:00,Out
0804447,2025-02-02 07:52:00,In
0804447,2025-02-02 17:19:00,Out
0813432,2025-02-02 08:34:00,In
0813432,2025-02-02 17:55:00,Out
0055024,2025-02-02 07:04:00,In
0055024,2025-02-02 18:27:00,Out
0078657,2025-02-02 08:51:00,In
0078657,2025-02-02 16:16:00,Out
0748083,2025-02-02 08:40:00,In
0748083,2025-02-02 18:39:00,Out
0673615,2025-02-02 08:53:00,In
0673615,2025-02-02 16:26:00,Out
0193586,2025-02-02 08:27:00,In
0193586,2025-02-02 17:44:00,Out
0479911,2025-02-02 07:07:00,In
0479911,2025-02-02 18:22:00,Out
0084387,2025-02-02 09:57:00,In
0084387,2025-02-02 16:02:00,Out
0416428,2025-02-02 07:12:00,In
0416428,2025-02-02 16:57:00,Out
0511122,2025-02-02 07:25:00,In
0511122,2025-02-02 18:59:00,Out
0777956,2025-02-02 07:33:00,In
0777956,2025-02-02 17:42:00,Out
0462926,2025-02-02 09:11:00,In
0462926,2025-02-02 16:36:00,Out
0884652,2025-02-02 09:53:00,In
0884652,2025-02-02 17:24:00,Out
0185217,2025-02-03 09:04:00,In
0185217,2025-02-03 16:03:00,Out
0804447,2025-02-03 07:30:00,In
0804447,2025-02-03 17:13:00,Out
0813432,2025-02-03 08:33:00,In
0813432,2025-02-03 16:01:00,Out
0055024,2025-02-03 09:42:00,In
0055024,2025-02-03 16:56:00,Out
0078657,2025-02-03 08:23:00,In
0078657,2025-02-03 16:22:00,Out
0748083,2025-02-03 08:03:00,In
0748083,2025-02-03 17:00:00,Out
0673615,2025-02-03 08:23:00,In
0673615,2025-02-03 18:02:00,Out
0193586,2025-02-03 08:58:00,In
0193586,2025-02-03 17:35:00,Out
0479911,2025-02-03 09:57:00,In
0479911,2025-02-03 18:29:00,Out
0084387,2025-02-03 09:20:00,In
0084387,2025-02-03 16:29:00,Out
0416428,2025-02-03 08:00:00,In
0416428,2025-02-03 17:03:00,Out
0511122,2025-02-03 07:59:00,In
0511122,2025-02-03 18:11:00,Out
0777956,2025-02-03 07:02:00,In
0777956,2025-02-03 18:37:00,Out
0462926,2025-02-03 07:10:00,In
0462926,2025-02-03 17:20:00,Out
0884652,2025-02-03 08:24:00,In
0884652,2025-02-03 18:16:00,Out
0185217,2025-02-04 08:14:00,In
0185217,2025-02-04 18:13:00,Out
0804447,2025-02-04 08:28:00,In
0804447,2025-02-04 17:53:00,Out
0813432,2025-02-04 09:47:00,In
0813432,2025-02-04 17:51:00,Out
0055024,2025-02-04 09:17:00,In
0055024,2025-02-04 17:28:00,Out
0078657,2025-02-04 07:49:00,In
0078657,2025-02-04 16:48:00,Out
0748083,2025-02-04 09:00:00,In
0748083,2025-02-04 16:54:00,Out
0673615,2025-02-04 08:23:00,In
0673615,2025-02-04 17:36:00,Out
0193586,2025-02-04 08:41:00,In
0193586,2025-02-04 17:17:00,Out
0479911,2025-02-04 08:05:00,In
0479911,2025-02-04 17:44:00,Out
0084387,2025-02-04 08:13:00,In
0084387,2025-02-04 16:08:00,Out
0416428,2025-02-04 09:29:00,In
0416428,2025-02-04 17:53:00,Out
0511122,2025-02-04 08:10:00,In
0511122,2025-02-04 18:54:00,Out
0777956,2025-02-04 09:19:00,In
0777956,2025-02-04 16:41:00,Out
0462926,2025-02-04 09:19:00,In
0462926,2025-02-04 18:56:00,Out
0884652,2025-02-04 07:15:00,In
0884652,2025-02-04 17:47:00,Out
0185217,2025-02-05 09:28:00,In
0185217,2025-02-05 16:06:00,Out
0804447,2025-02-05 09:45:00,In
0804447,2025-02-05 18:53:00,Out
0813432,2025-02-05 08:55:00,In
0813432,2025-02-05 16:34:00,Out
0055024,2025-02-05 07:07:00,In
0055024,2025-02-05 16:44:00,Out
0078657,2025-02-05 08:31:00,In
0078657,2025-02-05 16:03:00,Out
0748083,2025-02-05 07:52:00,In
0748083,2025-02-05 17:59:00,Out
0673615,2025-02-05 09:15:00,In
0673615,2025-02-05 18:15:00,Out
0193586,2025-02-05 08:30:00,In
0193586,2025-02-05 18:48:00,Out
0479911,2025-02-05 09:19:00,In
0479911,2025-02-05 16:28:00,Out
0084387,2025-02-05 09:05:00,In
0084387,2025-02-05 16:30:00,Out
0416428,2025-02-05 09:19:00,In
0416428,2025-02-05 18:18:00,Out
0511122,2025-02-05 08:11:00,In
0511122,2025-02-05 18:24:00,Out
0777956,2025-02-05 09:16:00,In
0777956,2025-02-05 17:48:00,Out
0462926,2025-02-05 09:51:00,In
0462926,2025-02-05 17:01:00,Out
0884652,2025-02-05 08:26:00,In
0884652,2025-02-05 16:11:00,Out
0185217,2025-02-06 08:50:00,In
0185217,2025-02-06 17:19:00,Out
0804447,2025-02-06 09:10:00,In
0804447,2025-02-06 17:00:00,Out
0813432,2025-02-06 09:42:00,In
0813432,2025-02-06 17:59:00,Out
0055024,2025-02-06 07:20:00,In
0055024,2025-02-06 16:34:00,Out
0078657,2025-02-06 09:37:00,In
0078657,2025-02-06 16:03:00,Out
0748083,2025-02-06 08:17:00,In
0748083,2025-02-06 17:27:00,Out
0673615,2025-02-06 08:11:00,In
0673615,2025-02-06 17:41:00,Out
0193586,2025-02-06 07:20:00,In
0193586,2025-02-06 18:46:00,Out
0479911,2025-02-06 08:43:00,In
0479911,2025-02-06 18:09:00,Out
0084387,2025-02-06 07:55:00,In
0084387,2025-02-06 17:31:00,Out
0416428,2025-02-06 08:28:00,In
0416428,2025-02-06 17:20:00,Out
0511122,2025-02-06 08:39:00,In
0511122,2025-02-06 17:35:00,Out
0777956,2025-02-06 07:49:00,In
0777956,2025-02-06 18:13:00,Out
0462926,2025-02-06 08:22:00,In
0462926,2025-02-06 18:14:00,Out
0884652,2025-02-06 09:14:00,In
0884652,2025-02-06 17:14:00,Out
0185217,2025-02-07 07:33:00,In
0185217,2025-02-07 17:37:00,Out
0804447,2025-02-07 09:17:00,In
0804447,2025-02-07 16:57:00,Out
0813432,2025-02-07 09:13:00,In
0813432,2025-02-07 17:10:00,Out
0055024,2025-02-07 08:10:00,In
0055024,2025-02-07 18:02:00,Out
0078657,2025-02-07 07:59:00,In
0078657,2025-02-07 17:01:00,Out
0748083,2025-02-07 08:05:00,In
0748083,2025-02-07 16:15:00,Out
0673615,2025-02-07 09:48:00,In
0673615,2025-02-07 16:32:00,Out
0193586,2025-02-07 07:54:00,In
0193586,2025-02-07 17:49:00,Out
0479911,2025-02-07 09:37:00,In
0479911,2025-02-07 17:44:00,Out
0084387,2025-02-07 07:31:00,In
0084387,2025-02-07 18:11:00,Out
0416428,2025-02-07 08:18:00,In
0416428,2025-02-07 17:28:00,Out
0511122,2025-02-07 08:03:00,In
0511122,2025-02-07 16:57:00,Out
0777956,2025-02-07 07:36:00,In
0777956,2025-02-07 18:00:00,Out
0462926,2025-02-07 08:41:00,In
0462926,2025-02-07 18:39:00,Out
0884652,2025-02-07 08:38:00,In
0884652,2025-02-07 18:02:00,Out
0185217,2025-02-08 07:25:00,In
0185217,2025-02-08 18:21:00,Out
0804447,2025-02-08 09:55:00,In
0804447,2025-02-08 16:45:00,Out
0813432,2025-02-08 09:58:00,In
0813432,2025-02-08 16:22:00,Out
0055024,2025-02-08 09:27:00,In
0055024,2025-02-08 16:32:00,Out
0078657,2025-02-08 09:22:00,In
0078657,2025-02-08 17:20:00,Out
0748083,2025-02-08 09:13:00,In
0748083,2025-02-08 17:03:00,Out
0673615,2025-02-08 07:29:00,In
0673615,2025-02-08 18:05:00,Out
0193586,2025-02-08 08:28:00,In
0193586,2025-02-08 16:52:00,Out
0479911,2025-02-08 09:44:00,In
0479911,2025-02-08 18:05:00,Out
0084387,2025-02-08 08:28:00,In
0084387,2025-02-08 17:43:00,Out
0416428,2025-02-08 09:01:00,In
0416428,2025-02-08 18:49:00,Out
0511122,2025-02-08 08:31:00,In
0511122,2025-02-08 17:38:00,Out
0777956,2025-02-08 08:40:00,In
0777956,2025-02-08 17:48:00,Out
0462926,2025-02-08 09:37:00,In
0462926,2025-02-08 18:59:00,Out
0884652,2025-02-08 08:11:00,In
0884652,2025-02-08 17:13:00,Out
0185217,2025-02-09 09:11:00,In
0185217,2025-02-09 16:43:00,Out
0804447,2025-02-09 08:50:00,In
0804447,2025-02-09 17:21:00,Out
0813432,2025-02-09 08:01:00,In
0813432,2025-02-09 16:10:00,Out
0055024,2025-02-09 09:40:00,In
0055024,2025-02-09 18:05:00,Out
0078657,2025-02-09 08:01:00,In
0078657,2025-02-09 16:21:00,Out
0748083,2025-02-09 08:52:00,In
0748083,2025-02-09 17:17:00,Out
0673615,2025-02-09 07:22:00,In
0673615,2025-02-09 18:55:00,Out
0193586,2025-02-09 07:37:00,In
0193586,2025-02-09 16:59:00,Out
0479911,2025-02-09 09:48:00,In
0479911,2025-02-09 17:13:00,Out
0084387,2025-02-09 09:02:00,In
0084387,2025-02-09 16:15:00,Out
0416428,2025-02-09 09:32:00,In
0416428,2025-02-09 18:16:00,Out
0511122,2025-02-09 07:44:00,In
0511122,2025-02-09 17:49:00,Out
0777956,2025-02-09 08:50:00,In
0777956,2025-02-09 18:43:00,Out
0462926,2025-02-09 07:54:00,In
0462926,2025-02-09 18:00:00,Out
0884652,2025-02-09 09:20:00,In
0884652,2025-02-09 16:02:00,Out
0185217,2025-02-10 07:50:00,In
0185217,2025-02-10 17:32:00,Out
0804447,2025-02-10 08:53:00,In
0804447,2025-02-10 16:44:00,Out
0813432,2025-02-10 09:36:00,In
0813432,2025-02-10 18:23:00,Out
0055024,2025-02-10 09:07:00,In
0055024,2025-02-10 16:53:00,Out
0078657,2025-02-10 07:18:00,In
0078657,2025-02-10 16:13:00,Out
0748083,2025-02-10 07:49:00,In
0748083,2025-02-10 17:27:00,Out
0673615,2025-02-10 09:07:00,In
0673615,2025-02-10 16:15:00,Out
0193586,2025-02-10 07:14:00,In
0193586,2025-02-10 18:13:00,Out
0479911,2025-02-10 07:26:00,In
0479911,2025-02-10 17:53:00,Out
0084387,2025-02-10 08:57:00,In
0084387,2025-02-10 16:03:00,Out
0416428,2025-02-10 09:27:00,In
0416428,2025-02-10 17:00:00,Out
0511122,2025-02-10 09:45:00,In
0511122,2025-02-10 18:58:00,Out
0777956,2025-02-10 08:42:00,In
0777956,2025-02-10 17:38:00,Out
0462926,2025-02-10 07:34:00,In
0462926,2025-02-10 18:08:00,Out
0884652,2025-02-10 07:49:00,In
0884652,2025-02-10 17:59:00,Out
0185217,2025-02-11 07:35:00,In
0185217,2025-02-11 16:56:00,Out
0804447,2025-02-11 08:23:00,In
0804447,2025-02-11 18:21:00,Out
0813432,2025-02-11 07:28:00,In
0813432,2025-02-11 17:00:00,Out
0055024,2025-02-11 08:31:00,In
0055024,2025-02-11 16:57:00,Out
0078657,2025-02-11 08:01:00,In
0078657,2025-02-11 16:56:00,Out
0748083,2025-02-11 09:54:00,In
0748083,2025-02-11 17:26:00,Out
0673615,2025-02-11 08:06:00,In
0673615,2025-02-11 18:16:00,Out
0193586,2025-02-11 07:19:00,In
0193586,2025-02-11 16:44:00,Out
0479911,2025-02-11 07:51:00,In
0479911,2025-02-11 18:33:00,Out
0084387,2025-02-11 09:41:00,In
0084387,2025-02-11 17:44:00,Out
0416428,2025-02-11 09:28:00,In
0416428,2025-02-11 16:55:00,Out
0511122,2025-02-11 07:38:00,In
0511122,2025-02-11 17:35:00,Out
0777956,2025-02-11 08:03:00,In
0777956,2025-02-11 18:06:00,Out
0462926,2025-02-11 09:20:00,In
0462926,2025-02-11 17:33:00,Out
0884652,2025-02-11 07:46:00,In
0884652,2025-02-11 16:42:00,Out
0185217,2025-02-12 09:13:00,In
0185217,2025-02-12 16:01:00,Out
0804447,2025-02-12 08:56:00,In
0804447,2025-02-12 18:10:00,Out
0813432,2025-02-12 07:32:00,In
0813432,2025-02-12 17:25:00,Out
0055024,2025-02-12 07:42:00,In
0055024,2025-02-12 18:45:00,Out
0078657,2025-02-12 08:33:00,In
0078657,2025-02-12 18:57:00,Out
0748083,2025-02-12 09:29:00,In
0748083,2025-02-12 18:39:00,Out
0673615,2025-02-12 09:12:00,In
0673615,2025-02-12 17:33:00,Out
0193586,2025-02-12 09:17:00,In
0193586,2025-02-12 17:57:00,Out
0479911,2025-02-12 07:35:00,In
0479911,2025-02-12 16:13:00,Out
0084387,2025-02-12 09:18:00,In
0084387,2025-02-12 17:50:00,Out
0416428,2025-02-12 09:47:00,In
0416428,2025-02-12 16:44:00,Out
0511122,2025-02-12 08:47:00,In
0511122,2025-02-12 16:07:00,Out
0777956,2025-02-12 07:25:00,In
0777956,2025-02-12 18:28:00,Out
0462926,2025-02-12 08:04:00,In
0462926,2025-02-12 17:27:00,Out
0884652,2025-02-12 08:52:00,In
0884652,2025-02-12 17:38:00,Out
0185217,2025-02-13 09:29:00,In
0185217,2025-02-13 16:24:00,Out
0804447,2025-02-13 07:42:00,In
0804447,2025-02-13 17:34:00,Out
0813432,2025-02-13 07:35:00,In
0813432,2025-02-13 17:29:00,Out
0055024,2025-02-13 08:56:00,In
0055024,2025-02-13 18:13:00,Out
0078657,2025-02-13 08:14:00,In
0078657,2025-02-13 18:10:00,Out
0748083,2025-02-13 07:58:00,In
0748083,2025-02-13 16:17:00,Out
0673615,2025-02-13 07:41:00,In
0673615,2025-02-13 17:03:00,Out
0193586,2025-02-13 09:50:00,In
0193586,2025-02-13 18:30:00,Out
0479911,2025-02-13 08:13:00,In
0479911,2025-02-13 17:19:00,Out
0084387,2025-02-13 09:26:00,In
0084387,2025-02-13 16:44:00,Out
0416428,2025-02-13 07:21:00,In
0416428,2025-02-13 16:22:00,Out
0511122,2025-02-13 08:43:00,In
0511122,2025-02-13 16:03:00,Out
0777956,2025-02-13 09:46:00,In
0777956,2025-02-13 18:01:00,Out
0462926,2025-02-13 08:30:00,In
0462926,2025-02-13 18:03:00,Out
0884652,2025-02-13 09:44:00,In
0884652,2025-02-13 17:12:00,Out
0185217,2025-02-14 08:30:00,In
0185217,2025-02-14 16:13:00,Out
0804447,2025-02-14 08:30:00,In
0804447,2025-02-14 16:27:00,Out
0813432,2025-02-14 09:16:00,In
0813432,2025-02-14 18:34:00,Out
0055024,2025-02-14 08:14:00,In
0055024,2025-02-14 16:43:00,Out
0078657,2025-02-14 09:12:00,In
0078657,2025-02-14 17:46:00,Out
0748083,2025-02-14 07:32:00,In
0748083,2025-02-14 17:37:00,Out
0673615,2025-02-14 09:37:00,In
0673615,2025-02-14 16:05:00,Out
0193586,2025-02-14 09:00:00,In
0193586,2025-02-14 18:11:00,Out
0479911,2025-02-14 09:52:00,In
0479911,2025-02-14 17:32:00,Out
0084387,2025-02-14 08:05:00,In
0084387,2025-02-14 16:57:00,Out
0416428,2025-02-14 09:34:00,In
0416428,2025-02-14 17:00:00,Out
0511122,2025-02-14 08:37:00,In
0511122,2025-02-14 17:45:00,Out
0777956,2025-02-14 07:43:00,In
0777956,2025-02-14 18:22:00,Out
0462926,2025-02-14 09:19:00,In
0462926,2025-02-14 17:07:00,Out
0884652,2025-02-14 07:18:00,In
0884652,2025-02-14 17:46:00,Out
0185217,2025-02-15 07:19:00,In
0185217,2025-02-15 17:37:00,Out
0804447,2025-02-15 07:28:00,In
0804447,2025-02-15 18:21:00,Out
0813432,2025-02-15 09:11:00,In
0813432,2025-02-15 18:31:00,Out
0055024,2025-02-15 09:43:00,In
0055024,2025-02-15 17:42:00,Out
0078657,2025-02-15 08:58:00,In
0078657,2025-02-15 17:27:00,Out
0748083,2025-02-15 09:58:00,In
0748083,2025-02-15 17:32:00,Out
0673615,2025-02-15 08:15:00,In
0673615,2025-02-15 16:04:00,Out
0193586,2025-02-15 07:01:00,In
0193586,2025-02-15 16:27:00,Out
0479911,2025-02-15 07:42:00,In
0479911,2025-02-15 17:47:00,Out
0084387,2025-02-15 07:55:00,In
0084387,2025-02-15 17:51:00,Out
0416428,2025-02-15 07:48:00,In
0416428,2025-02-15 17:50:00,Out
0511122,2025-02-15 09:20:00,In
0511122,2025-02-15 18:14:00,Out
0777956,2025-02-15 07:26:00,In
0777956,2025-02-15 18:51:00,Out
0462926,2025-02-15 07:39:00,In
0462926,2025-02-15 17:35:00,Out
0884652,2025-02-15 08:36:00,In
0884652,2025-02-15 18:17:00,Out
0185217,2025-02-16 08:18:00,In
0185217,2025-02-16 16:18:00,Out
0804447,2025-02-16 07:59:00,In
0804447,2025-02-16 16:54:00,Out
0813432,2025-02-16 08:53:00,In
0813432,2025-02-16 17:04:00,Out
0055024,2025-02-16 09:31:00,In
0055024,2025-02-16 17:10:00,Out
0078657,2025-02-16 08:23:00,In
0078657,2025-02-16 16:16:00,Out
0748083,2025-02-16 07:51:00,In
0748083,2025-02-16 17:26:00,Out
0673615,2025-02-16 09:01:00,In
0673615,2025-02-16 17:30:00,Out
0193586,2025-02-16 07:47:00,In
0193586,2025-02-16 18:53:00,Out
0479911,2025-02-16 09:43:00,In
0479911,2025-02-16 16:29:00,Out
0084387,2025-02-16 09:04:00,In
0084387,2025-02-16 18:39:00,Out
0416428,2025-02-16 07:52:00,In
0416428,2025-02-16 17:42:00,Out
0511122,2025-02-16 09:18:00,In
0511122,2025-02-16 18:29:00,Out
0777956,2025-02-16 07:37:00,In
0777956,2025-02-16 18:15:00,Out
0462926,2025-02-16 09:01:00,In
0462926,2025-02-16 16:55:00,Out
0884652,2025-02-16 09:30:00,In
0884652,2025-02-16 17:57:00,Out
0185217,2025-02-17 08:46:00,In
0185217,2025-02-17 16:24:00,Out
0804447,2025-02-17 08:09:00,In
0804447,2025-02-17 16:13:00,Out
0813432,2025-02-17 08:54:00,In
0813432,2025-02-17 18:57:00,Out
0055024,2025-02-17 09:43:00,In
0055024,2025-02-17 18:40:00,Out
0078657,2025-02-17 07:19:00,In
0078657,2025-02-17 17:36:00,Out
0748083,2025-02-17 07:45:00,In
0748083,2025-02-17 17:31:00,Out
0673615,2025-02-17 07:05:00,In
0673615,2025-02-17 16:10:00,Out
0193586,2025-02-17 09:14:00,In
0193586,2025-02-17 18:16:00,Out
0479911,2025-02-17 08:31:00,In
0479911,2025-02-17 16:18:00,Out
0084387,2025-02-17 08:18:00,In
0084387,2025-02-17 16:37:00,Out
0416428,2025-02-17 09:04:00,In
0416428,2025-02-17 18:59:00,Out
0511122,2025-02-17 08:11:00,In
0511122,2025-02-17 16:35:00,Out
0777956,2025-02-17 08:04:00,In
0777956,2025-02-17 16:30:00,Out
0462926,2025-02-17 09:40:00,In
0462926,2025-02-17 16:28:00,Out
0884652,2025-02-17 08:21:00,In
0884652,2025-02-17 17:58:00,Out
0185217,2025-02-18 08:38:00,In
0185217,2025-02-18 16:34:00,Out
0804447,2025-02-18 09:39:00,In
0804447,2025-02-18 17:26:00,Out
0813432,2025-02-18 09:08:00,In
0813432,2025-02-18 17:35:00,Out
0055024,2025-02-18 08:05:00,In
0055024,2025-02-18 18:17:00,Out
0078657,2025-02-18 08:53:00,In
0078657,2025-02-18 18:33:00,Out
0748083,2025-02-18 09:35:00,In
0748083,2025-02-18 16:59:00,Out
0673615,2025-02-18 08:01:00,In
0673615,2025-02-18 17:14:00,Out
0193586,2025-02-18 08:42:00,In
0193586,2025-02-18 17:00:00,Out
0479911,2025-02-18 08:49:00,In
0479911,2025-02-18 17:53:00,Out
0084387,2025-02-18 07:39:00,In
0084387,2025-02-18 16:58:00,Out
0416428,2025-02-18 07:37:00,In
0416428,2025-02-18 16:43:00,Out
0511122,2025-02-18 09:42:00,In
0511122,2025-02-18 16:23:00,Out
0777956,2025-02-18 07:52:00,In
0777956,2025-02-18 16:55:00,Out
0462926,2025-02-18 07:02:00,In
0462926,2025-02-18 17:52:00,Out
0884652,2025-02-18 09:01:00,In
0884652,2025-02-18 18:59:00,Out
0185217,2025-02-19 08:31:00,In
0185217,2025-02-19 16:28:00,Out
0804447,2025-02-19 07:58:00,In
0804447,2025-02-19 17:22:00,Out
0813432,2025-02-19 09:56:00,In
0813432,2025-02-19 16:26:00,Out
0055024,2025-02-19 09:38:00,In
0055024,2025-02-19 16:14:00,Out
0078657,2025-02-19 08:46:00,In
0078657,2025-02-19 16:24:00,Out
0748083,2025-02-19 07:57:00,In
0748083,2025-02-19 16:06:00,Out
0673615,2025-02-19 08:43:00,In
0673615,2025-02-19 17:50:00,Out
0193586,2025-02-19 08:31:00,In
0193586,2025-02-19 18:33:00,Out
0479911,2025-02-19 09:10:00,In
0479911,2025-02-19 16:14:00,Out
0084387,2025-02-19 09:43:00,In
0084387,2025-02-19 18:24:00,Out
0416428,2025-02-19 07:23:00,In
0416428,2025-02-19 16:21:00,Out
0511122,2025-02-19 07:48:00,In
0511122,2025-02-19 18:27:00,Out
0777956,2025-02-19 07:10:00,In
0777956,2025-02-19 16:35:00,Out
0462926,2025-02-19 07:16:00,In
0462926,2025-02-19 16:26:00,Out
0884652,2025-02-19 09:04:00,In
0884652,2025-02-19 16:22:00,Out
0185217,2025-02-20 08:55:00,In
0185217,2025-02-20 18:18:00,Out
0804447,2025-02-20 07:32:00,In
0804447,2025-02-20 18:32:00,Out
0813432,2025-02-20 08:38:00,In
0813432,2025-02-20 18:35:00,Out
0055024,2025-02-20 09:15:00,In
0055024,2025-02-20 17:39:00,Out
0078657,2025-02-20 07:46:00,In
0078657,2025-02-20 16:50:00,Out
0748083,2025-02-20 08:31:00,In
0748083,2025-02-20 16:03:00,Out
0673615,2025-02-20 07:58:00,In
0673615,2025-02-20 18:36:00,Out
0193586,2025-02-20 09:06:00,In
0193586,2025-02-20 17:07:00,Out
0479911,2025-02-20 09:42:00,In
0479911,2025-02-20 18:18:00,Out
0084387,2025-02-20 09:14:00,In
0084387,2025-02-20 16:25:00,Out
0416428,2025-02-20 08:20:00,In
0416428,2025-02-20 16:30:00,Out
0511122,2025-02-20 09:49:00,In
0511122,2025-02-20 18:17:00,Out
0777956,2025-02-20 07:56:00,In
0777956,2025-02-20 16:30:00,Out
0462926,2025-02-20 07:10:00,In
0462926,2025-02-20 18:48:00,Out
0884652,2025-02-20 07:16:00,In
0884652,2025-02-20 17:44:00,Out
0185217,2025-02-21 08:36:00,In
0185217,2025-02-21 17:43:00,Out
0804447,2025-02-21 07:49:00,In
0804447,2025-02-21 16:28:00,Out
0813432,2025-02-21 09:53:00,In
0813432,2025-02-21 18:03:00,Out
0055024,2025-02-21 08:33:00,In
0055024,2025-02-21 16:06:00,Out
0078657,2025-02-21 08:31:00,In
0078657,2025-02-21 17:20:00,Out
0748083,2025-02-21 09:10:00,In
0748083,2025-02-21 16:39:00,Out
0673615,2025-02-21 09:30:00,In
0673615,2025-02-21 16:26:00,Out
0193586,2025-02-21 09:05:00,In
0193586,2025-02-21 17:34:00,Out
0479911,2025-02-21 07:22:00,In
0479911,2025-02-21 16:08:00,Out
0084387,2025-02-21 07:26:00,In
0084387,2025-02-21 16:18:00,Out
0416428,2025-02-21 07:58:00,In
0416428,2025-02-21 18:31:00,Out
0511122,2025-02-21 09:31:00,In
0511122,2025-02-21 17:35:00,Out
0777956,2025-02-21 07:57:00,In
0777956,2025-02-21 17:17:00,Out
0462926,2025-02-21 08:00:00,In
0462926,2025-02-21 17:09:00,Out
0884652,2025-02-21 07:15:00,In
0884652,2025-02-21 18:04:00,Out
0185217,2025-02-22 07:27:00,In
0185217,2025-02-22 16:24:00,Out
0804447,2025-02-22 09:15:00,In
0804447,2025-02-22 17:28:00,Out
0813432,2025-02-22 08:21:00,In
0813432,2025-02-22 17:43:00,Out
0055024,2025-02-22 08:35:00,In
0055024,2025-02-22 17:16:00,Out
0078657,2025-02-22 07:50:00,In
0078657,2025-02-22 18:56:00,Out
0748083,2025-02-22 07:04:00,In
0748083,2025-02-22 18:39:00,Out
0673615,2025-02-22 09:28:00,In
0673615,2025-02-22 17:53:00,Out
0193586,2025-02-22 08:41:00,In
0193586,2025-02-22 16:57:00,Out
0479911,2025-02-22 08:18:00,In
0479911,2025-02-22 16:42:00,Out
0084387,2025-02-22 07:04:00,In
0084387,2025-02-22 18:49:00,Out
0416428,2025-02-22 07:14:00,In
0416428,2025-02-22 17:46:00,Out
0511122,2025-02-22 09:15:00,In
0511122,2025-02-22 18:39:00,Out
0777956,2025-02-22 08:45:00,In
0777956,2025-02-22 16:41:00,Out
0462926,2025-02-22 08:08:00,In
0462926,2025-02-22 18:03:00,Out
0884652,2025-02-22 09:16:00,In
0884652,2025-02-22 17:14:00,Out
0185217,2025-02-23 09:48:00,In
0185217,2025-02-23 17:58:00,Out
0804447,2025-02-23 07:08:00,In
0804447,2025-02-23 16:38:00,Out
0813432,2025-02-23 07:06:00,In
0813432,2025-02-23 17:35:00,Out
0055024,2025-02-23 07:31:00,In
0055024,2025-02-23 17:27:00,Out
0078657,2025-02-23 09:20:00,In
0078657,2025-02-23 17:15:00,Out
0748083,2025-02-23 07:51:00,In
0748083,2025-02-23 18:31:00,Out
0673615,2025-02-23 09:26:00,In
0673615,2025-02-23 16:48:00,Out
0193586,2025-02-23 09:46:00,In
0193586,2025-02-23 18:58:00,Out
0479911,2025-02-23 09:47:00,In
0479911,2025-02-23 18:35:00,Out
0084387,2025-02-23 08:23:00,In
0084387,2025-02-23 18:40:00,Out
0416428,2025-02-23 09:07:00,In
0416428,2025-02-23 17:22:00,Out
0511122,2025-02-23 07:40:00,In
0511122,2025-02-23 17:06:00,Out
0777956,2025-02-23 07:18:00,In
0777956,2025-02-23 18:04:00,Out
0462926,2025-02-23 07:25:00,In
0462926,2025-02-23 17:41:00,Out
0884652,2025-02-23 08:22:00,In
0884652,2025-02-23 18:37:00,Out
0185217,2025-02-24 08:01:00,In
0185217,2025-02-24 16:49:00,Out
0804447,2025-02-24 08:09:00,In
0804447,2025-02-24 17:31:00,Out
0813432,2025-02-24 08:23:00,In
0813432,2025-02-24 17:21:00,Out
0055024,2025-02-24 08:20:00,In
0055024,2025-02-24 16:00:00,Out
0078657,2025-02-24 08:38:00,In
0078657,2025-02-24 16:49:00,Out
0748083,2025-02-24 08:29:00,In
0748083,2025-02-24 16:54:00,Out
0673615,2025-02-24 09:19:00,In
0673615,2025-02-24 16:53:00,Out
0193586,2025-02-24 08:40:00,In
0193586,2025-02-24 16:36:00,Out
0479911,2025-02-24 07:09:00,In
0479911,2025-02-24 16:31:00,Out
0084387,2025-02-24 08:50:00,In
0084387,2025-02-24 16:15:00,Out
0416428,2025-02-24 07:11:00,In
0416428,2025-02-24 17:52:00,Out
0511122,2025-02-24 09:33:00,In
0511122,2025-02-24 16:33:00,Out
0777956,2025-02-24 08:47:00,In
0777956,2025-02-24 16:35:00,Out
0462926,2025-02-24 07:09:00,In
0462926,2025-02-24 18:45:00,Out
0884652,2025-02-24 07:43:00,In
0884652,2025-02-24 18:08:00,Out
0185217,2025-02-25 09:23:00,In
0185217,2025-02-25 16:24:00,Out
0804447,2025-02-25 09:58:00,In
0804447,2025-02-25 18:00:00,Out
0813432,2025-02-25 09:11:00,In
0813432,2025-02-25 18:46:00,Out
0055024,2025-02-25 08:27:00,In
0055024,2025-02-25 16:26:00,Out
0078657,2025-02-25 07:09:00,In
0078657,2025-02-25 16:18:00,Out
0748083,2025-02-25 09:18:00,In
0748083,2025-02-25 16:16:00,Out
0673615,2025-02-25 08:10:00,In
0673615,2025-02-25 18:45:00,Out
0193586,2025-02-25 08:53:00,In
0193586,2025-02-25 17:23:00,Out
0479911,2025-02-25 07:58:00,In
0479911,2025-02-25 18:36:00,Out
0084387,2025-02-25 08:36:00,In
0084387,2025-02-25 18:36:00,Out
0416428,2025-02-25 07:11:00,In
0416428,2025-02-25 17:28:00,Out
0511122,2025-02-25 07:58:00,In
0511122,2025-02-25 16:58:00,Out
0777956,2025-02-25 09:05:00,In
0777956,2025-02-25 16:33:00,Out
0462926,2025-02-25 07:37:00,In
0462926,2025-02-25 17:17:00,Out
0884652,2025-02-25 09:13:00,In
0884652,2025-02-25 16:40:00,Out
0185217,2025-02-26 07:09:00,In
0185217,2025-02-26 17:30:00,Out
0804447,2025-02-26 08:54:00,In
0804447,2025-02-26 18:23:00,Out
0813432,2025-02-26 09:12:00,In
0813432,2025-02-26 17:23:00,Out
0055024,2025-02-26 09:31:00,In
0055024,2025-02-26 16:51:00,Out
0078657,2025-02-26 09:52:00,In
0078657,2025-02-26 17:12:00,Out
0748083,2025-02-26 07:23:00,In
0748083,2025-02-26 16:07:00,Out
0673615,2025-02-26 07:10:00,In
0673615,2025-02-26 18:28:00,Out
0193586,2025-02-26 09:48:00,In
0193586,2025-02-26 18:56:00,Out
0479911,2025-02-26 07:10:00,In
0479911,2025-02-26 17:04:00,Out
0084387,2025-02-26 07:00:00,In
0084387,2025-02-26 16:56:00,Out
0416428,2025-02-26 07:01:00,In
0416428,2025-02-26 16:28:00,Out
0511122,2025-02-26 09:06:00,In
0511122,2025-02-26 16:25:00,Out
0777956,2025-02-26 09:42:00,In
0777956,2025-02-26 16:50:00,Out
0462926,2025-02-26 07:38:00,In
0462926,2025-02-26 18:38:00,Out
0884652,2025-02-26 07:31:00,In
0884652,2025-02-26 16:30:00,Out
0185217,2025-02-27 08:35:00,In
0185217,2025-02-27 17:16:00,Out
0804447,2025-02-27 07:47:00,In
0804447,2025-02-27 16:45:00,Out
0813432,2025-02-27 08:55:00,In
0813432,2025-02-27 17:59:00,Out
0055024,2025-02-27 09:00:00,In
0055024,2025-02-27 16:16:00,Out
0078657,2025-02-27 09:31:00,In
0078657,2025-02-27 17:03:00,Out
0748083,2025-02-27 07:27:00,In
0748083,2025-02-27 16:11:00,Out
0673615,2025-02-27 07:41:00,In
0673615,2025-02-27 17:30:00,Out
0193586,2025-02-27 07:50:00,In
0193586,2025-02-27 18:31:00,Out
0479911,2025-02-27 07:37:00,In
0479911,2025-02-27 16:48:00,Out
0084387,2025-02-27 07:43:00,In
0084387,2025-02-27 18:36:00,Out
0416428,2025-02-27 09:37:00,In
0416428,2025-02-27 18:56:00,Out
0511122,2025-02-27 08:28:00,In
0511122,2025-02-27 16:27:00,Out
0777956,2025-02-27 07:17:00,In
0777956,2025-02-27 16:39:00,Out
0462926,2025-02-27 08:36:00,In
0462926,2025-02-27 18:59:00,Out
0884652,2025-02-27 08:41:00,In
0884652,2025-02-27 18:00:00,Out
0185217,2025-02-28 07:30:00,In
0185217,2025-02-28 16:24:00,Out
0804447,2025-02-28 09:15:00,In
0804447,2025-02-28 18:47:00,Out
0813432,2025-02-28 08:55:00,In
0813432,2025-02-28 16:01:00,Out
0055024,2025-02-28 09:15:00,In
0055024,2025-02-28 17:09:00,Out
0078657,2025-02-28 09:41:00,In
0078657,2025-02-28 16:31:00,Out
0748083,2025-02-28 09:07:00,In
0748083,2025-02-28 18:13:00,Out
0673615,2025-02-28 09:37:00,In
0673615,2025-02-28 18:33:00,Out
0193586,2025-02-28 07:34:00,In
0193586,2025-02-28 17:41:00,Out
0479911,2025-02-28 07:56:00,In
0479911,2025-02-28 16:23:00,Out
0084387,2025-02-28 07:38:00,In
0084387,2025-02-28 17:07:00,Out
0416428,2025-02-28 08:23:00,In
0416428,2025-02-28 17:10:00,Out
0511122,2025-02-28 09:37:00,In
0511122,2025-02-28 17:09:00,Out
0777956,2025-02-28 09:55:00,In
0777956,2025-02-28 17:28:00,Out
0462926,2025-02-28 09:22:00,In
0462926,2025-02-28 17:38:00,Out
0884652,2025-02-28 07:07:00,In
0884652,2025-02-28 16:02:00,Out
0185217,2025-03-01 07:52:00,In
0185217,2025-03-01 18:28:00,Out
0804447,2025-03-01 08:56:00,In
0804447,2025-03-01 17:07:00,Out
0813432,2025-03-01 07:36:00,In
0813432,2025-03-01 18:32:00,Out
0055024,2025-03-01 07:56:00,In
0055024,2025-03-01 16:47:00,Out
0078657,2025-03-01 09:45:00,In
0078657,2025-03-01 17:54:00,Out
0748083,2025-03-01 07:48:00,In
0748083,2025-03-01 18:13:00,Out
0673615,2025-03-01 07:55:00,In
0673615,2025-03-01 18:25:00,Out
0193586,2025-03-01 07:12:00,In
0193586,2025-03-01 18:18:00,Out
0479911,2025-03-01 08:29:00,In
0479911,2025-03-01 17:14:00,Out
0084387,2025-03-01 07:18:00,In
0084387,2025-03-01 16:19:00,Out
0416428,2025-03-01 08:11:00,In
0416428,2025-03-01 18:35:00,Out
0511122,2025-03-01 07:16:00,In
0511122,2025-03-01 17:45:00,Out
0777956,2025-03-01 08:25:00,In
0777956,2025-03-01 16:29:00,Out
0462926,2025-03-01 07:19:00,In
0462926,2025-03-01 17:02:00,Out
0884652,2025-03-01 08:49:00,In
0884652,2025-03-01 18:30:00,Out
0185217,2025-03-02 09:36:00,In
0185217,2025-03-02 17:14:00,Out
0804447,2025-03-02 09:54:00,In
0804447,2025-03-02 16:34:00,Out
0813432,2025-03-02 07:53:00,In
0813432,2025-03-02 16:09:00,Out
0055024,2025-03-02 09:12:00,In
0055024,2025-03-02 16:09:00,Out
0078657,2025-03-02 09:52:00,In
0078657,2025-03-02 16:53:00,Out
0748083,2025-03-02 07:19:00,In
0748083,2025-03-02 17:38:00,Out
0673615,2025-03-02 09:21:00,In
0673615,2025-03-02 18:36:00,Out
0193586,2025-03-02 07:36:00,In
0193586,2025-03-02 18:10:00,Out
0479911,2025-03-02 07:18:00,In
0479911,2025-03-02 18:04:00,Out
0084387,2025-03-02 09:26:00,In
0084387,2025-03-02 16:39:00,Out
0416428,2025-03-02 08:53:00,In
0416428,2025-03-02 18:33:00,Out
0511122,2025-03-02 09:51:00,In
0511122,2025-03-02 18:27:00,Out
0777956,2025-03-02 07:33:00,In
0777956,2025-03-02 16:34:00,Out
0462926,2025-03-02 09:27:00,In
0462926,2025-03-02 16:15:00,Out
0884652,2025-03-02 07:36:00,In
0884652,2025-03-02 16:59:00,Out
0185217,2025-03-03 07:02:00,In
0185217,2025-03-03 17:12:00,Out
0804447,2025-03-03 08:34:00,In
0804447,2025-03-03 18:46:00,Out
0813432,2025-03-03 09:52:00,In
0813432,2025-03-03 16:37:00,Out
0055024,2025-03-03 09:10:00,In
0055024,2025-03-03 17:56:00,Out
0078657,2025-03-03 08:06:00,In
0078657,2025-03-03 17:51:00,Out
0748083,2025-03-03 08:28:00,In
0748083,2025-03-03 16:30:00,Out
0673615,2025-03-03 07:31:00,In
0673615,2025-03-03 17:01:00,Out
0193586,2025-03-03 07:39:00,In
0193586,2025-03-03 18:56:00,Out
0479911,2025-03-03 07:18:00,In
0479911,2025-03-03 17:32:00,Out
0084387,2025-03-03 07:33:00,In
0084387,2025-03-03 16:02:00,Out
0416428,2025-03-03 08:20:00,In
0416428,2025-03-03 16:03:00,Out
0511122,2025-03-03 07:23:00,In
0511122,2025-03-03 17:46:00,Out
0777956,2025-03-03 07:24:00,In
0777956,2025-03-03 17:01:00,Out
0462926,2025-03-03 07:11:00,In
0462926,2025-03-03 16:00:00,Out
0884652,2025-03-03 09:24:00,In
0884652,2025-03-03 16:50:00,Out
0185217,2025-03-04 07:51:00,In
0185217,2025-03-04 16:12:00,Out
0804447,2025-03-04 07:46:00,In
0804447,2025-03-04 17:32:00,Out
0813432,2025-03-04 09:44:00,In
0813432,2025-03-04 18:29:00,Out
0055024,2025-03-04 07:08:00,In
0055024,2025-03-04 17:23:00,Out
0078657,2025-03-04 08:50:00,In
0078657,2025-03-04 17:25:00,Out
0748083,2025-03-04 09:20:00,In
0748083,2025-03-04 16:37:00,Out
0673615,2025-03-04 09:15:00,In
0673615,2025-03-04 17:14:00,Out
0193586,2025-03-04 08:48:00,In
0193586,2025-03-04 16:48:00,Out
0479911,2025-03-04 07:06:00,In
0479911,2025-03-04 16:14:00,Out
0084387,2025-03-04 07:45:00,In
0084387,2025-03-04 18:16:00,Out
0416428,2025-03-04 07:21:00,In
0416428,2025-03-04 16:22:00,Out
0511122,2025-03-04 09:54:00,In
0511122,2025-03-04 17:06:00,Out
0777956,2025-03-04 08:48:00,In
0777956,2025-03-04 18:52:00,Out
0462926,2025-03-04 08:22:00,In
0462926,2025-03-04 18:38:00,Out
0884652,2025-03-04 09:17:00,In
0884652,2025-03-04 17:14:00,Out
0185217,2025-03-05 08:01:00,In
0185217,2025-03-05 16:53:00,Out
0804447,2025-03-05 08:17:00,In
0804447,2025-03-05 17:24:00,Out
0813432,2025-03-05 08:45:00,In
0813432,2025-03-05 18:44:00,Out
0055024,2025-03-05 07:26:00,In
0055024,2025-03-05 18:58:00,Out
0078657,2025-03-05 09:44:00,In
0078657,2025-03-05 17:05:00,Out
0748083,2025-03-05 07:17:00,In
0748083,2025-03-05 16:25:00,Out
0673615,2025-03-05 08:59:00,In
0673615,2025-03-05 17:57:00,Out
0193586,2025-03-05 09:10:00,In
0193586,2025-03-05 18:47:00,Out
0479911,2025-03-05 09:59:00,In
0479911,2025-03-05 17:10:00,Out
0084387,2025-03-05 08:47:00,In
0084387,2025-03-05 17:33:00,Out
0416428,2025-03-05 09:31:00,In
0416428,2025-03-05 18:20:00,Out
0511122,2025-03-05 07:33:00,In
0511122,2025-03-05 18:48:00,Out
0777956,2025-03-05 07:07:00,In
0777956,2025-03-05 17:30:00,Out
0462926,2025-03-05 08:52:00,In
0462926,2025-03-05 16:25:00,Out
0884652,2025-03-05 08:20:00,In
0884652,2025-03-05 16:07:00,Out
0185217,2025-03-06 08:13:00,In
0185217,2025-03-06 17:36:00,Out
0804447,2025-03-06 09:34:00,In
0804447,2025-03-06 18:59:00,Out
0813432,2025-03-06 07:14:00,In
0813432,2025-03-06 18:29:00,Out
0055024,2025-03-06 07:54:00,In
0055024,2025-03-06 18:07:00,Out
0078657,2025-03-06 07:17:00,In
0078657,2025-03-06 18:26:00,Out
0748083,2025-03-06 09:08:00,In
0748083,2025-03-06 16:31:00,Out
0673615,2025-03-06 08:56:00,In
0673615,2025-03-06 18:09:00,Out
0193586,2025-03-06 09:16:00,In
0193586,2025-03-06 18:13:00,Out
0479911,2025-03-06 08:39:00,In
0479911,2025-03-06 17:07:00,Out
0084387,2025-03-06 09:42:00,In
0084387,2025-03-06 18:54:00,Out
0416428,2025-03-06 09:28:00,In
0416428,2025-03-06 18:00:00,Out
0511122,2025-03-06 09:41:00,In
0511122,2025-03-06 16:14:00,Out
0777956,2025-03-06 07:05:00,In
0777956,2025-03-06 17:20:00,Out
0462926,2025-03-06 08:14:00,In
0462926,2025-03-06 17:59:00,Out
0884652,2025-03-06 09:21:00,In
0884652,2025-03-06 16:55:00,Out
0185217,2025-03-07 07:34:00,In
0185217,2025-03-07 16:06:00,Out
0804447,2025-03-07 09:37:00,In
0804447,2025-03-07 16:13:00,Out
0813432,2025-03-07 09:46:00,In
0813432,2025-03-07 17:32:00,Out
0055024,2025-03-07 07:10:00,In
0055024,2025-03-07 16:35:00,Out
0078657,2025-03-07 07:04:00,In
0078657,2025-03-07 17:09:00,Out
0748083,2025-03-07 07:26:00,In
0748083,2025-03-07 16:03:00,Out
0673615,2025-03-07 08:19:00,In
0673615,2025-03-07 17:43:00,Out
0193586,2025-03-07 08:35:00,In
0193586,2025-03-07 16:13:00,Out
0479911,2025-03-07 08:59:00,In
0479911,2025-03-07 17:27:00,Out
0084387,2025-03-07 07:49:00,In
0084387,2025-03-07 18:18:00,Out
0416428,2025-03-07 09:43:00,In
0416428,2025-03-07 16:33:00,Out
0511122,2025-03-07 08:59:00,In
0511122,2025-03-07 16:54:00,Out
0777956,2025-03-07 07:11:00,In
0777956,2025-03-07 18:20:00,Out
0462926,2025-03-07 08:42:00,In
0462926,2025-03-07 16:05:00,Out
0884652,2025-03-07 09:22:00,In
0884652,2025-03-07 16:58:00,Out
0185217,2025-03-08 09:43:00,In
0185217,2025-03-08 16:44:00,Out
0804447,2025-03-08 09:11:00,In
0804447,2025-03-08 17:13:00,Out
0813432,2025-03-08 09:55:00,In
0813432,2025-03-08 16:26:00,Out
0055024,2025-03-08 07:39:00,In
0055024,2025-03-08 16:29:00,Out
0078657,2025-03-08 07:11:00,In
0078657,2025-03-08 18:32:00,Out
0748083,2025-03-08 07:33:00,In
0748083,2025-03-08 18:50:00,Out
0673615,2025-03-08 09:38:00,In
0673615,2025-03-08 18:01:00,Out
0193586,2025-03-08 09:47:00,In
0193586,2025-03-08 17:27:00,Out
0479911,2025-03-08 07:32:00,In
0479911,2025-03-08 17:24:00,Out
0084387,2025-03-08 07:52:00,In
0084387,2025-03-08 17:58:00,Out
0416428,2025-03-08 08:57:00,In
0416428,2025-03-08 18:31:00,Out
0511122,2025-03-08 07:18:00,In
0511122,2025-03-08 17:23:00,Out
0777956,2025-03-08 09:02:00,In
0777956,2025-03-08 18:47:00,Out
0462926,2025-03-08 08:47:00,In
0462926,2025-03-08 18:23:00,Out
0884652,2025-03-08 07:52:00,In
0884652,2025-03-08 17:22:00,Out
0185217,2025-03-09 07:27:00,In
0185217,2025-03-09 17:17:00,Out
0804447,2025-03-09 09:27:00,In
0804447,2025-03-09 17:42:00,Out
0813432,2025-03-09 08:58:00,In
0813432,2025-03-09 17:40:00,Out
0055024,2025-03-09 08:01:00,In
0055024,2025-03-09 16:42:00,Out
0078657,2025-03-09 08:08:00,In
0078657,2025-03-09 17:07:00,Out
0748083,2025-03-09 08:29:00,In
0748083,2025-03-09 17:46:00,Out
0673615,2025-03-09 07:30:00,In
0673615,2025-03-09 17:04:00,Out
0193586,2025-03-09 09:12:00,In
0193586,2025-03-09 17:49:00,Out
0479911,2025-03-09 07:02:00,In
0479911,2025-03-09 18:14:00,Out
0084387,2025-03-09 08:18:00,In
0084387,2025-03-09 17:05:00,Out
0416428,2025-03-09 08:33:00,In
0416428,2025-03-09 16:20:00,Out
0511122,2025-03-09 08:58:00,In
0511122,2025-03-09 18:59:00,Out
0777956,2025-03-09 07:11:00,In
0777956,2025-03-09 18:14:00,Out
0462926,2025-03-09 08:38:00,In
0462926,2025-03-09 16:08:00,Out
0884652,2025-03-09 08:36:00,In
0884652,2025-03-09 18:35:00,Out
0185217,2025-03-10 09:03:00,In
0185217,2025-03-10 18:25:00,Out
0804447,2025-03-10 09:59:00,In
0804447,2025-03-10 16:52:00,Out
0813432,2025-03-10 07:04:00,In
0813432,2025-03-10 16:34:00,Out
0055024,2025-03-10 08:42:00,In
0055024,2025-03-10 18:34:00,Out
0078657,2025-03-10 09:42:00,In
0078657,2025-03-10 17:32:00,Out
0748083,2025-03-10 08:36:00,In
0748083,2025-03-10 17:56:00,Out
0673615,2025-03-10 08:56:00,In
0673615,2025-03-10 17:00:00,Out
0193586,2025-03-10 07:33:00,In
0193586,2025-03-10 16:16:00,Out
0479911,2025-03-10 08:10:00,In
0479911,2025-03-10 18:27:00,Out
0084387,2025-03-10 07:55:00,In
0084387,2025-03-10 16:19:00,Out
0416428,2025-03-10 09:11:00,In
0416428,2025-03-10 18:35:00,Out
0511122,2025-03-10 07:52:00,In
0511122,2025-03-10 18:20:00,Out
0777956,2025-03-10 09:30:00,In
0777956,2025-03-10 17:31:00,Out
0462926,2025-03-10 07:15:00,In
0462926,2025-03-10 16:56:00,Out
0884652,2025-03-10 07:09:00,In
0884652,2025-03-10 18:31:00,Out
0185217,2025-03-11 08:25:00,In
0185217,2025-03-11 18:14:00,Out
0804447,2025-03-11 07:06:00,In
0804447,2025-03-11 16:00:00,Out
0813432,2025-03-11 07:37:00,In
0813432,2025-03-11 18:42:00,Out
0055024,2025-03-11 09:17:00,In
0055024,2025-03-11 16:20:00,Out
0078657,2025-03-11 07:00:00,In
0078657,2025-03-11 16:49:00,Out
0748083,2025-03-11 09:41:00,In
0748083,2025-03-11 17:10:00,Out
0673615,2025-03-11 09:52:00,In
0673615,2025-03-11 18:51:00,Out
0193586,2025-03-11 07:27:00,In
0193586,2025-03-11 16:36:00,Out
0479911,2025-03-11 08:17:00,In
0479911,2025-03-11 17:05:00,Out
0084387,2025-03-11 07:09:00,In
0084387,2025-03-11 18:42:00,Out
0416428,2025-03-11 07:09:00,In
0416428,2025-03-11 18:08:00,Out
0511122,2025-03-11 07:38:00,In
0511122,2025-03-11 16:04:00,Out
0777956,2025-03-11 07:00:00,In
0777956,2025-03-11 18:06:00,Out
0462926,2025-03-11 09:37:00,In
0462926,2025-03-11 16:09:00,Out
0884652,2025-03-11 07:14:00,In
0884652,2025-03-11 17:03:00,Out
0185217,2025-03-12 07:01:00,In
0185217,2025-03-12 16:32:00,Out
0804447,2025-03-12 08:36:00,In
0804447,2025-03-12 17:04:00,Out
0813432,2025-03-12 09:31:00,In
0813432,2025-03-12 16:43:00,Out
0055024,2025-03-12 08:17:00,In
0055024,2025-03-12 18:43:00,Out
0078657,2025-03-12 08:57:00,In
0078657,2025-03-12 16:43:00,Out
0748083,2025-03-12 09:06:00,In
0748083,2025-03-12 18:20:00,Out
0673615,2025-03-12 08:15:00,In
0673615,2025-03-12 18:04:00,Out
0193586,2025-03-12 07:06:00,In
0193586,2025-03-12 16:28:00,Out
0479911,2025-03-12 09:56:00,In
0479911,2025-03-12 17:58:00,Out
0084387,2025-03-12 08:06:00,In
0084387,2025-03-12 16:39:00,Out
0416428,2025-03-12 09:28:00,In
0416428,2025-03-12 18:38:00,Out
0511122,2025-03-12 07:09:00,In
0511122,2025-03-12 16:48:00,Out
0777956,2025-03-12 09:27:00,In
0777956,2025-03-12 16:17:00,Out
0462926,2025-03-12 08:38:00,In
0462926,2025-03-12 17:54:00,Out
0884652,2025-03-12 07:56:00,In
0884652,2025-03-12 18:06:00,Out
0185217,2025-03-13 08:30:00,In
0185217,2025-03-13 16:22:00,Out
0804447,2025-03-13 07:23:00,In
0804447,2025-03-13 17:37:00,Out
0813432,2025-03-13 07:19:00,In
0813432,2025-03-13 17:16:00,Out
0055024,2025-03-13 08:33:00,In
0055024,2025-03-13 18:33:00,Out
0078657,2025-03-13 07:09:00,In
0078657,2025-03-13 16:31:00,Out
0748083,2025-03-13 07:41:00,In
0748083,2025-03-13 18:22:00,Out
0673615,2025-03-13 09:02:00,In
0673615,2025-03-13 18:29:00,Out
0193586,2025-03-13 08:51:00,In
0193586,2025-03-13 18:26:00,Out
0479911,2025-03-13 08:40:00,In
0479911,2025-03-13 18:22:00,Out
0084387,2025-03-13 09:40:00,In
0084387,2025-03-13 16:58:00,Out
0416428,2025-03-13 07:21:00,In
0416428,2025-03-13 17:06:00,Out
0511122,2025-03-13 08:02:00,In
0511122,2025-03-13 17:15:00,Out
0777956,2025-03-13 08:01:00,In
0777956,2025-03-13 18:42:00,Out
0462926,2025-03-13 08:39:00,In
0462926,2025-03-13 16:39:00,Out
0884652,2025-03-13 07:20:00,In
0884652,2025-03-13 18:09:00,Out
0185217,2025-03-14 08:08:00,In
0185217,2025-03-14 16:46:00,Out
0804447,2025-03-14 07:39:00,In
0804447,2025-03-14 18:38:00,Out
0813432,2025-03-14 07:22:00,In
0813432,2025-03-14 18:31:00,Out
0055024,2025-03-14 08:36:00,In
0055024,2025-03-14 17:26:00,Out
0078657,2025-03-14 08:52:00,In
0078657,2025-03-14 16:35:00,Out
0748083,2025-03-14 07:29:00,In
0748083,2025-03-14 16:57:00,Out
0673615,2025-03-14 07:19:00,In
0673615,2025-03-14 18:17:00,Out
0193586,2025-03-14 09:02:00,In
0193586,2025-03-14 17:44:00,Out
0479911,2025-03-14 08:31:00,In
0479911,2025-03-14 16:22:00,Out
0084387,2025-03-14 07:15:00,In
0084387,2025-03-14 17:22:00,Out
0416428,2025-03-14 08:09:00,In
0416428,2025-03-14 16:17:00,Out
0511122,2025-03-14 07:27:00,In
0511122,2025-03-14 16:00:00,Out
0777956,2025-03-14 07:24:00,In
0777956,2025-03-14 16:25:00,Out
0462926,2025-03-14 08:27:00,In
0462926,2025-03-14 16:54:00,Out
0884652,2025-03-14 08:28:00,In
0884652,2025-03-14 18:57:00,Out
0185217,2025-03-15 07:32:00,In
0185217,2025-03-15 16:42:00,Out
0804447,2025-03-15 07:25:00,In
0804447,2025-03-15 17:19:00,Out
0813432,2025-03-15 09:35:00,In
0813432,2025-03-15 16:03:00,Out
0055024,2025-03-15 07:54:00,In
0055024,2025-03-15 18:57:00,Out
0078657,2025-03-15 09:12:00,In
0078657,2025-03-15 18:46:00,Out
0748083,2025-03-15 08:04:00,In
0748083,2025-03-15 16:38:00,Out
0673615,2025-03-15 08:57:00,In
0673615,2025-03-15 17:54:00,Out
0193586,2025-03-15 07:37:00,In
0193586,2025-03-15 16:35:00,Out
0479911,2025-03-15 07:46:00,In
0479911,2025-03-15 18:05:00,Out
0084387,2025-03-15 09:42:00,In
0084387,2025-03-15 18:16:00,Out
0416428,2025-03-15 07:32:00,In
0416428,2025-03-15 17:46:00,Out
0511122,2025-03-15 09:32:00,In
0511122,2025-03-15 17:44:00,Out
0777956,2025-03-15 09:07:00,In
0777956,2025-03-15 18:52:00,Out
0462926,2025-03-15 09:12:00,In
0462926,2025-03-15 16:55:00,Out
0884652,2025-03-15 08:54:00,In
0884652,2025-03-15 16:37:00,Out
0185217,2025-03-16 08:29:00,In
0185217,2025-03-16 18:30:00,Out
0804447,2025-03-16 08:54:00,In
0804447,2025-03-16 17:45:00,Out
0813432,2025-03-16 09:49:00,In
0813432,2025-03-16 17:07:00,Out
0055024,2025-03-16 07:02:00,In
0055024,2025-03-16 17:38:00,Out
0078657,2025-03-16 09:45:00,In
0078657,2025-03-16 16:24:00,Out
0748083,2025-03-16 08:03:00,In
0748083,2025-03-16 18:04:00,Out
0673615,2025-03-16 09:06:00,In
0673615,2025-03-16 18:15:00,Out
0193586,2025-03-16 08:58:00,In
0193586,2025-03-16 17:18:00,Out
0479911,2025-03-16 07:50:00,In
0479911,2025-03-16 17:32:00,Out
0084387,2025-03-16 07:18:00,In
0084387,2025-03-16 17:45:00,Out
0416428,2025-03-16 07:58:00,In
0416428,2025-03-16 18:59:00,Out
0511122,2025-03-16 07:10:00,In
0511122,2025-03-16 17:58:00,Out
0777956,2025-03-16 08:24:00,In
0777956,2025-03-16 16:21:00,Out
0462926,2025-03-16 07:57:00,In
0462926,2025-03-16 16:40:00,Out
0884652,2025-03-16 08:02:00,In
0884652,2025-03-16 16:27:00,Out
0185217,2025-03-17 07:46:00,In
0185217,2025-03-17 18:35:00,Out
0804447,2025-03-17 08:29:00,In
0804447,2025-03-17 17:58:00,Out
0813432,2025-03-17 08:16:00,In
0813432,2025-03-17 16:53:00,Out
0055024,2025-03-17 08:38:00,In
0055024,2025-03-17 17:18:00,Out
0078657,2025-03-17 07:12:00,In
0078657,2025-03-17 17:39:00,Out
0748083,2025-03-17 09:29:00,In
0748083,2025-03-17 18:19:00,Out
0673615,2025-03-17 07:40:00,In
0673615,2025-03-17 17:41:00,Out
0193586,2025-03-17 07:40:00,In
0193586,2025-03-17 16:17:00,Out
0479911,2025-03-17 07:50:00,In
0479911,2025-03-17 17:15:00,Out
0084387,2025-03-17 07:49:00,In
0084387,2025-03-17 16:23:00,Out
0416428,2025-03-17 07:32:00,In
0416428,2025-03-17 17:41:00,Out
0511122,2025-03-17 09:26:00,In
0511122,2025-03-17 16:02:00,Out
0777956,2025-03-17 09:52:00,In
0777956,2025-03-17 17:01:00,Out
0462926,2025-03-17 09:10:00,In
0462926,2025-03-17 16:45:00,Out
0884652,2025-03-17 09:25:00,In
0884652,2025-03-17 18:47:00,Out
0185217,2025-03-18 09:33:00,In
0185217,2025-03-18 17:53:00,Out
0804447,2025-03-18 09:05:00,In
0804447,2025-03-18 17:00:00,Out
0813432,2025-03-18 07:53:00,In
0813432,2025-03-18 17:54:00,Out
0055024,2025-03-18 09:07:00,In
0055024,2025-03-18 18:33:00,Out
0078657,2025-03-18 09:36:00,In
0078657,2025-03-18 18:47:00,Out
0748083,2025-03-18 07:01:00,In
0748083,2025-03-18 18:44:00,Out
0673615,2025-03-18 07:32:00,In
0673615,2025-03-18 16:24:00,Out
0193586,2025-03-18 09:25:00,In
0193586,2025-03-18 16:45:00,Out
0479911,2025-03-18 09:42:00,In
0479911,2025-03-18 18:03:00,Out
0084387,2025-03-18 07:14:00,In
0084387,2025-03-18 18:39:00,Out
0416428,2025-03-18 07:04:00,In
0416428,2025-03-18 18:56:00,Out
0511122,2025-03-18 07:11:00,In
0511122,2025-03-18 18:38:00,Out
0777956,2025-03-18 09:16:00,In
0777956,2025-03-18 17:14:00,Out
0462926,2025-03-18 08:22:00,In
0462926,2025-03-18 17:37:00,Out
0884652,2025-03-18 07:11:00,In
0884652,2025-03-18 17:16:00,Out
0185217,2025-03-19 07:24:00,In
0185217,2025-03-19 17:26:00,Out
0804447,2025-03-19 08:37:00,In
0804447,2025-03-19 17:42:00,Out
0813432,2025-03-19 09:15:00,In
0813432,2025-03-19 16:18:00,Out
0055024,2025-03-19 08:01:00,In
0055024,2025-03-19 18:41:00,Out
0078657,2025-03-19 08:14:00,In
0078657,2025-03-19 17:22:00,Out
0748083,2025-03-19 09:22:00,In
0748083,2025-03-19 16:54:00,Out
0673615,2025-03-19 08:40:00,In
0673615,2025-03-19 18:55:00,Out
0193586,2025-03-19 08:08:00,In
0193586,2025-03-19 16:07:00,Out
0479911,2025-03-19 09:12:00,In
0479911,2025-03-19 16:37:00,Out
0084387,2025-03-19 08:00:00,In
0084387,2025-03-19 18:38:00,Out
0416428,2025-03-19 09:04:00,In
0416428,2025-03-19 17:51:00,Out
0511122,2025-03-19 09:53:00,In
0511122,2025-03-19 17:45:00,Out
0777956,2025-03-19 09:37:00,In
0777956,2025-03-19 18:40:00,Out
0462926,2025-03-19 09:50:00,In
0462926,2025-03-19 18:40:00,Out
0884652,2025-03-19 08:22:00,In
0884652,2025-03-19 17:31:00,Out
0185217,2025-03-20 07:20:00,In
0185217,2025-03-20 16:40:00,Out
0804447,2025-03-20 07:35:00,In
0804447,2025-03-20 18:26:00,Out
0813432,2025-03-20 07:33:00,In
0813432,2025-03-20 17:58:00,Out
0055024,2025-03-20 08:16:00,In
0055024,2025-03-20 16:59:00,Out
0078657,2025-03-20 07:26:00,In
0078657,2025-03-20 18:48:00,Out
0748083,2025-03-20 09:10:00,In
0748083,2025-03-20 16:35:00,Out
0673615,2025-03-20 08:38:00,In
0673615,2025-03-20 18:11:00,Out
0193586,2025-03-20 07:44:00,In
0193586,2025-03-20 18:12:00,Out
0479911,2025-03-20 08:56:00,In
0479911,2025-03-20 17:59:00,Out
0084387,2025-03-20 07:49:00,In
0084387,2025-03-20 18:49:00,Out
0416428,2025-03-20 09:31:00,In
0416428,2025-03-20 16:06:00,Out
0511122,2025-03-20 07:20:00,In
0511122,2025-03-20 16:04:00,Out
0777956,2025-03-20 07:28:00,In
0777956,2025-03-20 18:51:00,Out
0462926,2025-03-20 07:25:00,In
0462926,2025-03-20 18:05:00,Out
0884652,2025-03-20 09:10:00,In
0884652,2025-03-20 16:13:00,Out
0185217,2025-03-21 09:52:00,In
0185217,2025-03-21 16:33:00,Out
0804447,2025-03-21 08:13:00,In
0804447,2025-03-21 18:51:00,Out
0813432,2025-03-21 08:11:00,In
0813432,2025-03-21 17:10:00,Out
0055024,2025-03-21 08:21:00,In
0055024,2025-03-21 17:27:00,Out
0078657,2025-03-21 07:02:00,In
0078657,2025-03-21 18:37:00,Out
0748083,2025-03-21 07:42:00,In
0748083,2025-03-21 17:20:00,Out
0673615,2025-03-21 07:24:00,In
0673615,2025-03-21 18:48:00,Out
0193586,2025-03-21 08:02:00,In
0193586,2025-03-21 18:33:00,Out
0479911,2025-03-21 08:42:00,In
0479911,2025-03-21 16:34:00,Out
0084387,2025-03-21 09:33:00,In
0084387,2025-03-21 18:15:00,Out
0416428,2025-03-21 09:10:00,In
0416428,2025-03-21 18:36:00,Out
0511122,2025-03-21 09:20:00,In
0511122,2025-03-21 17:55:00,Out
0777956,2025-03-21 09:02:00,In
0777956,2025-03-21 16:59:00,Out
0462926,2025-03-21 08:59:00,In
0462926,2025-03-21 16:05:00,Out
0884652,2025-03-21 07:56:00,In
0884652,2025-03-21 17:52:00,Out
0185217,2025-03-22 07:33:00,In
0185217,2025-03-22 18:08:00,Out
0804447,2025-03-22 09:35:00,In
0804447,2025-03-22 17:49:00,Out
0813432,2025-03-22 08:43:00,In
0813432,2025-03-22 17:22:00,Out
0055024,2025-03-22 09:10:00,In
0055024,2025-03-22 18:21:00,Out
0078657,2025-03-22 09:23:00,In
0078657,2025-03-22 16:26:00,Out
0748083,2025-03-22 09:43:00,In
0748083,2025-03-22 17:18:00,Out
0673615,2025-03-22 08:24:00,In
0673615,2025-03-22 18:02:00,Out
0193586,2025-03-22 07:56:00,In
0193586,2025-03-22 18:10:00,Out
0479911,2025-03-22 07:53:00,In
0479911,2025-03-22 16:05:00,Out
0084387,2025-03-22 09:54:00,In
0084387,2025-03-22 16:42:00,Out
0416428,2025-03-22 09:02:00,In
0416428,2025-03-22 17:37:00,Out
0511122,2025-03-22 07:33:00,In
0511122,2025-03-22 18:56:00,Out
0777956,2025-03-22 08:29:00,In
0777956,2025-03-22 16:03:00,Out
0462926,2025-03-22 08:16:00,In
0462926,2025-03-22 18:27:00,Out
0884652,2025-03-22 08:45:00,In
0884652,2025-03-22 16:28:00,Out
0185217,2025-03-23 07:30:00,In
0185217,2025-03-23 16:45:00,Out
0804447,2025-03-23 09:15:00,In
0804447,2025-03-23 16:16:00,Out
0813432,2025-03-23 07:21:00,In
0813432,2025-03-23 18:41:00,Out
0055024,2025-03-23 09:46:00,In
0055024,2025-03-23 18:20:00,Out
0078657,2025-03-23 07:12:00,In
0078657,2025-03-23 16:16:00,Out
0748083,2025-03-23 07:25:00,In
0748083,2025-03-23 18:24:00,Out
0673615,2025-03-23 08:14:00,In
0673615,2025-03-23 16:31:00,Out
0193586,2025-03-23 08:32:00,In
0193586,2025-03-23 18:41:00,Out
0479911,2025-03-23 08:44:00,In
0479911,2025-03-23 17:58:00,Out
0084387,2025-03-23 07:23:00,In
0084387,2025-03-23 16:27:00,Out
0416428,2025-03-23 09:10:00,In
0416428,2025-03-23 18:31:00,Out
0511122,2025-03-23 09:48:00,In
0511122,2025-03-23 18:16:00,Out
0777956,2025-03-23 07:30:00,In
0777956,2025-03-23 17:47:00,Out
0462926,2025-03-23 08:47:00,In
0462926,2025-03-23 18:00:00,Out
0884652,2025-03-23 08:05:00,In
0884652,2025-03-23 17:52:00,Out
0185217,2025-03-24 09:39:00,In
0185217,2025-03-24 18:59:00,Out
0804447,2025-03-24 08:53:00,In
0804447,2025-03-24 16:35:00,Out
0813432,2025-03-24 07:36:00,In
0813432,2025-03-24 17:57:00,Out
0055024,2025-03-24 07:27:00,In
0055024,2025-03-24 18:16:00,Out
0078657,2025-03-24 09:37:00,In
0078657,2025-03-24 18:23:00,Out
0748083,2025-03-24 07:34:00,In
0748083,2025-03-24 17:05:00,Out
0673615,2025-03-24 08:08:00,In
0673615,2025-03-24 18:22:00,Out
0193586,2025-03-24 07:54:00,In
0193586,2025-03-24 17:23:00,Out
0479911,2025-03-24 09:30:00,In
0479911,2025-03-24 17:44:00,Out
0084387,2025-03-24 07:18:00,In
0084387,2025-03-24 17:16:00,Out
0416428,2025-03-24 07:09:00,In
0416428,2025-03-24 18:30:00,Out
0511122,2025-03-24 08:25:00,In
0511122,2025-03-24 17:47:00,Out
0777956,2025-03-24 08:15:00,In
0777956,2025-03-24 17:51:00,Out
0462926,2025-03-24 07:09:00,In
0462926,2025-03-24 16:43:00,Out
0884652,2025-03-24 07:06:00,In
0884652,2025-03-24 16:45:00,Out
0185217,2025-03-25 08:08:00,In
0185217,2025-03-25 17:28:00,Out
0804447,2025-03-25 08:20:00,In
0804447,2025-03-25 16:10:00,Out
0813432,2025-03-25 08:46:00,In
0813432,2025-03-25 16:48:00,Out
0055024,2025-03-25 08:10:00,In
0055024,2025-03-25 18:49:00,Out
0078657,2025-03-25 07:08:00,In
0078657,2025-03-25 18:46:00,Out
0748083,2025-03-25 07:29:00,In
0748083,2025-03-25 16:59:00,Out
0673615,2025-03-25 09:31:00,In
0673615,2025-03-25 16:03:00,Out
0193586,2025-03-25 09:06:00,In
0193586,2025-03-25 17:41:00,Out
0479911,2025-03-25 07:09:00,In
0479911,2025-03-25 17:07:00,Out
0084387,2025-03-25 09:01:00,In
0084387,2025-03-25 16:50:00,Out
0416428,2025-03-25 08:32:00,In
0416428,2025-03-25 16:45:00,Out
0511122,2025-03-25 07:08:00,In
0511122,2025-03-25 17:02:00,Out
0777956,2025-03-25 09:44:00,In
0777956,2025-03-25 18:33:00,Out
0462926,2025-03-25 09:38:00,In
0462926,2025-03-25 17:47:00,Out
0884652,2025-03-25 07:55:00,In
0884652,2025-03-25 16:07:00,Out
0185217,2025-03-26 08:31:00,In
0185217,2025-03-26 18:11:00,Out
0804447,2025-03-26 08:05:00,In
0804447,2025-03-26 16:44:00,Out
0813432,2025-03-26 08:08:00,In
0813432,2025-03-26 17:47:00,Out
0055024,2025-03-26 07:13:00,In
0055024,2025-03-26 16:34:00,Out
0078657,2025-03-26 09:55:00,In
0078657,2025-03-26 18:51:00,Out
0748083,2025-03-26 08:24:00,In
0748083,2025-03-26 18:08:00,Out
0673615,2025-03-26 07:22:00,In
0673615,2025-03-26 16:32:00,Out
0193586,2025-03-26 09:01:00,In
0193586,2025-03-26 18:25:00,Out
0479911,2025-03-26 08:58:00,In
0479911,2025-03-26 18:47:00,Out
0084387,2025-03-26 08:30:00,In
0084387,2025-03-26 17:51:00,Out
0416428,2025-03-26 07:02:00,In
0416428,2025-03-26 17:16:00,Out
0511122,2025-03-26 09:51:00,In
0511122,2025-03-26 16:40:00,Out
0777956,2025-03-26 07:55:00,In
0777956,2025-03-26 18:56:00,Out
0462926,2025-03-26 07:42:00,In
0462926,2025-03-26 16:07:00,Out
0884652,2025-03-26 08:08:00,In
0884652,2025-03-26 17:48:00,Out
0185217,2025-03-27 09:10:00,In
0185217,2025-03-27 16:59:00,Out
0804447,2025-03-27 09:52:00,In
0804447,2025-03-27 16:06:00,Out
0813432,2025-03-27 08:51:00,In
0813432,2025-03-27 16:21:00,Out
0055024,2025-03-27 08:27:00,In
0055024,2025-03-27 17:54:00,Out
0078657,2025-03-27 09:18:00,In
0078657,2025-03-27 16:47:00,Out
0748083,2025-03-27 08:47:00,In
0748083,2025-03-27 17:51:00,Out
0673615,2025-03-27 09:27:00,In
0673615,2025-03-27 18:53:00,Out
0193586,2025-03-27 07:55:00,In
0193586,2025-03-27 16:07:00,Out
0479911,2025-03-27 08:24:00,In
0479911,2025-03-27 17:47:00,Out
0084387,2025-03-27 07:28:00,In
0084387,2025-03-27 18:36:00,Out
0416428,2025-03-27 09:51:00,In
0416428,2025-03-27 18:06:00,Out
0511122,2025-03-27 08:32:00,In
0511122,2025-03-27 16:30:00,Out
0777956,2025-03-27 09:24:00,In
0777956,2025-03-27 18:23:00,Out
0462926,2025-03-27 07:59:00,In
0462926,2025-03-27 18:10:00,Out
0884652,2025-03-27 08:57:00,In
0884652,2025-03-27 16:39:00,Out
0185217,2025-03-28 07:38:00,In
0185217,2025-03-28 16:54:00,Out
0804447,2025-03-28 09:42:00,In
0804447,2025-03-28 17:06:00,Out
0813432,2025-03-28 07:03:00,In
0813432,2025-03-28 16:58:00,Out
0055024,2025-03-28 08:04:00,In
0055024,2025-03-28 17:59:00,Out
0078657,2025-03-28 07:11:00,In
0078657,2025-03-28 18:08:00,Out
0748083,2025-03-28 08:54:00,In
0748083,2025-03-28 17:08:00,Out
0673615,2025-03-28 07:34:00,In
0673615,2025-03-28 17:03:00,Out
0193586,2025-03-28 09:29:00,In
0193586,2025-03-28 16:55:00,Out
0479911,2025-03-28 07:23:00,In
0479911,2025-03-28 17:49:00,Out
0084387,2025-03-28 07:22:00,In
0084387,2025-03-28 18:38:00,Out
0416428,2025-03-28 07:07:00,In
0416428,2025-03-28 18:52:00,Out
0511122,2025-03-28 09:37:00,In
0511122,2025-03-28 17:51:00,Out
0777956,2025-03-28 07:14:00,In
0777956,2025-03-28 17:13:00,Out
0462926,2025-03-28 09:35:00,In
0462926,2025-03-28 16:34:00,Out
0884652,2025-03-28 07:53:00,In
0884652,2025-03-28 17:10:00,Out
0185217,2025-03-29 07:45:00,In
0185217,2025-03-29 17:26:00,Out
0804447,2025-03-29 07:40:00,In
0804447,2025-03-29 16:03:00,Out
0813432,2025-03-29 09:44:00,In
0813432,2025-03-29 16:40:00,Out
0055024,2025-03-29 07:11:00,In
0055024,2025-03-29 18:24:00,Out
0078657,2025-03-29 07:42:00,In
0078657,2025-03-29 18:06:00,Out
0748083,2025-03-29 08:58:00,In
0748083,2025-03-29 18:58:00,Out
0673615,2025-03-29 09:10:00,In
0673615,2025-03-29 16:19:00,Out
0193586,2025-03-29 08:06:00,In
0193586,2025-03-29 17:55:00,Out
0479911,2025-03-29 07:42:00,In
0479911,2025-03-29 17:04:00,Out
0084387,2025-03-29 08:55:00,In
0084387,2025-03-29 16:44:00,Out
0416428,2025-03-29 09:20:00,In
0416428,2025-03-29 18:50:00,Out
0511122,2025-03-29 09:27:00,In
0511122,2025-03-29 18:10:00,Out
0777956,2025-03-29 09:03:00,In
0777956,2025-03-29 17:27:00,Out
0462926,2025-03-29 07:22:00,In
0462926,2025-03-29 17:47:00,Out
0884652,2025-03-29 08:53:00,In
0884652,2025-03-29 16:43:00,Out
0185217,2025-03-30 07:35:00,In
0185217,2025-03-30 18:56:00,Out
0804447,2025-03-30 09:25:00,In
0804447,2025-03-30 18:30:00,Out
0813432,2025-03-30 09:32:00,In
0813432,2025-03-30 17:59:00,Out
0055024,2025-03-30 09:41:00,In
0055024,2025-03-30 18:20:00,Out
0078657,2025-03-30 09:21:00,In
0078657,2025-03-30 18:06:00,Out
0748083,2025-03-30 07:43:00,In
0748083,2025-03-30 17:44:00,Out
0673615,2025-03-30 08:33:00,In
0673615,2025-03-30 17:38:00,Out
0193586,2025-03-30 09:10:00,In
0193586,2025-03-30 16:33:00,Out
0479911,2025-03-30 08:55:00,In
0479911,2025-03-30 17:49:00,Out
0084387,2025-03-30 09:24:00,In
0084387,2025-03-30 16:13:00,Out
0416428,2025-03-30 07:36:00,In
0416428,2025-03-30 17:49:00,Out
0511122,2025-03-30 08:23:00,In
0511122,2025-03-30 16:17:00,Out
0777956,2025-03-30 09:53:00,In
0777956,2025-03-30 18:26:00,Out
0462926,2025-03-30 08:01:00,In
0462926,2025-03-30 17:37:00,Out
0884652,2025-03-30 07:21:00,In
0884652,2025-03-30 16:43:00,Out
0185217,2025-03-31 07:32:00,In
0185217,2025-03-31 18:49:00,Out
0804447,2025-03-31 08:34:00,In
0804447,2025-03-31 16:28:00,Out
0813432,2025-03-31 08:40:00,In
0813432,2025-03-31 17:19:00,Out
0055024,2025-03-31 09:32:00,In
0055024,2025-03-31 18:26:00,Out
0078657,2025-03-31 08:13:00,In
0078657,2025-03-31 18:16:00,Out
0748083,2025-03-31 08:40:00,In
0748083,2025-03-31 17:20:00,Out
0673615,2025-03-31 08:21:00,In
0673615,2025-03-31 16:44:00,Out
0193586,2025-03-31 07:29:00,In
0193586,2025-03-31 17:20:00,Out
0479911,2025-03-31 09:55:00,In
0479911,2025-03-31 18:01:00,Out
0084387,2025-03-31 08:56:00,In
0084387,2025-03-31 17:47:00,Out
0416428,2025-03-31 08:07:00,In
0416428,2025-03-31 16:17:00,Out
0511122,2025-03-31 08:47:00,In
0511122,2025-03-31 18:21:00,Out
0777956,2025-03-31 08:51:00,In
0777956,2025-03-31 16:22:00,Out
0462926,2025-03-31 08:49:00,In
0462926,2025-03-31 17:04:00,Out
0884652,2025-03-31 09:44:00,In
0884652,2025-03-31 16:39:00,Out
0185217,2025-04-01 07:42:00,In
0185217,2025-04-01 17:33:00,Out
0804447,2025-04-01 09:57:00,In
0804447,2025-04-01 18:05:00,Out
0813432,2025-04-01 07:45:00,In
0813432,2025-04-01 18:35:00,Out
0055024,2025-04-01 09:12:00,In
0055024,2025-04-01 17:07:00,Out
0078657,2025-04-01 07:51:00,In
0078657,2025-04-01 18:26:00,Out
0748083,2025-04-01 07:42:00,In
0748083,2025-04-01 17:00:00,Out
0673615,2025-04-01 08:55:00,In
0673615,2025-04-01 17:13:00,Out
0193586,2025-04-01 08:41:00,In
0193586,2025-04-01 17:17:00,Out
0479911,2025-04-01 07:44:00,In
0479911,2025-04-01 18:12:00,Out
0084387,2025-04-01 07:23:00,In
0084387,2025-04-01 18:37:00,Out
0416428,2025-04-01 09:26:00,In
0416428,2025-04-01 18:08:00,Out
0511122,2025-04-01 08:27:00,In
0511122,2025-04-01 17:56:00,Out
0777956,2025-04-01 07:26:00,In
0777956,2025-04-01 17:02:00,Out
0462926,2025-04-01 09:33:00,In
0462926,2025-04-01 18:22:00,Out
0884652,2025-04-01 08:07:00,In
0884652,2025-04-01 18:07:00,Out
0185217,2025-04-02 07:08:00,In
0185217,2025-04-02 16:07:00,Out
0804447,2025-04-02 09:54:00,In
0804447,2025-04-02 16:15:00,Out
0813432,2025-04-02 09:47:00,In
0813432,2025-04-02 17:35:00,Out
0055024,2025-04-02 08:59:00,In
0055024,2025-04-02 18:14:00,Out
0078657,2025-04-02 07:12:00,In
0078657,2025-04-02 18:23:00,Out
0748083,2025-04-02 09:02:00,In
0748083,2025-04-02 18:11:00,Out
0673615,2025-04-02 07:27:00,In
0673615,2025-04-02 17:27:00,Out
0193586,2025-04-02 07:58:00,In
0193586,2025-04-02 16:22:00,Out
0479911,2025-04-02 09:36:00,In
0479911,2025-04-02 17:08:00,Out
0084387,2025-04-02 09:11:00,In
0084387,2025-04-02 17:24:00,Out
0416428,2025-04-02 08:16:00,In
0416428,2025-04-02 17:44:00,Out
0511122,2025-04-02 09:22:00,In
0511122,2025-04-02 18:13:00,Out
0777956,2025-04-02 09:22:00,In
0777956,2025-04-02 18:22:00,Out
0462926,2025-04-02 07:56:00,In
0462926,2025-04-02 17:53:00,Out
0884652,2025-04-02 09:13:00,In
0884652,2025-04-02 16:53:00,Out
0185217,2025-04-03 08:55:00,In
0185217,2025-04-03 18:11:00,Out
0804447,2025-04-03 07:33:00,In
0804447,2025-04-03 17:37:00,Out
0813432,2025-04-03 07:10:00,In
0813432,2025-04-03 17:10:00,Out
0055024,2025-04-03 09:51:00,In
0055024,2025-04-03 16:14:00,Out
0078657,2025-04-03 08:48:00,In
0078657,2025-04-03 17:15:00,Out
0748083,2025-04-03 09:18:00,In
0748083,2025-04-03 16:26:00,Out
0673615,2025-04-03 07:29:00,In
0673615,2025-04-03 18:14:00,Out
0193586,2025-04-03 07:47:00,In
0193586,2025-04-03 17:09:00,Out
0479911,2025-04-03 09:40:00,In
0479911,2025-04-03 17:46:00,Out
0084387,2025-04-03 09:07:00,In
0084387,2025-04-03 18:05:00,Out
0416428,2025-04-03 07:57:00,In
0416428,2025-04-03 16:35:00,Out
0511122,2025-04-03 08:50:00,In
0511122,2025-04-03 16:02:00,Out
0777956,2025-04-03 09:08:00,In
0777956,2025-04-03 17:44:00,Out
0462926,2025-04-03 09:54:00,In
0462926,2025-04-03 17:55:00,Out
0884652,2025-04-03 09:01:00,In
0884652,2025-04-03 16:32:00,Out
0185217,2025-04-04 08:57:00,In
0185217,2025-04-04 17:32:00,Out
0804447,2025-04-04 09:31:00,In
0804447,2025-04-04 16:42:00,Out
0813432,2025-04-04 07:20:00,In
0813432,2025-04-04 17:43:00,Out
0055024,2025-04-04 08:15:00,In
0055024,2025-04-04 16:13:00,Out
0078657,2025-04-04 08:42:00,In
0078657,2025-04-04 18:53:00,Out
0748083,2025-04-04 08:42:00,In
0748083,2025-04-04 18:29:00,Out
0673615,2025-04-04 07:25:00,In
0673615,2025-04-04 16:43:00,Out
0193586,2025-04-04 07:08:00,In
0193586,2025-04-04 16:47:00,Out
0479911,2025-04-04 09:25:00,In
0479911,2025-04-04 16:46:00,Out
0084387,2025-04-04 08:47:00,In
0084387,2025-04-04 18:56:00,Out
0416428,2025-04-04 07:03:00,In
0416428,2025-04-04 17:16:00,Out
0511122,2025-04-04 09:48:00,In
0511122,2025-04-04 18:14:00,Out
0777956,2025-04-04 07:09:00,In
0777956,2025-04-04 17:33:00,Out
0462926,2025-04-04 09:11:00,In
0462926,2025-04-04 17:57:00,Out
0884652,2025-04-04 08:48:00,In
0884652,2025-04-04 18:30:00,Out
0185217,2025-04-05 08:11:00,In
0185217,2025-04-05 18:21:00,Out
0804447,2025-04-05 09:39:00,In
0804447,2025-04-05 17:27:00,Out
0813432,2025-04-05 08:36:00,In
0813432,2025-04-05 17:58:00,Out
0055024,2025-04-05 07:21:00,In
0055024,2025-04-05 17:58:00,Out
0078657,2025-04-05 08:47:00,In
0078657,2025-04-05 16:02:00,Out
0748083,2025-04-05 09:25:00,In
0748083,2025-04-05 18:56:00,Out
0673615,2025-04-05 09:19:00,In
0673615,2025-04-05 18:40:00,Out
0193586,2025-04-05 09:32:00,In
0193586,2025-04-05 16:45:00,Out
0479911,2025-04-05 07:23:00,In
0479911,2025-04-05 17:20:00,Out
0084387,2025-04-05 08:31:00,In
0084387,2025-04-05 16:53:00,Out
0416428,2025-04-05 09:20:00,In
0416428,2025-04-05 18:28:00,Out
0511122,2025-04-05 08:15:00,In
0511122,2025-04-05 17:45:00,Out
0777956,2025-04-05 07:39:00,In
0777956,2025-04-05 17:56:00,Out
0462926,2025-04-05 09:35:00,In
0462926,2025-04-05 17:13:00,Out
0884652,2025-04-05 07:35:00,In
0884652,2025-04-05 18:10:00,Out
0185217,2025-04-06 08:41:00,In
0185217,2025-04-06 18:25:00,Out
0804447,2025-04-06 07:05:00,In
0804447,2025-04-06 16:55:00,Out
0813432,2025-04-06 09:26:00,In
0813432,2025-04-06 18:26:00,Out
0055024,2025-04-06 07:58:00,In
0055024,2025-04-06 18:00:00,Out
0078657,2025-04-06 09:31:00,In
0078657,2025-04-06 16:54:00,Out
0748083,2025-04-06 09:04:00,In
0748083,2025-04-06 17:22:00,Out
0673615,2025-04-06 08:38:00,In
0673615,2025-04-06 16:28:00,Out
0193586,2025-04-06 08:57:00,In
0193586,2025-04-06 17:49:00,Out
0479911,2025-04-06 09:12:00,In
0479911,2025-04-06 17:52:00,Out
0084387,2025-04-06 09:33:00,In
0084387,2025-04-06 17:35:00,Out
0416428,2025-04-06 09:37:00,In
0416428,2025-04-06 17:24:00,Out
0511122,2025-04-06 09:28:00,In
0511122,2025-04-06 16:18:00,Out
0777956,2025-04-06 07:25:00,In
0777956,2025-04-06 17:29:00,Out
0462926,2025-04-06 09:43:00,In
0462926,2025-04-06 16:06:00,Out
0884652,2025-04-06 09:21:00,In
0884652,2025-04-06 18:59:00,Out
0185217,2025-04-07 07:08:00,In
0185217,2025-04-07 16:52:00,Out
0804447,2025-04-07 08:16:00,In
0804447,2025-04-07 18:35:00,Out
0813432,2025-04-07 09:35:00,In
0813432,2025-04-07 18:03:00,Out
0055024,2025-04-07 08:04:00,In
0055024,2025-04-07 18:38:00,Out
0078657,2025-04-07 08:39:00,In
0078657,2025-04-07 18:19:00,Out
0748083,2025-04-07 09:24:00,In
0748083,2025-04-07 16:22:00,Out
0673615,2025-04-07 07:36:00,In
0673615,2025-04-07 17:28:00,Out
0193586,2025-04-07 08:28:00,In
0193586,2025-04-07 18:37:00,Out
0479911,2025-04-07 09:10:00,In
0479911,2025-04-07 18:56:00,Out
0084387,2025-04-07 07:39:00,In
0084387,2025-04-07 17:05:00,Out
0416428,2025-04-07 07:41:00,In
0416428,2025-04-07 16:29:00,Out
0511122,2025-04-07 07:22:00,In
0511122,2025-04-07 18:31:00,Out
0777956,2025-04-07 09:53:00,In
0777956,2025-04-07 18:19:00,Out
0462926,2025-04-07 08:02:00,In
0462926,2025-04-07 18:27:00,Out
0884652,2025-04-07 09:52:00,In
0884652,2025-04-07 18:34:00,Out
0185217,2025-04-08 09:45:00,In
0185217,2025-04-08 18:19:00,Out
0804447,2025-04-08 07:58:00,In
0804447,2025-04-08 17:20:00,Out
0813432,2025-04-08 08:35:00,In
0813432,2025-04-08 16:19:00,Out
0055024,2025-04-08 09:56:00,In
0055024,2025-04-08 18:27:00,Out
0078657,2025-04-08 08:41:00,In
0078657,2025-04-08 17:59:00,Out
0748083,2025-04-08 09:34:00,In
0748083,2025-04-08 18:25:00,Out
0673615,2025-04-08 08:53:00,In
0673615,2025-04-08 16:17:00,Out
0193586,2025-04-08 09:58:00,In
0193586,2025-04-08 16:02:00,Out
0479911,2025-04-08 08:10:00,In
0479911,2025-04-08 17:46:00,Out
0084387,2025-04-08 07:20:00,In
0084387,2025-04-08 17:52:00,Out
0416428,2025-04-08 07:40:00,In
0416428,2025-04-08 18:15:00,Out
0511122,2025-04-08 09:26:00,In
0511122,2025-04-08 16:26:00,Out
0777956,2025-04-08 09:14:00,In
0777956,2025-04-08 18:36:00,Out
0462926,2025-04-08 07:50:00,In
0462926,2025-04-08 17:27:00,Out
0884652,2025-04-08 07:04:00,In
0884652,2025-04-08 16:21:00,Out
0185217,2025-04-09 08:17:00,In
0185217,2025-04-09 18:56:00,Out
0804447,2025-04-09 07:02:00,In
0804447,2025-04-09 17:20:00,Out
0813432,2025-04-09 08:18:00,In
0813432,2025-04-09 18:10:00,Out
0055024,2025-04-09 07:49:00,In
0055024,2025-04-09 17:07:00,Out
0078657,2025-04-09 07:49:00,In
0078657,2025-04-09 18:00:00,Out
0748083,2025-04-09 08:24:00,In
0748083,2025-04-09 17:43:00,Out
0673615,2025-04-09 08:04:00,In
0673615,2025-04-09 16:08:00,Out
0193586,2025-04-09 08:01:00,In
0193586,2025-04-09 18:31:00,Out
0479911,2025-04-09 07:06:00,In
0479911,2025-04-09 16:58:00,Out
0084387,2025-04-09 07:22:00,In
0084387,2025-04-09 16:40:00,Out
0416428,2025-04-09 07:04:00,In
0416428,2025-04-09 16:33:00,Out
0511122,2025-04-09 09:54:00,In
0511122,2025-04-09 16:54:00,Out
0777956,2025-04-09 08:46:00,In
0777956,2025-04-09 18:51:00,Out
0462926,2025-04-09 08:46:00,In
0462926,2025-04-09 16:35:00,Out
0884652,2025-04-09 09:52:00,In
0884652,2025-04-09 16:52:00,Out
0185217,2025-04-10 07:38:00,In
0185217,2025-04-10 17:23:00,Out
0804447,2025-04-10 09:23:00,In
0804447,2025-04-10 17:49:00,Out
0813432,2025-04-10 09:59:00,In
0813432,2025-04-10 18:39:00,Out
0055024,2025-04-10 09:37:00,In
0055024,2025-04-10 16:33:00,Out
0078657,2025-04-10 07:00:00,In
0078657,2025-04-10 17:10:00,Out
0748083,2025-04-10 09:13:00,In
0748083,2025-04-10 16:25:00,Out
0673615,2025-04-10 08:35:00,In
0673615,2025-04-10 16:51:00,Out
0193586,2025-04-10 07:25:00,In
0193586,2025-04-10 18:37:00,Out
0479911,2025-04-10 08:19:00,In
0479911,2025-04-10 18:39:00,Out
0084387,2025-04-10 09:12:00,In
0084387,2025-04-10 17:01:00,Out
0416428,2025-04-10 07:43:00,In
0416428,2025-04-10 16:55:00,Out
0511122,2025-04-10 08:26:00,In
0511122,2025-04-10 18:12:00,Out
0777956,2025-04-10 07:36:00,In
0777956,2025-04-10 17:20:00,Out
0462926,2025-04-10 07:14:00,In
0462926,2025-04-10 18:40:00,Out
0884652,2025-04-10 08:43:00,In
0884652,2025-04-10 16:02:00,Out
0185217,2025-04-11 09:41:00,In
0185217,2025-04-11 16:39:00,Out
0804447,2025-04-11 09:56:00,In
0804447,2025-04-11 17:33:00,Out
0813432,2025-04-11 08:48:00,In
0813432,2025-04-11 16:04:00,Out
0055024,2025-04-11 07:01:00,In
0055024,2025-04-11 16:07:00,Out
0078657,2025-04-11 08:51:00,In
0078657,2025-04-11 17:31:00,Out
0748083,2025-04-11 07:09:00,In
0748083,2025-04-11 18:19:00,Out
0673615,2025-04-11 08:48:00,In
0673615,2025-04-11 17:28:00,Out
0193586,2025-04-11 07:37:00,In
0193586,2025-04-11 16:47:00,Out
0479911,2025-04-11 08:10:00,In
0479911,2025-04-11 18:35:00,Out
0084387,2025-04-11 09:39:00,In
0084387,2025-04-11 18:53:00,Out
0416428,2025-04-11 08:04:00,In
0416428,2025-04-11 16:10:00,Out
0511122,2025-04-11 09:47:00,In
0511122,2025-04-11 18:10:00,Out
0777956,2025-04-11 08:20:00,In
0777956,2025-04-11 17:15:00,Out
0462926,2025-04-11 07:24:00,In
0462926,2025-04-11 16:48:00,Out
0884652,2025-04-11 07:37:00,In
0884652,2025-04-11 18:48:00,Out
0185217,2025-04-12 07:19:00,In
0185217,2025-04-12 18:45:00,Out
0804447,2025-04-12 09:33:00,In
0804447,2025-04-12 18:33:00,Out
0813432,2025-04-12 07:59:00,In
0813432,2025-04-12 17:01:00,Out
0055024,2025-04-12 07:24:00,In
0055024,2025-04-12 18:05:00,Out
0078657,2025-04-12 08:23:00,In
0078657,2025-04-12 16:00:00,Out
0748083,2025-04-12 09:52:00,In
0748083,2025-04-12 16:30:00,Out
0673615,2025-04-12 09:03:00,In
0673615,2025-04-12 16:28:00,Out
0193586,2025-04-12 07:33:00,In
0193586,2025-04-12 17:33:00,Out
0479911,2025-04-12 07:13:00,In
0479911,2025-04-12 18:19:00,Out
0084387,2025-04-12 08:07:00,In
0084387,2025-04-12 18:37:00,Out
0416428,2025-04-12 07:32:00,In
0416428,2025-04-12 17:35:00,Out
0511122,2025-04-12 07:05:00,In
0511122,2025-04-12 16:49:00,Out
0777956,2025-04-12 08:39:00,In
0777956,2025-04-12 18:57:00,Out
0462926,2025-04-12 07:16:00,In
0462926,2025-04-12 16:35:00,Out
0884652,2025-04-12 07:02:00,In
0884652,2025-04-12 17:38:00,Out
0185217,2025-04-13 09:49:00,In
0185217,2025-04-13 17:44:00,Out
0804447,2025-04-13 07:48:00,In
0804447,2025-04-13 16:36:00,Out
0813432,2025-04-13 07:24:00,In
0813432,2025-04-13 16:15:00,Out
0055024,2025-04-13 07:26:00,In
0055024,2025-04-13 16:12:00,Out
0078657,2025-04-13 08:51:00,In
0078657,2025-04-13 18:14:00,Out
0748083,2025-04-13 09:54:00,In
0748083,2025-04-13 18:35:00,Out
0673615,2025-04-13 07:11:00,In
0673615,2025-04-13 16:52:00,Out
0193586,2025-04-13 07:46:00,In
0193586,2025-04-13 16:26:00,Out
0479911,2025-04-13 09:15:00,In
0479911,2025-04-13 17:55:00,Out
0084387,2025-04-13 09:05:00,In
0084387,2025-04-13 18:43:00,Out
0416428,2025-04-13 07:33:00,In
0416428,2025-04-13 17:13:00,Out
0511122,2025-04-13 09:51:00,In
0511122,2025-04-13 18:56:00,Out
0777956,2025-04-13 08:58:00,In
0777956,2025-04-13 18:02:00,Out
0462926,2025-04-13 09:51:00,In
0462926,2025-04-13 18:11:00,Out
0884652,2025-04-13 09:33:00,In
0884652,2025-04-13 17:32:00,Out
0185217,2025-04-14 09:44:00,In
0185217,2025-04-14 17:57:00,Out
0804447,2025-04-14 07:25:00,In
0804447,2025-04-14 16:06:00,Out
0813432,2025-04-14 08:22:00,In
0813432,2025-04-14 16:58:00,Out
0055024,2025-04-14 08:21:00,In
0055024,2025-04-14 17:31:00,Out
0078657,2025-04-14 09:31:00,In
0078657,2025-04-14 18:40:00,Out
0748083,2025-04-14 09:24:00,In
0748083,2025-04-14 18:26:00,Out
0673615,2025-04-14 07:06:00,In
0673615,2025-04-14 17:19:00,Out
0193586,2025-04-14 07:55:00,In
0193586,2025-04-14 16:13:00,Out
0479911,2025-04-14 08:51:00,In
0479911,2025-04-14 18:30:00,Out
0084387,2025-04-14 09:55:00,In
0084387,2025-04-14 17:58:00,Out
0416428,2025-04-14 09:16:00,In
0416428,2025-04-14 17:19:00,Out
0511122,2025-04-14 08:09:00,In
0511122,2025-04-14 16:09:00,Out
0777956,2025-04-14 07:41:00,In
0777956,2025-04-14 18:24:00,Out
0462926,2025-04-14 09:03:00,In
0462926,2025-04-14 17:35:00,Out
0884652,2025-04-14 09:38:00,In
0884652,2025-04-14 18:02:00,Out
0185217,2025-04-15 07:52:00,In
0185217,2025-04-15 18:54:00,Out
0804447,2025-04-15 07:30:00,In
0804447,2025-04-15 16:43:00,Out
0813432,2025-04-15 08:36:00,In
0813432,2025-04-15 18:26:00,Out
0055024,2025-04-15 08:15:00,In
0055024,2025-04-15 17:32:00,Out
0078657,2025-04-15 07:21:00,In
0078657,2025-04-15 18:14:00,Out
0748083,2025-04-15 08:04:00,In
0748083,2025-04-15 16:22:00,Out
0673615,2025-04-15 08:29:00,In
0673615,2025-04-15 18:21:00,Out
0193586,2025-04-15 09:14:00,In
0193586,2025-04-15 16:48:00,Out
0479911,2025-04-15 07:00:00,In
0479911,2025-04-15 16:27:00,Out
0084387,2025-04-15 08:21:00,In
0084387,2025-04-15 16:47:00,Out
0416428,2025-04-15 09:28:00,In
0416428,2025-04-15 16:48:00,Out
0511122,2025-04-15 09:54:00,In
0511122,2025-04-15 16:12:00,Out
0777956,2025-04-15 09:18:00,In
0777956,2025-04-15 18:59:00,Out
0462926,2025-04-15 07:28:00,In
0462926,2025-04-15 16:20:00,Out
0884652,2025-04-15 07:04:00,In
0884652,2025-04-15 18:59:00,Out
0185217,2025-04-16 07:53:00,In
0185217,2025-04-16 16:22:00,Out
0804447,2025-04-16 08:03:00,In
0804447,2025-04-16 17:42:00,Out
0813432,2025-04-16 08:40:00,In
0813432,2025-04-16 18:42:00,Out
0055024,2025-04-16 07:25:00,In
0055024,2025-04-16 18:20:00,Out
0078657,2025-04-16 08:39:00,In
0078657,2025-04-16 17:44:00,Out
0748083,2025-04-16 07:56:00,In
0748083,2025-04-16 17:55:00,Out
0673615,2025-04-16 08:45:00,In
0673615,2025-04-16 16:10:00,Out
0193586,2025-04-16 09:17:00,In
0193586,2025-04-16 17:22:00,Out
0479911,2025-04-16 08:02:00,In
0479911,2025-04-16 16:59:00,Out
0084387,2025-04-16 09:27:00,In
0084387,2025-04-16 17:28:00,Out
0416428,2025-04-16 08:32:00,In
0416428,2025-04-16 16:28:00,Out
0511122,2025-04-16 09:55:00,In
0511122,2025-04-16 16:28:00,Out
0777956,2025-04-16 07:49:00,In
0777956,2025-04-16 16:18:00,Out
0462926,2025-04-16 09:11:00,In
0462926,2025-04-16 17:04:00,Out
0884652,2025-04-16 09:39:00,In
0884652,2025-04-16 17:49:00,Out
0185217,2025-04-17 09:51:00,In
0185217,2025-04-17 18:48:00,Out
0804447,2025-04-17 08:32:00,In
0804447,2025-04-17 18:58:00,Out
0813432,2025-04-17 09:54:00,In
0813432,2025-04-17 17:29:00,Out
0055024,2025-04-17 08:14:00,In
0055024,2025-04-17 16:22:00,Out
0078657,2025-04-17 07:03:00,In
0078657,2025-04-17 18:15:00,Out
0748083,2025-04-17 08:57:00,In
0748083,2025-04-17 16:18:00,Out
0673615,2025-04-17 09:11:00,In
0673615,2025-04-17 17:03:00,Out
0193586,2025-04-17 07:51:00,In
0193586,2025-04-17 17:34:00,Out
0479911,2025-04-17 08:27:00,In
0479911,2025-04-17 16:43:00,Out
0084387,2025-04-17 08:55:00,In
0084387,2025-04-17 18:39:00,Out
0416428,2025-04-17 08:49:00,In
0416428,2025-04-17 16:53:00,Out
0511122,2025-04-17 07:50:00,In
0511122,2025-04-17 17:33:00,Out
0777956,2025-04-17 07:31:00,In
0777956,2025-04-17 17:02:00,Out
0462926,2025-04-17 09:00:00,In
0462926,2025-04-17 17:06:00,Out
0884652,2025-04-17 07:42:00,In
0884652,2025-04-17 18:15:00,Out
0185217,2025-04-18 09:54:00,In
0185217,2025-04-18 16:35:00,Out
0804447,2025-04-18 08:41:00,In
0804447,2025-04-18 17:44:00,Out
0813432,2025-04-18 08:07:00,In
0813432,2025-04-18 18:52:00,Out
0055024,2025-04-18 09:29:00,In
0055024,2025-04-18 16:56:00,Out
0078657,2025-04-18 07:39:00,In
0078657,2025-04-18 18:21:00,Out
0748083,2025-04-18 08:19:00,In
0748083,2025-04-18 16:10:00,Out
0673615,2025-04-18 09:25:00,In
0673615,2025-04-18 16:47:00,Out
0193586,2025-04-18 07:37:00,In
0193586,2025-04-18 18:06:00,Out
0479911,2025-04-18 07:45:00,In
0479911,2025-04-18 17:32:00,Out
0084387,2025-04-18 09:44:00,In
0084387,2025-04-18 18:36:00,Out
0416428,2025-04-18 09:16:00,In
0416428,2025-04-18 16:43:00,Out
0511122,2025-04-18 09:36:00,In
0511122,2025-04-18 17:42:00,Out
0777956,2025-04-18 09:42:00,In
0777956,2025-04-18 18:24:00,Out
0462926,2025-04-18 08:10:00,In
0462926,2025-04-18 18:13:00,Out
0884652,2025-04-18 08:35:00,In
0884652,2025-04-18 18:28:00,Out
0185217,2025-04-19 09:34:00,In
0185217,2025-04-19 18:41:00,Out
0804447,2025-04-19 08:51:00,In
0804447,2025-04-19 18:41:00,Out
0813432,2025-04-19 07:24:00,In
0813432,2025-04-19 17:01:00,Out
0055024,2025-04-19 07:35:00,In
0055024,2025-04-19 17:13:00,Out
0078657,2025-04-19 09:09:00,In
0078657,2025-04-19 16:35:00,Out
0748083,2025-04-19 09:51:00,In
0748083,2025-04-19 17:46:00,Out
0673615,2025-04-19 07:52:00,In
0673615,2025-04-19 17:35:00,Out
0193586,2025-04-19 07:10:00,In
0193586,2025-04-19 17:55:00,Out
0479911,2025-04-19 08:15:00,In
0479911,2025-04-19 16:44:00,Out
0084387,2025-04-19 07:18:00,In
0084387,2025-04-19 18:52:00,Out
0416428,2025-04-19 07:32:00,In
0416428,2025-04-19 17:18:00,Out
0511122,2025-04-19 07:33:00,In
0511122,2025-04-19 16:33:00,Out
0777956,2025-04-19 09:02:00,In
0777956,2025-04-19 17:03:00,Out
0462926,2025-04-19 07:06:00,In
0462926,2025-04-19 18:16:00,Out
0884652,2025-04-19 07:14:00,In
0884652,2025-04-19 18:52:00,Out
0185217,2025-04-20 07:52:00,In
0185217,2025-04-20 17:20:00,Out
0804447,2025-04-20 08:07:00,In
0804447,2025-04-20 16:27:00,Out
0813432,2025-04-20 08:02:00,In
0813432,2025-04-20 18:02:00,Out
0055024,2025-04-20 07:23:00,In
0055024,2025-04-20 16:49:00,Out
0078657,2025-04-20 09:29:00,In
0078657,2025-04-20 17:01:00,Out
0748083,2025-04-20 09:43:00,In
0748083,2025-04-20 18:45:00,Out
0673615,2025-04-20 09:04:00,In
0673615,2025-04-20 17:00:00,Out
0193586,2025-04-20 07:27:00,In
0193586,2025-04-20 18:24:00,Out
0479911,2025-04-20 07:04:00,In
0479911,2025-04-20 18:30:00,Out
0084387,2025-04-20 07:18:00,In
0084387,2025-04-20 18:05:00,Out
0416428,2025-04-20 09:49:00,In
0416428,2025-04-20 16:00:00,Out
0511122,2025-04-20 08:12:00,In
0511122,2025-04-20 17:25:00,Out
0777956,2025-04-20 08:52:00,In
0777956,2025-04-20 18:34:00,Out
0462926,2025-04-20 08:52:00,In
0462926,2025-04-20 17:32:00,Out
0884652,2025-04-20 07:45:00,In
0884652,2025-04-20 16:26:00,Out
0185217,2025-04-21 09:12:00,In
0185217,2025-04-21 16:45:00,Out
0804447,2025-04-21 07:46:00,In
0804447,2025-04-21 16:40:00,Out
0813432,2025-04-21 09:10:00,In
0813432,2025-04-21 18:49:00,Out
0055024,2025-04-21 09:43:00,In
0055024,2025-04-21 18:23:00,Out
0078657,2025-04-21 07:02:00,In
0078657,2025-04-21 18:58:00,Out
0748083,2025-04-21 08:17:00,In
0748083,2025-04-21 18:55:00,Out
0673615,2025-04-21 09:41:00,In
0673615,2025-04-21 16:41:00,Out
0193586,2025-04-21 09:13:00,In
0193586,2025-04-21 18:41:00,Out
0479911,2025-04-21 07:06:00,In
0479911,2025-04-21 17:30:00,Out
0084387,2025-04-21 07:42:00,In
0084387,2025-04-21 16:31:00,Out
0416428,2025-04-21 08:43:00,In
0416428,2025-04-21 16:30:00,Out
0511122,2025-04-21 09:07:00,In
0511122,2025-04-21 16:05:00,Out
0777956,2025-04-21 09:23:00,In
0777956,2025-04-21 16:38:00,Out
0462926,2025-04-21 08:24:00,In
0462926,2025-04-21 16:00:00,Out
0884652,2025-04-21 08:31:00,In
0884652,2025-04-21 18:33:00,Out
0185217,2025-04-22 09:18:00,In
0185217,2025-04-22 17:39:00,Out
0804447,2025-04-22 08:06:00,In
0804447,2025-04-22 17:48:00,Out
0813432,2025-04-22 09:16:00,In
0813432,2025-04-22 18:04:00,Out
0055024,2025-04-22 08:55:00,In
0055024,2025-04-22 16:48:00,Out
0078657,2025-04-22 08:49:00,In
0078657,2025-04-22 18:14:00,Out
0748083,2025-04-22 09:48:00,In
0748083,2025-04-22 18:57:00,Out
0673615,2025-04-22 09:03:00,In
0673615,2025-04-22 18:57:00,Out
0193586,2025-04-22 07:23:00,In
0193586,2025-04-22 18:11:00,Out
0479911,2025-04-22 07:07:00,In
0479911,2025-04-22 17:58:00,Out
0084387,2025-04-22 08:14:00,In
0084387,2025-04-22 17:29:00,Out
0416428,2025-04-22 08:52:00,In
0416428,2025-04-22 17:51:00,Out
0511122,2025-04-22 09:56:00,In
0511122,2025-04-22 17:28:00,Out
0777956,2025-04-22 08:58:00,In
0777956,2025-04-22 17:04:00,Out
0462926,2025-04-22 08:16:00,In
0462926,2025-04-22 17:35:00,Out
0884652,2025-04-22 09:02:00,In
0884652,2025-04-22 18:49:00,Out
0185217,2025-04-23 08:31:00,In
0185217,2025-04-23 17:02:00,Out
0804447,2025-04-23 08:03:00,In
0804447,2025-04-23 17:18:00,Out
0813432,2025-04-23 08:42:00,In
0813432,2025-04-23 16:57:00,Out
0055024,2025-04-23 08:37:00,In
0055024,2025-04-23 17:57:00,Out
0078657,2025-04-23 07:55:00,In
0078657,2025-04-23 16:58:00,Out
0748083,2025-04-23 09:23:00,In
0748083,2025-04-23 16:12:00,Out
0673615,2025-04-23 08:18:00,In
0673615,2025-04-23 18:13:00,Out
0193586,2025-04-23 09:46:00,In
0193586,2025-04-23 16:43:00,Out
0479911,2025-04-23 09:11:00,In
0479911,2025-04-23 17:46:00,Out
0084387,2025-04-23 07:37:00,In
0084387,2025-04-23 18:29:00,Out
0416428,2025-04-23 09:56:00,In
0416428,2025-04-23 18:18:00,Out
0511122,2025-04-23 07:37:00,In
0511122,2025-04-23 18:08:00,Out
0777956,2025-04-23 07:14:00,In
0777956,2025-04-23 17:59:00,Out
0462926,2025-04-23 07:52:00,In
0462926,2025-04-23 18:36:00,Out
0884652,2025-04-23 09:32:00,In
0884652,2025-04-23 16:43:00,Out
0185217,2025-04-24 09:48:00,In
0185217,2025-04-24 18:07:00,Out
0804447,2025-04-24 09:21:00,In
0804447,2025-04-24 18:59:00,Out
0813432,2025-04-24 09:13:00,In
0813432,2025-04-24 17:29:00,Out
0055024,2025-04-24 09:58:00,In
0055024,2025-04-24 18:36:00,Out
0078657,2025-04-24 09:25:00,In
0078657,2025-04-24 18:40:00,Out
0748083,2025-04-24 08:20:00,In
0748083,2025-04-24 16:02:00,Out
0673615,2025-04-24 08:24:00,In
0673615,2025-04-24 18:22:00,Out
0193586,2025-04-24 08:09:00,In
0193586,2025-04-24 18:57:00,Out
0479911,2025-04-24 08:20:00,In
0479911,2025-04-24 17:25:00,Out
0084387,2025-04-24 08:43:00,In
0084387,2025-04-24 17:38:00,Out
0416428,2025-04-24 09:42:00,In
0416428,2025-04-24 18:39:00,Out
0511122,2025-04-24 08:00:00,In
0511122,2025-04-24 17:58:00,Out
0777956,2025-04-24 09:10:00,In
0777956,2025-04-24 18:35:00,Out
0462926,2025-04-24 09:08:00,In
0462926,2025-04-24 18:44:00,Out
0884652,2025-04-24 09:03:00,In
0884652,2025-04-24 18:39:00,Out
0185217,2025-04-25 09:12:00,In
0185217,2025-04-25 16:28:00,Out
0804447,2025-04-25 08:54:00,In
0804447,2025-04-25 16:17:00,Out
0813432,2025-04-25 08:42:00,In
0813432,2025-04-25 17:47:00,Out
0055024,2025-04-25 08:21:00,In
0055024,2025-04-25 16:07:00,Out
0078657,2025-04-25 09:55:00,In
0078657,2025-04-25 16:51:00,Out
0748083,2025-04-25 09:39:00,In
0748083,2025-04-25 16:10:00,Out
0673615,2025-04-25 07:42:00,In
0673615,2025-04-25 17:07:00,Out
0193586,2025-04-25 09:56:00,In
0193586,2025-04-25 18:16:00,Out
0479911,2025-04-25 07:15:00,In
0479911,2025-04-25 17:09:00,Out
0084387,2025-04-25 07:08:00,In
0084387,2025-04-25 17:40:00,Out
0416428,2025-04-25 07:12:00,In
0416428,2025-04-25 17:00:00,Out
0511122,2025-04-25 09:47:00,In
0511122,2025-04-25 16:26:00,Out
0777956,2025-04-25 08:42:00,In
0777956,2025-04-25 16:08:00,Out
0462926,2025-04-25 08:05:00,In
0462926,2025-04-25 16:04:00,Out
0884652,2025-04-25 09:45:00,In
0884652,2025-04-25 18:32:00,Out
0185217,2025-04-26 07:13:00,In
0185217,2025-04-26 16:28:00,Out
0804447,2025-04-26 07:28:00,In
0804447,2025-04-26 17:01:00,Out
0813432,2025-04-26 08:40:00,In
0813432,2025-04-26 17:06:00,Out
0055024,2025-04-26 09:16:00,In
0055024,2025-04-26 18:59:00,Out
0078657,2025-04-26 08:41:00,In
0078657,2025-04-26 17:01:00,Out
0748083,2025-04-26 08:19:00,In
0748083,2025-04-26 18:24:00,Out
0673615,2025-04-26 07:39:00,In
0673615,2025-04-26 18:52:00,Out
0193586,2025-04-26 08:30:00,In
0193586,2025-04-26 16:04:00,Out
0479911,2025-04-26 09:14:00,In
0479911,2025-04-26 18:50:00,Out
0084387,2025-04-26 07:13:00,In
0084387,2025-04-26 16:08:00,Out
0416428,2025-04-26 09:28:00,In
0416428,2025-04-26 18:51:00,Out
0511122,2025-04-26 09:45:00,In
0511122,2025-04-26 16:43:00,Out
0777956,2025-04-26 09:09:00,In
0777956,2025-04-26 18:45:00,Out
0462926,2025-04-26 08:45:00,In
0462926,2025-04-26 18:36:00,Out
0884652,2025-04-26 07:12:00,In
0884652,2025-04-26 16:37:00,Out
0185217,2025-04-27 07:10:00,In
0185217,2025-04-27 16:35:00,Out
0804447,2025-04-27 08:33:00,In
0804447,2025-04-27 18:16:00,Out
0813432,2025-04-27 07:49:00,In
0813432,2025-04-27 16:57:00,Out
0055024,2025-04-27 09:58:00,In
0055024,2025-04-27 18:40:00,Out
0078657,2025-04-27 09:42:00,In
0078657,2025-04-27 16:59:00,Out
0748083,2025-04-27 08:55:00,In
0748083,2025-04-27 18:22:00,Out
0673615,2025-04-27 09:29:00,In
0673615,2025-04-27 17:31:00,Out
0193586,2025-04-27 07:46:00,In
0193586,2025-04-27 17:53:00,Out
0479911,2025-04-27 07:26:00,In
0479911,2025-04-27 16:04:00,Out
0084387,2025-04-27 08:45:00,In
0084387,2025-04-27 18:21:00,Out
0416428,2025-04-27 08:52:00,In
0416428,2025-04-27 18:21:00,Out
0511122,2025-04-27 08:55:00,In
0511122,2025-04-27 17:42:00,Out
0777956,2025-04-27 07:33:00,In
0777956,2025-04-27 18:21:00,Out
0462926,2025-04-27 07:11:00,In
0462926,2025-04-27 18:34:00,Out
0884652,2025-04-27 09:43:00,In
0884652,2025-04-27 17:59:00,Out
0185217,2025-04-28 07:00:00,In
0185217,2025-04-28 18:35:00,Out
0804447,2025-04-28 07:26:00,In
0804447,2025-04-28 18:33:00,Out
0813432,2025-04-28 09:34:00,In
0813432,2025-04-28 17:31:00,Out
0055024,2025-04-28 08:35:00,In
0055024,2025-04-28 17:28:00,Out
0078657,2025-04-28 07:56:00,In
0078657,2025-04-28 16:06:00,Out
0748083,2025-04-28 09:47:00,In
0748083,2025-04-28 18:13:00,Out
0673615,2025-04-28 09:35:00,In
0673615,2025-04-28 18:17:00,Out
0193586,2025-04-28 09:07:00,In
0193586,2025-04-28 18:14:00,Out
0479911,2025-04-28 07:19:00,In
0479911,2025-04-28 18:21:00,Out
0084387,2025-04-28 07:47:00,In
0084387,2025-04-28 17:58:00,Out
0416428,2025-04-28 08:07:00,In
0416428,2025-04-28 16:19:00,Out
0511122,2025-04-28 09:27:00,In
0511122,2025-04-28 16:17:00,Out
0777956,2025-04-28 08:54:00,In
0777956,2025-04-28 17:47:00,Out
0462926,2025-04-28 07:35:00,In
0462926,2025-04-28 16:28:00,Out
0884652,2025-04-28 07:53:00,In
0884652,2025-04-28 17:33:00,Out
0185217,2025-04-29 08:05:00,In
0185217,2025-04-29 18:07:00,Out
0804447,2025-04-29 09:48:00,In
0804447,2025-04-29 17:21:00,Out
0813432,2025-04-29 07:09:00,In
0813432,2025-04-29 16:48:00,Out
0055024,2025-04-29 08:44:00,In
0055024,2025-04-29 16:16:00,Out
0078657,2025-04-29 07:59:00,In
0078657,2025-04-29 16:54:00,Out
0748083,2025-04-29 08:15:00,In
0748083,2025-04-29 18:27:00,Out
0673615,2025-04-29 07:25:00,In
0673615,2025-04-29 16:57:00,Out
0193586,2025-04-29 09:38:00,In
0193586,2025-04-29 18:09:00,Out
0479911,2025-04-29 08:23:00,In
0479911,2025-04-29 18:56:00,Out
0084387,2025-04-29 07:48:00,In
0084387,2025-04-29 16:11:00,Out
0416428,2025-04-29 09:55:00,In
0416428,2025-04-29 17:52:00,Out
0511122,2025-04-29 07:39:00,In
0511122,2025-04-29 18:34:00,Out
0777956,2025-04-29 07:06:00,In
0777956,2025-04-29 16:28:00,Out
0462926,2025-04-29 08:13:00,In
0462926,2025-04-29 18:11:00,Out
0884652,2025-04-29 09:36:00,In
0884652,2025-04-29 16:49:00,Out
0185217,2025-04-30 08:21:00,In
0185217,2025-04-30 16:20:00,Out
0804447,2025-04-30 09:22:00,In
0804447,2025-04-30 16:51:00,Out
0813432,2025-04-30 09:36:00,In
0813432,2025-04-30 18:29:00,Out
0055024,2025-04-30 09:58:00,In
0055024,2025-04-30 17:00:00,Out
0078657,2025-04-30 07:50:00,In
0078657,2025-04-30 16:33:00,Out
0748083,2025-04-30 07:42:00,In
0748083,2025-04-30 16:49:00,Out
0673615,2025-04-30 07:00:00,In
0673615,2025-04-30 18:17:00,Out
0193586,2025-04-30 08:28:00,In
0193586,2025-04-30 18:30:00,Out
0479911,2025-04-30 08:36:00,In
0479911,2025-04-30 16:40:00,Out
0084387,2025-04-30 08:39:00,In
0084387,2025-04-30 17:52:00,Out
0416428,2025-04-30 08:17:00,In
0416428,2025-04-30 18:37:00,Out
0511122,2025-04-30 09:04:00,In
0511122,2025-04-30 16:00:00,Out
0777956,2025-04-30 08:03:00,In
0777956,2025-04-30 18:03:00,Out
0462926,2025-04-30 08:37:00,In
0462926,2025-04-30 16:20:00,Out
0884652,2025-04-30 08:38:00,In
0884652,2025-04-30 17:00:00,Out
0185217,2025-05-01 07:36:00,In
0185217,2025-05-01 18:30:00,Out
0804447,2025-05-01 09:03:00,In
0804447,2025-05-01 18:49:00,Out
0813432,2025-05-01 07:36:00,In
0813432,2025-05-01 16:32:00,Out
0055024,2025-05-01 09:35:00,In
0055024,2025-05-01 16:46:00,Out
0078657,2025-05-01 07:47:00,In
0078657,2025-05-01 16:21:00,Out
0748083,2025-05-01 08:07:00,In
0748083,2025-05-01 17:49:00,Out
0673615,2025-05-01 07:19:00,In
0673615,2025-05-01 17:54:00,Out
0193586,2025-05-01 07:54:00,In
0193586,2025-05-01 18:54:00,Out
0479911,2025-05-01 07:57:00,In
0479911,2025-05-01 17:46:00,Out
0084387,2025-05-01 09:11:00,In
0084387,2025-05-01 18:39:00,Out
0416428,2025-05-01 08:06:00,In
0416428,2025-05-01 17:08:00,Out
0511122,2025-05-01 09:56:00,In
0511122,2025-05-01 18:46:00,Out
0777956,2025-05-01 08:40:00,In
0777956,2025-05-01 16:50:00,Out
0462926,2025-05-01 07:21:00,In
0462926,2025-05-01 17:00:00,Out
0884652,2025-05-01 09:23:00,In
0884652,2025-05-01 18:02:00,Out
0185217,2025-05-02 08:30:00,In
0185217,2025-05-02 18:33:00,Out
0804447,2025-05-02 08:11:00,In
0804447,2025-05-02 17:04:00,Out
0813432,2025-05-02 07:21:00,In
0813432,2025-05-02 16:36:00,Out
0055024,2025-05-02 07:26:00,In
0055024,2025-05-02 17:55:00,Out
0078657,2025-05-02 07:52:00,In
0078657,2025-05-02 17:01:00,Out
0748083,2025-05-02 08:18:00,In
0748083,2025-05-02 18:42:00,Out
0673615,2025-05-02 09:36:00,In
0673615,2025-05-02 18:14:00,Out
0193586,2025-05-02 09:19:00,In
0193586,2025-05-02 18:43:00,Out
0479911,2025-05-02 08:27:00,In
0479911,2025-05-02 17:21:00,Out
0084387,2025-05-02 08:01:00,In
0084387,2025-05-02 18:32:00,Out
0416428,2025-05-02 08:11:00,In
0416428,2025-05-02 17:48:00,Out
0511122,2025-05-02 07:04:00,In
0511122,2025-05-02 16:55:00,Out
0777956,2025-05-02 09:49:00,In
0777956,2025-05-02 16:09:00,Out
0462926,2025-05-02 07:58:00,In
0462926,2025-05-02 16:35:00,Out
0884652,2025-05-02 08:43:00,In
0884652,2025-05-02 16:00:00,Out
0185217,2025-05-03 07:25:00,In
0185217,2025-05-03 18:05:00,Out
0804447,2025-05-03 07:01:00,In
0804447,2025-05-03 17:33:00,Out
0813432,2025-05-03 07:15:00,In
0813432,2025-05-03 16:19:00,Out
0055024,2025-05-03 08:17:00,In
0055024,2025-05-03 16:38:00,Out
0078657,2025-05-03 08:36:00,In
0078657,2025-05-03 18:47:00,Out
0748083,2025-05-03 07:52:00,In
0748083,2025-05-03 16:30:00,Out
0673615,2025-05-03 09:22:00,In
0673615,2025-05-03 17:00:00,Out
0193586,2025-05-03 07:50:00,In
0193586,2025-05-03 16:28:00,Out
0479911,2025-05-03 07:40:00,In
0479911,2025-05-03 18:01:00,Out
0084387,2025-05-03 07:59:00,In
0084387,2025-05-03 18:18:00,Out
0416428,2025-05-03 07:37:00,In
0416428,2025-05-03 17:09:00,Out
0511122,2025-05-03 07:23:00,In
0511122,2025-05-03 18:22:00,Out
0777956,2025-05-03 07:06:00,In
0777956,2025-05-03 17:21:00,Out
0462926,2025-05-03 09:50:00,In
0462926,2025-05-03 17:16:00,Out
0884652,2025-05-03 07:27:00,In
0884652,2025-05-03 17:44:00,Out
0185217,2025-05-04 08:25:00,In
0185217,2025-05-04 17:34:00,Out
0804447,2025-05-04 08:47:00,In
0804447,2025-05-04 16:56:00,Out
0813432,2025-05-04 07:38:00,In
0813432,2025-05-04 18:14:00,Out
0055024,2025-05-04 07:21:00,In
0055024,2025-05-04 17:06:00,Out
0078657,2025-05-04 08:44:00,In
0078657,2025-05-04 18:26:00,Out
0748083,2025-05-04 09:14:00,In
0748083,2025-05-04 17:04:00,Out
0673615,2025-05-04 07:40:00,In
0673615,2025-05-04 17:18:00,Out
0193586,2025-05-04 08:41:00,In
0193586,2025-05-04 16:12:00,Out
0479911,2025-05-04 07:19:00,In
0479911,2025-05-04 16:13:00,Out
0084387,2025-05-04 09:03:00,In
0084387,2025-05-04 17:52:00,Out
0416428,2025-05-04 08:12:00,In
0416428,2025-05-04 18:45:00,Out
0511122,2025-05-04 08:39:00,In
0511122,2025-05-04 16:45:00,Out
0777956,2025-05-04 07:38:00,In
0777956,2025-05-04 16:24:00,Out
0462926,2025-05-04 08:20:00,In
0462926,2025-05-04 17:58:00,Out
0884652,2025-05-04 07:06:00,In
0884652,2025-05-04 16:51:00,Out
0185217,2025-05-05 07:51:00,In
0185217,2025-05-05 17:57:00,Out
0804447,2025-05-05 08:43:00,In
0804447,2025-05-05 18:26:00,Out
0813432,2025-05-05 08:57:00,In
0813432,2025-05-05 18:19:00,Out
0055024,2025-05-05 09:23:00,In
0055024,2025-05-05 16:57:00,Out
0078657,2025-05-05 09:53:00,In
0078657,2025-05-05 18:39:00,Out
0748083,2025-05-05 08:17:00,In
0748083,2025-05-05 16:41:00,Out
0673615,2025-05-05 08:36:00,In
0673615,2025-05-05 18:31:00,Out
0193586,2025-05-05 09:37:00,In
0193586,2025-05-05 16:59:00,Out
0479911,2025-05-05 07:05:00,In
0479911,2025-05-05 17:25:00,Out
0084387,2025-05-05 09:05:00,In
0084387,2025-05-05 18:59:00,Out
0416428,2025-05-05 08:23:00,In
0416428,2025-05-05 17:26:00,Out
0511122,2025-05-05 08:20:00,In
0511122,2025-05-05 17:06:00,Out
0777956,2025-05-05 09:27:00,In
0777956,2025-05-05 17:50:00,Out
0462926,2025-05-05 08:55:00,In
0462926,2025-05-05 16:05:00,Out
0884652,2025-05-05 09:58:00,In
0884652,2025-05-05 18:49:00,Out
0185217,2025-05-06 07:46:00,In
0185217,2025-05-06 16:26:00,Out
0804447,2025-05-06 07:38:00,In
0804447,2025-05-06 17:53:00,Out
0813432,2025-05-06 08:11:00,In
0813432,2025-05-06 17:08:00,Out
0055024,2025-05-06 07:52:00,In
0055024,2025-05-06 16:41:00,Out
0078657,2025-05-06 07:19:00,In
0078657,2025-05-06 16:03:00,Out
0748083,2025-05-06 07:34:00,In
0748083,2025-05-06 16:21:00,Out
0673615,2025-05-06 07:59:00,In
0673615,2025-05-06 17:40:00,Out
0193586,2025-05-06 08:36:00,In
0193586,2025-05-06 16:29:00,Out
0479911,2025-05-06 07:20:00,In
0479911,2025-05-06 18:02:00,Out
0084387,2025-05-06 09:40:00,In
0084387,2025-05-06 17:25:00,Out
0416428,2025-05-06 09:39:00,In
0416428,2025-05-06 16:18:00,Out
0511122,2025-05-06 07:36:00,In
0511122,2025-05-06 16:42:00,Out
0777956,2025-05-06 08:30:00,In
0777956,2025-05-06 18:59:00,Out
0462926,2025-05-06 08:48:00,In
0462926,2025-05-06 18:12:00,Out
0884652,2025-05-06 08:41:00,In
0884652,2025-05-06 17:18:00,Out
0185217,2025-05-07 07:16:00,In
0185217,2025-05-07 17:24:00,Out
0804447,2025-05-07 08:12:00,In
0804447,2025-05-07 18:44:00,Out
0813432,2025-05-07 07:28:00,In
0813432,2025-05-07 17:08:00,Out
0055024,2025-05-07 07:52:00,In
0055024,2025-05-07 16:12:00,Out
0078657,2025-05-07 08:41:00,In
0078657,2025-05-07 17:40:00,Out
0748083,2025-05-07 07:19:00,In
0748083,2025-05-07 17:16:00,Out
0673615,2025-05-07 08:55:00,In
0673615,2025-05-07 17:54:00,Out
0193586,2025-05-07 09:26:00,In
0193586,2025-05-07 18:57:00,Out
0479911,2025-05-07 08:21:00,In
0479911,2025-05-07 16:42:00,Out
0084387,2025-05-07 08:28:00,In
0084387,2025-05-07 18:00:00,Out
0416428,2025-05-07 08:02:00,In
0416428,2025-05-07 16:40:00,Out
0511122,2025-05-07 09:44:00,In
0511122,2025-05-07 16:00:00,Out
0777956,2025-05-07 09:26:00,In
0777956,2025-05-07 18:04:00,Out
0462926,2025-05-07 08:55:00,In
0462926,2025-05-07 16:41:00,Out
0884652,2025-05-07 09:44:00,In
0884652,2025-05-07 18:04:00,Out
0185217,2025-05-08 07:26:00,In
0185217,2025-05-08 18:14:00,Out
0804447,2025-05-08 09:09:00,In
0804447,2025-05-08 16:54:00,Out
0813432,2025-05-08 08:45:00,In
0813432,2025-05-08 17:42:00,Out
0055024,2025-05-08 07:25:00,In
0055024,2025-05-08 17:01:00,Out
0078657,2025-05-08 09:49:00,In
0078657,2025-05-08 18:52:00,Out
0748083,2025-05-08 07:49:00,In
0748083,2025-05-08 17:35:00,Out
0673615,2025-05-08 08:48:00,In
0673615,2025-05-08 17:48:00,Out
0193586,2025-05-08 07:44:00,In
0193586,2025-05-08 18:19:00,Out
0479911,2025-05-08 08:38:00,In
0479911,2025-05-08 17:19:00,Out
0084387,2025-05-08 07:40:00,In
0084387,2025-05-08 17:59:00,Out
0416428,2025-05-08 07:22:00,In
0416428,2025-05-08 16:15:00,Out
0511122,2025-05-08 09:34:00,In
0511122,2025-05-08 16:49:00,Out
0777956,2025-05-08 08:32:00,In
0777956,2025-05-08 17:35:00,Out
0462926,2025-05-08 08:57:00,In
0462926,2025-05-08 16:20:00,Out
0884652,2025-05-08 09:35:00,In
0884652,2025-05-08 18:21:00,Out
0185217,2025-05-09 08:01:00,In
0185217,2025-05-09 18:10:00,Out
0804447,2025-05-09 08:14:00,In
0804447,2025-05-09 18:17:00,Out
0813432,2025-05-09 07:08:00,In
0813432,2025-05-09 18:25:00,Out
0055024,2025-05-09 07:36:00,In
0055024,2025-05-09 16:43:00,Out
0078657,2025-05-09 07:58:00,In
0078657,2025-05-09 17:59:00,Out
0748083,2025-05-09 09:57:00,In
0748083,2025-05-09 17:36:00,Out
0673615,2025-05-09 08:41:00,In
0673615,2025-05-09 17:54:00,Out
0193586,2025-05-09 09:51:00,In
0193586,2025-05-09 18:22:00,Out
0479911,2025-05-09 07:35:00,In
0479911,2025-05-09 16:56:00,Out
0084387,2025-05-09 09:29:00,In
0084387,2025-05-09 16:40:00,Out
0416428,2025-05-09 09:50:00,In
0416428,2025-05-09 16:05:00,Out
0511122,2025-05-09 09:58:00,In
0511122,2025-05-09 17:15:00,Out
0777956,2025-05-09 09:31:00,In
0777956,2025-05-09 18:58:00,Out
0462926,2025-05-09 09:34:00,In
0462926,2025-05-09 18:37:00,Out
0884652,2025-05-09 07:45:00,In
0884652,2025-05-09 17:25:00,Out
0185217,2025-05-10 09:46:00,In
0185217,2025-05-10 16:26:00,Out
0804447,2025-05-10 07:32:00,In
0804447,2025-05-10 18:56:00,Out
0813432,2025-05-10 08:28:00,In
0813432,2025-05-10 17:09:00,Out
0055024,2025-05-10 08:49:00,In
0055024,2025-05-10 18:20:00,Out
0078657,2025-05-10 08:22:00,In
0078657,2025-05-10 17:09:00,Out
0748083,2025-05-10 08:46:00,In
0748083,2025-05-10 17:28:00,Out
0673615,2025-05-10 07:21:00,In
0673615,2025-05-10 18:53:00,Out
0193586,2025-05-10 08:40:00,In
0193586,2025-05-10 17:33:00,Out
0479911,2025-05-10 07:28:00,In
0479911,2025-05-10 16:49:00,Out
0084387,2025-05-10 08:19:00,In
0084387,2025-05-10 16:35:00,Out
0416428,2025-05-10 07:00:00,In
0416428,2025-05-10 16:39:00,Out
0511122,2025-05-10 08:44:00,In
0511122,2025-05-10 17:33:00,Out
0777956,2025-05-10 08:26:00,In
0777956,2025-05-10 17:05:00,Out
0462926,2025-05-10 08:11:00,In
0462926,2025-05-10 18:26:00,Out
0884652,2025-05-10 07:09:00,In
0884652,2025-05-10 18:45:00,Out
0185217,2025-05-11 09:55:00,In
0185217,2025-05-11 18:41:00,Out
0804447,2025-05-11 07:18:00,In
0804447,2025-05-11 16:24:00,Out
0813432,2025-05-11 07:07:00,In
0813432,2025-05-11 17:11:00,Out
0055024,2025-05-11 08:55:00,In
0055024,2025-05-11 16:13:00,Out
0078657,2025-05-11 07:40:00,In
0078657,2025-05-11 18:40:00,Out
0748083,2025-05-11 08:31:00,In
0748083,2025-05-11 18:38:00,Out
0673615,2025-05-11 09:14:00,In
0673615,2025-05-11 18:56:00,Out
0193586,2025-05-11 07:24:00,In
0193586,2025-05-11 16:15:00,Out
0479911,2025-05-11 09:03:00,In
0479911,2025-05-11 17:33:00,Out
0084387,2025-05-11 09:27:00,In
0084387,2025-05-11 17:06:00,Out
0416428,2025-05-11 09:11:00,In
0416428,2025-05-11 17:48:00,Out
0511122,2025-05-11 07:58:00,In
0511122,2025-05-11 16:19:00,Out
0777956,2025-05-11 08:59:00,In
0777956,2025-05-11 17:27:00,Out
0462926,2025-05-11 09:38:00,In
0462926,2025-05-11 16:07:00,Out
0884652,2025-05-11 07:02:00,In
0884652,2025-05-11 18:59:00,Out
0185217,2025-05-12 09:59:00,In
0185217,2025-05-12 18:50:00,Out
0804447,2025-05-12 07:58:00,In
0804447,2025-05-12 16:37:00,Out
0813432,2025-05-12 08:58:00,In
0813432,2025-05-12 17:20:00,Out
0055024,2025-05-12 08:14:00,In
0055024,2025-05-12 18:04:00,Out
0078657,2025-05-12 07:00:00,In
0078657,2025-05-12 16:42:00,Out
0748083,2025-05-12 07:59:00,In
0748083,2025-05-12 18:18:00,Out
0673615,2025-05-12 09:36:00,In
0673615,2025-05-12 16:15:00,Out
0193586,2025-05-12 07:53:00,In
0193586,2025-05-12 17:28:00,Out
0479911,2025-05-12 09:11:00,In
0479911,2025-05-12 16:14:00,Out
0084387,2025-05-12 09:04:00,In
0084387,2025-05-12 16:49:00,Out
0416428,2025-05-12 08:18:00,In
0416428,2025-05-12 17:52:00,Out
0511122,2025-05-12 08:56:00,In
0511122,2025-05-12 17:56:00,Out
0777956,2025-05-12 09:20:00,In
0777956,2025-05-12 16:55:00,Out
0462926,2025-05-12 09:00:00,In
0462926,2025-05-12 16:42:00,Out
0884652,2025-05-12 08:56:00,In
0884652,2025-05-12 18:02:00,Out
0185217,2025-05-13 08:39:00,In
0185217,2025-05-13 16:32:00,Out
0804447,2025-05-13 07:21:00,In
0804447,2025-05-13 18:34:00,Out
0813432,2025-05-13 08:17:00,In
0813432,2025-05-13 18:24:00,Out
0055024,2025-05-13 07:29:00,In
0055024,2025-05-13 17:37:00,Out
0078657,2025-05-13 07:08:00,In
0078657,2025-05-13 16:41:00,Out
0748083,2025-05-13 09:56:00,In
0748083,2025-05-13 16:47:00,Out
0673615,2025-05-13 08:30:00,In
0673615,2025-05-13 16:12:00,Out
0193586,2025-05-13 09:33:00,In
0193586,2025-05-13 16:24:00,Out
0479911,2025-05-13 09:22:00,In
0479911,2025-05-13 18:04:00,Out
0084387,2025-05-13 07:57:00,In
0084387,2025-05-13 18:04:00,Out
0416428,2025-05-13 09:01:00,In
0416428,2025-05-13 17:08:00,Out
0511122,2025-05-13 07:08:00,In
0511122,2025-05-13 17:37:00,Out
0777956,2025-05-13 09:28:00,In
0777956,2025-05-13 18:12:00,Out
0462926,2025-05-13 08:39:00,In
0462926,2025-05-13 16:54:00,Out
0884652,2025-05-13 07:43:00,In
0884652,2025-05-13 18:42:00,Out
0185217,2025-05-14 09:32:00,In
0185217,2025-05-14 18:01:00,Out
0804447,2025-05-14 09:22:00,In
0804447,2025-05-14 17:58:00,Out
0813432,2025-05-14 07:26:00,In
0813432,2025-05-14 16:06:00,Out
0055024,2025-05-14 08:50:00,In
0055024,2025-05-14 18:40:00,Out
0078657,2025-05-14 07:45:00,In
0078657,2025-05-14 16:36:00,Out
0748083,2025-05-14 09:08:00,In
0748083,2025-05-14 17:49:00,Out
0673615,2025-05-14 07:34:00,In
0673615,2025-05-14 17:09:00,Out
0193586,2025-05-14 08:26:00,In
0193586,2025-05-14 16:51:00,Out
0479911,2025-05-14 07:02:00,In
0479911,2025-05-14 17:20:00,Out
0084387,2025-05-14 07:46:00,In
0084387,2025-05-14 18:07:00,Out
0416428,2025-05-14 09:55:00,In
0416428,2025-05-14 16:49:00,Out
0511122,2025-05-14 08:44:00,In
0511122,2025-05-14 17:41:00,Out
0777956,2025-05-14 09:22:00,In
0777956,2025-05-14 18:48:00,Out
0462926,2025-05-14 07:09:00,In
0462926,2025-05-14 18:07:00,Out
0884652,2025-05-14 07:05:00,In
0884652,2025-05-14 18:59:00,Out
0185217,2025-05-15 08:39:00,In
0185217,2025-05-15 18:05:00,Out
0804447,2025-05-15 08:47:00,In
0804447,2025-05-15 17:01:00,Out
0813432,2025-05-15 08:45:00,In
0813432,2025-05-15 18:23:00,Out
0055024,2025-05-15 09:20:00,In
0055024,2025-05-15 16:05:00,Out
0078657,2025-05-15 09:03:00,In
0078657,2025-05-15 17:52:00,Out
0748083,2025-05-15 08:48:00,In
0748083,2025-05-15 16:12:00,Out
0673615,2025-05-15 08:37:00,In
0673615,2025-05-15 17:28:00,Out
0193586,2025-05-15 09:58:00,In
0193586,2025-05-15 16:03:00,Out
0479911,2025-05-15 07:40:00,In
0479911,2025-05-15 18:04:00,Out
0084387,2025-05-15 07:38:00,In
0084387,2025-05-15 17:34:00,Out
0416428,2025-05-15 08:01:00,In
0416428,2025-05-15 18:50:00,Out
0511122,2025-05-15 09:21:00,In
0511122,2025-05-15 17:07:00,Out
0777956,2025-05-15 07:42:00,In
0777956,2025-05-15 17:03:00,Out
0462926,2025-05-15 09:55:00,In
0462926,2025-05-15 18:00:00,Out
0884652,2025-05-15 09:53:00,In
0884652,2025-05-15 18:18:00,Out
0185217,2025-05-16 07:54:00,In
0185217,2025-05-16 18:28:00,Out
0804447,2025-05-16 07:29:00,In
0804447,2025-05-16 17:35:00,Out
0813432,2025-05-16 07:32:00,In
0813432,2025-05-16 18:40:00,Out
0055024,2025-05-16 09:25:00,In
0055024,2025-05-16 17:45:00,Out
0078657,2025-05-16 07:54:00,In
0078657,2025-05-16 16:36:00,Out
0748083,2025-05-16 08:29:00,In
0748083,2025-05-16 16:01:00,Out
0673615,2025-05-16 08:09:00,In
0673615,2025-05-16 17:14:00,Out
0193586,2025-05-16 07:51:00,In
0193586,2025-05-16 18:08:00,Out
0479911,2025-05-16 08:12:00,In
0479911,2025-05-16 17:15:00,Out
0084387,2025-05-16 07:48:00,In
0084387,2025-05-16 17:01:00,Out
0416428,2025-05-16 08:59:00,In
0416428,2025-05-16 16:14:00,Out
0511122,2025-05-16 09:23:00,In
0511122,2025-05-16 18:46:00,Out
0777956,2025-05-16 08:31:00,In
0777956,2025-05-16 17:21:00,Out
0462926,2025-05-16 09:27:00,In
0462926,2025-05-16 17:20:00,Out
0884652,2025-05-16 09:53:00,In
0884652,2025-05-16 17:29:00,Out
0185217,2025-05-17 08:03:00,In
0185217,2025-05-17 17:07:00,Out
0804447,2025-05-17 09:37:00,In
0804447,2025-05-17 18:13:00,Out
0813432,2025-05-17 07:29:00,In
0813432,2025-05-17 17:38:00,Out
0055024,2025-05-17 07:29:00,In
0055024,2025-05-17 16:30:00,Out
0078657,2025-05-17 09:58:00,In
0078657,2025-05-17 17:45:00,Out
0748083,2025-05-17 09:46:00,In
0748083,2025-05-17 18:37:00,Out
0673615,2025-05-17 08:02:00,In
0673615,2025-05-17 18:51:00,Out
0193586,2025-05-17 08:03:00,In
0193586,2025-05-17 18:50:00,Out
0479911,2025-05-17 08:44:00,In
0479911,2025-05-17 16:24:00,Out
0084387,2025-05-17 07:43:00,In
0084387,2025-05-17 16:51:00,Out
0416428,2025-05-17 09:09:00,In
0416428,2025-05-17 16:25:00,Out
0511122,2025-05-17 08:33:00,In
0511122,2025-05-17 18:58:00,Out
0777956,2025-05-17 08:29:00,In
0777956,2025-05-17 18:38:00,Out
0462926,2025-05-17 08:50:00,In
0462926,2025-05-17 17:34:00,Out
0884652,2025-05-17 08:55:00,In
0884652,2025-05-17 16:20:00,Out
0185217,2025-05-18 09:24:00,In
0185217,2025-05-18 18:50:00,Out
0804447,2025-05-18 09:15:00,In
0804447,2025-05-18 17:19:00,Out
0813432,2025-05-18 09:21:00,In
0813432,2025-05-18 16:06:00,Out
0055024,2025-05-18 09:00:00,In
0055024,2025-05-18 18:21:00,Out
0078657,2025-05-18 09:57:00,In
0078657,2025-05-18 17:09:00,Out
0748083,2025-05-18 09:22:00,In
0748083,2025-05-18 18:07:00,Out
0673615,2025-05-18 09:30:00,In
0673615,2025-05-18 16:15:00,Out
0193586,2025-05-18 09:17:00,In
0193586,2025-05-18 16:30:00,Out
0479911,2025-05-18 09:37:00,In
0479911,2025-05-18 16:04:00,Out
0084387,2025-05-18 08:57:00,In
0084387,2025-05-18 17:29:00,Out
0416428,2025-05-18 07:21:00,In
0416428,2025-05-18 18:14:00,Out
0511122,2025-05-18 07:49:00,In
0511122,2025-05-18 16:00:00,Out
0777956,2025-05-18 09:23:00,In
0777956,2025-05-18 16:24:00,Out
0462926,2025-05-18 08:25:00,In
0462926,2025-05-18 17:11:00,Out
0884652,2025-05-18 08:08:00,In
0884652,2025-05-18 18:45:00,Out
0185217,2025-05-19 08:27:00,In
0185217,2025-05-19 17:42:00,Out
0804447,2025-05-19 07:44:00,In
0804447,2025-05-19 16:32:00,Out
0813432,2025-05-19 07:05:00,In
0813432,2025-05-19 16:05:00,Out
0055024,2025-05-19 07:34:00,In
0055024,2025-05-19 18:20:00,Out
0078657,2025-05-19 07:33:00,In
0078657,2025-05-19 17:33:00,Out
0748083,2025-05-19 07:35:00,In
0748083,2025-05-19 18:52:00,Out
0673615,2025-05-19 09:47:00,In
0673615,2025-05-19 18:53:00,Out
0193586,2025-05-19 07:23:00,In
0193586,2025-05-19 16:06:00,Out
0479911,2025-05-19 09:33:00,In
0479911,2025-05-19 18:28:00,Out
0084387,2025-05-19 08:44:00,In
0084387,2025-05-19 18:08:00,Out
0416428,2025-05-19 07:59:00,In
0416428,2025-05-19 17:06:00,Out
0511122,2025-05-19 08:56:00,In
0511122,2025-05-19 17:57:00,Out
0777956,2025-05-19 08:18:00,In
0777956,2025-05-19 16:02:00,Out
0462926,2025-05-19 09:12:00,In
0462926,2025-05-19 18:45:00,Out
0884652,2025-05-19 07:30:00,In
0884652,2025-05-19 16:34:00,Out
0185217,2025-05-20 08:16:00,In
0185217,2025-05-20 18:10:00,Out
0804447,2025-05-20 07:22:00,In
0804447,2025-05-20 16:26:00,Out
0813432,2025-05-20 07:26:00,In
0813432,2025-05-20 17:24:00,Out
0055024,2025-05-20 08:51:00,In
0055024,2025-05-20 16:09:00,Out
0078657,2025-05-20 09:31:00,In
0078657,2025-05-20 16:06:00,Out
0748083,2025-05-20 09:49:00,In
0748083,2025-05-20 16:36:00,Out
0673615,2025-05-20 08:12:00,In
0673615,2025-05-20 16:27:00,Out
0193586,2025-05-20 08:07:00,In
0193586,2025-05-20 17:23:00,Out
0479911,2025-05-20 09:15:00,In
0479911,2025-05-20 16:54:00,Out
0084387,2025-05-20 08:11:00,In
0084387,2025-05-20 17:16:00,Out
0416428,2025-05-20 08:22:00,In
0416428,2025-05-20 17:59:00,Out
0511122,2025-05-20 07:20:00,In
0511122,2025-05-20 16:49:00,Out
0777956,2025-05-20 07:54:00,In
0777956,2025-05-20 18:34:00,Out
0462926,2025-05-20 07:23:00,In
0462926,2025-05-20 16:28:00,Out
0884652,2025-05-20 08:04:00,In
0884652,2025-05-20 18:03:00,Out
0185217,2025-05-21 07:31:00,In
0185217,2025-05-21 18:12:00,Out
0804447,2025-05-21 08:16:00,In
0804447,2025-05-21 17:58:00,Out
0813432,2025-05-21 09:17:00,In
0813432,2025-05-21 17:37:00,Out
0055024,2025-05-21 09:56:00,In
0055024,2025-05-21 16:50:00,Out
0078657,2025-05-21 09:51:00,In
0078657,2025-05-21 16:32:00,Out
0748083,2025-05-21 07:49:00,In
0748083,2025-05-21 18:08:00,Out
0673615,2025-05-21 09:23:00,In
0673615,2025-05-21 17:53:00,Out
0193586,2025-05-21 09:55:00,In
0193586,2025-05-21 18:38:00,Out
0479911,2025-05-21 09:35:00,In
0479911,2025-05-21 16:42:00,Out
0084387,2025-05-21 07:28:00,In
0084387,2025-05-21 17:05:00,Out
0416428,2025-05-21 07:02:00,In
0416428,2025-05-21 16:17:00,Out
0511122,2025-05-21 09:27:00,In
0511122,2025-05-21 18:38:00,Out
0777956,2025-05-21 08:46:00,In
0777956,2025-05-21 18:49:00,Out
0462926,2025-05-21 08:42:00,In
0462926,2025-05-21 16:40:00,Out
0884652,2025-05-21 07:18:00,In
0884652,2025-05-21 17:47:00,Out
0185217,2025-05-22 08:42:00,In
0185217,2025-05-22 18:32:00,Out
0804447,2025-05-22 07:02:00,In
0804447,2025-05-22 18:43:00,Out
0813432,2025-05-22 09:42:00,In
0813432,2025-05-22 18:34:00,Out
0055024,2025-05-22 09:34:00,In
0055024,2025-05-22 16:07:00,Out
0078657,2025-05-22 08:32:00,In
0078657,2025-05-22 16:30:00,Out
0748083,2025-05-22 07:34:00,In
0748083,2025-05-22 16:10:00,Out
0673615,2025-05-22 08:46:00,In
0673615,2025-05-22 16:17:00,Out
0193586,2025-05-22 07:04:00,In
0193586,2025-05-22 16:14:00,Out
0479911,2025-05-22 09:02:00,In
0479911,2025-05-22 18:56:00,Out
0084387,2025-05-22 07:15:00,In
0084387,2025-05-22 17:49:00,Out
0416428,2025-05-22 09:48:00,In
0416428,2025-05-22 17:23:00,Out
0511122,2025-05-22 07:59:00,In
0511122,2025-05-22 17:10:00,Out
0777956,2025-05-22 08:57:00,In
0777956,2025-05-22 16:01:00,Out
0462926,2025-05-22 09:20:00,In
0462926,2025-05-22 18:04:00,Out
0884652,2025-05-22 08:25:00,In
0884652,2025-05-22 18:41:00,Out
0185217,2025-05-23 09:54:00,In
0185217,2025-05-23 18:37:00,Out
0804447,2025-05-23 07:22:00,In
0804447,2025-05-23 18:38:00,Out
0813432,2025-05-23 08:26:00,In
0813432,2025-05-23 16:52:00,Out
0055024,2025-05-23 07:10:00,In
0055024,2025-05-23 17:53:00,Out
0078657,2025-05-23 07:00:00,In
0078657,2025-05-23 17:26:00,Out
0748083,2025-05-23 07:07:00,In
0748083,2025-05-23 16:11:00,Out
0673615,2025-05-23 08:57:00,In
0673615,2025-05-23 16:28:00,Out
0193586,2025-05-23 08:25:00,In
0193586,2025-05-23 16:51:00,Out
0479911,2025-05-23 09:05:00,In
0479911,2025-05-23 18:16:00,Out
0084387,2025-05-23 08:03:00,In
0084387,2025-05-23 18:11:00,Out
0416428,2025-05-23 08:38:00,In
0416428,2025-05-23 16:58:00,Out
0511122,2025-05-23 08:28:00,In
0511122,2025-05-23 17:33:00,Out
0777956,2025-05-23 08:53:00,In
0777956,2025-05-23 16:02:00,Out
0462926,2025-05-23 07:53:00,In
0462926,2025-05-23 17:49:00,Out
0884652,2025-05-23 08:38:00,In
0884652,2025-05-23 16:39:00,Out
0185217,2025-05-24 09:18:00,In
0185217,2025-05-24 18:47:00,Out
0804447,2025-05-24 07:27:00,In
0804447,2025-05-24 17:30:00,Out
0813432,2025-05-24 08:53:00,In
0813432,2025-05-24 18:44:00,Out
0055024,2025-05-24 09:27:00,In
0055024,2025-05-24 18:25:00,Out
0078657,2025-05-24 08:52:00,In
0078657,2025-05-24 18:37:00,Out
0748083,2025-05-24 07:55:00,In
0748083,2025-05-24 16:21:00,Out
0673615,2025-05-24 09:05:00,In
0673615,2025-05-24 17:04:00,Out
0193586,2025-05-24 07:02:00,In
0193586,2025-05-24 18:19:00,Out
0479911,2025-05-24 09:56:00,In
0479911,2025-05-24 18:54:00,Out
0084387,2025-05-24 09:12:00,In
0084387,2025-05-24 17:13:00,Out
0416428,2025-05-24 09:57:00,In
0416428,2025-05-24 16:41:00,Out
0511122,2025-05-24 07:04:00,In
0511122,2025-05-24 17:50:00,Out
0777956,2025-05-24 09:40:00,In
0777956,2025-05-24 16:58:00,Out
0462926,2025-05-24 08:16:00,In
0462926,2025-05-24 16:36:00,Out
0884652,2025-05-24 08:05:00,In
0884652,2025-05-24 18:16:00,Out
0185217,2025-05-25 09:48:00,In
0185217,2025-05-25 17:55:00,Out
0804447,2025-05-25 07:11:00,In
0804447,2025-05-25 17:06:00,Out
0813432,2025-05-25 09:41:00,In
0813432,2025-05-25 17:26:00,Out
0055024,2025-05-25 08:16:00,In
0055024,2025-05-25 17:21:00,Out
0078657,2025-05-25 09:25:00,In
0078657,2025-05-25 17:05:00,Out
0748083,2025-05-25 07:55:00,In
0748083,2025-05-25 18:17:00,Out
0673615,2025-05-25 08:20:00,In
0673615,2025-05-25 18:22:00,Out
0193586,2025-05-25 09:44:00,In
0193586,2025-05-25 16:03:00,Out
0479911,2025-05-25 08:52:00,In
0479911,2025-05-25 17:49:00,Out
0084387,2025-05-25 07:35:00,In
0084387,2025-05-25 16:41:00,Out
0416428,2025-05-25 09:25:00,In
0416428,2025-05-25 18:21:00,Out
0511122,2025-05-25 08:08:00,In
0511122,2025-05-25 17:15:00,Out
0777956,2025-05-25 07:49:00,In
0777956,2025-05-25 17:27:00,Out
0462926,2025-05-25 09:23:00,In
0462926,2025-05-25 16:41:00,Out
0884652,2025-05-25 09:49:00,In
0884652,2025-05-25 16:32:00,Out
0185217,2025-05-26 08:41:00,In
0185217,2025-05-26 17:47:00,Out
0804447,2025-05-26 08:08:00,In
0804447,2025-05-26 17:03:00,Out
0813432,2025-05-26 09:00:00,In
0813432,2025-05-26 17:35:00,Out
0055024,2025-05-26 07:17:00,In
0055024,2025-05-26 17:55:00,Out
0078657,2025-05-26 07:25:00,In
0078657,2025-05-26 16:54:00,Out
0748083,2025-05-26 09:58:00,In
0748083,2025-05-26 16:43:00,Out
0673615,2025-05-26 08:35:00,In
0673615,2025-05-26 16:55:00,Out
0193586,2025-05-26 09:45:00,In
0193586,2025-05-26 18:13:00,Out
0479911,2025-05-26 07:48:00,In
0479911,2025-05-26 18:57:00,Out
0084387,2025-05-26 07:16:00,In
0084387,2025-05-26 17:08:00,Out
0416428,2025-05-26 09:46:00,In
0416428,2025-05-26 16:58:00,Out
0511122,2025-05-26 08:45:00,In
0511122,2025-05-26 17:25:00,Out
0777956,2025-05-26 07:16:00,In
0777956,2025-05-26 18:44:00,Out
0462926,2025-05-26 08:45:00,In
0462926,2025-05-26 16:07:00,Out
0884652,2025-05-26 07:52:00,In
0884652,2025-05-26 17:41:00,Out
0185217,2025-05-27 09:33:00,In
0185217,2025-05-27 17:35:00,Out
0804447,2025-05-27 09:42:00,In
0804447,2025-05-27 18:51:00,Out
0813432,2025-05-27 08:55:00,In
0813432,2025-05-27 16:15:00,Out
0055024,2025-05-27 09:39:00,In
0055024,2025-05-27 18:25:00,Out
0078657,2025-05-27 07:56:00,In
0078657,2025-05-27 17:30:00,Out
0748083,2025-05-27 09:17:00,In
0748083,2025-05-27 16:26:00,Out
0673615,2025-05-27 07:19:00,In
0673615,2025-05-27 18:43:00,Out
0193586,2025-05-27 07:39:00,In
0193586,2025-05-27 18:13:00,Out
0479911,2025-05-27 09:15:00,In
0479911,2025-05-27 17:38:00,Out
0084387,2025-05-27 09:41:00,In
0084387,2025-05-27 17:00:00,Out
0416428,2025-05-27 09:28:00,In
0416428,2025-05-27 16:14:00,Out
0511122,2025-05-27 08:43:00,In
0511122,2025-05-27 16:42:00,Out
0777956,2025-05-27 09:28:00,In
0777956,2025-05-27 18:17:00,Out
0462926,2025-05-27 08:50:00,In
0462926,2025-05-27 18:57:00,Out
0884652,2025-05-27 07:16:00,In
0884652,2025-05-27 16:49:00,Out
0185217,2025-05-28 07:44:00,In
0185217,2025-05-28 17:17:00,Out
0804447,2025-05-28 09:44:00,In
0804447,2025-05-28 16:27:00,Out
0813432,2025-05-28 08:33:00,In
0813432,2025-05-28 17:12:00,Out
0055024,2025-05-28 08:51:00,In
0055024,2025-05-28 16:12:00,Out
0078657,2025-05-28 08:09:00,In
0078657,2025-05-28 16:20:00,Out
0748083,2025-05-28 08:20:00,In
0748083,2025-05-28 18:41:00,Out
0673615,2025-05-28 07:48:00,In
0673615,2025-05-28 18:17:00,Out
0193586,2025-05-28 07:04:00,In
0193586,2025-05-28 16:11:00,Out
0479911,2025-05-28 09:31:00,In
0479911,2025-05-28 18:04:00,Out
0084387,2025-05-28 07:25:00,In
0084387,2025-05-28 16:23:00,Out
0416428,2025-05-28 08:13:00,In
0416428,2025-05-28 17:16:00,Out
0511122,2025-05-28 08:35:00,In
0511122,2025-05-28 18:59:00,Out
0777956,2025-05-28 07:26:00,In
0777956,2025-05-28 16:59:00,Out
0462926,2025-05-28 08:34:00,In
0462926,2025-05-28 16:07:00,Out
0884652,2025-05-28 09:51:00,In
0884652,2025-05-28 18:07:00,Out
0185217,2025-05-29 09:05:00,In
0185217,2025-05-29 17:32:00,Out
0804447,2025-05-29 07:12:00,In
0804447,2025-05-29 18:03:00,Out
0813432,2025-05-29 09:05:00,In
0813432,2025-05-29 17:42:00,Out
0055024,2025-05-29 09:50:00,In
0055024,2025-05-29 18:35:00,Out
0078657,2025-05-29 09:04:00,In
0078657,2025-05-29 18:33:00,Out
0748083,2025-05-29 08:56:00,In
0748083,2025-05-29 18:24:00,Out
0673615,2025-05-29 09:01:00,In
0673615,2025-05-29 16:05:00,Out
0193586,2025-05-29 08:37:00,In
0193586,2025-05-29 17:33:00,Out
0479911,2025-05-29 07:20:00,In
0479911,2025-05-29 16:40:00,Out
0084387,2025-05-29 07:06:00,In
0084387,2025-05-29 17:07:00,Out
0416428,2025-05-29 07:21:00,In
0416428,2025-05-29 18:22:00,Out
0511122,2025-05-29 08:54:00,In
0511122,2025-05-29 18:43:00,Out
0777956,2025-05-29 09:42:00,In
0777956,2025-05-29 17:56:00,Out
0462926,2025-05-29 07:12:00,In
0462926,2025-05-29 18:29:00,Out
0884652,2025-05-29 09:02:00,In
0884652,2025-05-29 17:28:00,Out
0185217,2025-05-30 08:14:00,In
0185217,2025-05-30 17:32:00,Out
0804447,2025-05-30 08:23:00,In
0804447,2025-05-30 18:22:00,Out
0813432,2025-05-30 07:55:00,In
0813432,2025-05-30 18:04:00,Out
0055024,2025-05-30 08:01:00,In
0055024,2025-05-30 17:54:00,Out
0078657,2025-05-30 08:58:00,In
0078657,2025-05-30 16:22:00,Out
0748083,2025-05-30 07:42:00,In
0748083,2025-05-30 17:33:00,Out
0673615,2025-05-30 07:15:00,In
0673615,2025-05-30 17:34:00,Out
0193586,2025-05-30 07:14:00,In
0193586,2025-05-30 16:12:00,Out
0479911,2025-05-30 09:50:00,In
0479911,2025-05-30 16:57:00,Out
0084387,2025-05-30 09:34:00,In
0084387,2025-05-30 18:05:00,Out
0416428,2025-05-30 07:36:00,In
0416428,2025-05-30 18:18:00,Out
0511122,2025-05-30 07:30:00,In
0511122,2025-05-30 18:10:00,Out
0777956,2025-05-30 09:25:00,In
0777956,2025-05-30 17:57:00,Out
0462926,2025-05-30 08:20:00,In
0462926,2025-05-30 18:54:00,Out
0884652,2025-05-30 08:53:00,In
0884652,2025-05-30 17:21:00,Out
0185217,2025-05-31 08:43:00,In
0185217,2025-05-31 16:55:00,Out
0804447,2025-05-31 08:08:00,In
0804447,2025-05-31 16:36:00,Out
0813432,2025-05-31 09:45:00,In
0813432,2025-05-31 16:29:00,Out
0055024,2025-05-31 07:03:00,In
0055024,2025-05-31 17:43:00,Out
0078657,2025-05-31 07:49:00,In
0078657,2025-05-31 17:38:00,Out
0748083,2025-05-31 09:01:00,In
0748083,2025-05-31 17:17:00,Out
0673615,2025-05-31 07:23:00,In
0673615,2025-05-31 17:38:00,Out
0193586,2025-05-31 07:32:00,In
0193586,2025-05-31 16:36:00,Out
0479911,2025-05-31 07:03:00,In
0479911,2025-05-31 17:34:00,Out
0084387,2025-05-31 08:21:00,In
0084387,2025-05-31 17:39:00,Out
0416428,2025-05-31 07:03:00,In
0416428,2025-05-31 17:22:00,Out
0511122,2025-05-31 09:24:00,In
0511122,2025-05-31 17:14:00,Out
0777956,2025-05-31 08:11:00,In
0777956,2025-05-31 17:48:00,Out
0462926,2025-05-31 09:52:00,In
0462926,2025-05-31 18:18:00,Out
0884652,2025-05-31 09:04:00,In
0884652,2025-05-31 18:06:00,Out
0185217,2025-06-01 07:22:00,In
0185217,2025-06-01 17:26:00,Out
0804447,2025-06-01 09:48:00,In
0804447,2025-06-01 16:51:00,Out
0813432,2025-06-01 07:44:00,In
0813432,2025-06-01 17:37:00,Out
0055024,2025-06-01 07:07:00,In
0055024,2025-06-01 16:42:00,Out
0078657,2025-06-01 09:00:00,In
0078657,2025-06-01 18:32:00,Out
0748083,2025-06-01 09:09:00,In
0748083,2025-06-01 17:42:00,Out
0673615,2025-06-01 07:15:00,In
0673615,2025-06-01 16:09:00,Out
0193586,2025-06-01 08:45:00,In
0193586,2025-06-01 17:56:00,Out
0479911,2025-06-01 09:29:00,In
0479911,2025-06-01 17:45:00,Out
0084387,2025-06-01 08:39:00,In
0084387,2025-06-01 16:26:00,Out
0416428,2025-06-01 08:03:00,In
0416428,2025-06-01 16:46:00,Out
0511122,2025-06-01 08:44:00,In
0511122,2025-06-01 18:12:00,Out
0777956,2025-06-01 07:15:00,In
0777956,2025-06-01 18:40:00,Out
0462926,2025-06-01 07:21:00,In
0462926,2025-06-01 17:09:00,Out
0884652,2025-06-01 08:42:00,In
0884652,2025-06-01 16:59:00,Out
0185217,2025-06-02 09:01:00,In
0185217,2025-06-02 16:28:00,Out
0804447,2025-06-02 07:05:00,In
0804447,2025-06-02 16:58:00,Out
0813432,2025-06-02 07:21:00,In
0813432,2025-06-02 16:23:00,Out
0055024,2025-06-02 07:17:00,In
0055024,2025-06-02 17:44:00,Out
0078657,2025-06-02 07:16:00,In
0078657,2025-06-02 17:38:00,Out
0748083,2025-06-02 09:48:00,In
0748083,2025-06-02 17:12:00,Out
0673615,2025-06-02 09:40:00,In
0673615,2025-06-02 18:14:00,Out
0193586,2025-06-02 07:40:00,In
0193586,2025-06-02 17:37:00,Out
0479911,2025-06-02 09:44:00,In
0479911,2025-06-02 16:26:00,Out
0084387,2025-06-02 07:00:00,In
0084387,2025-06-02 16:19:00,Out
0416428,2025-06-02 08:54:00,In
0416428,2025-06-02 18:36:00,Out
0511122,2025-06-02 08:00:00,In
0511122,2025-06-02 16:43:00,Out
0777956,2025-06-02 07:03:00,In
0777956,2025-06-02 18:19:00,Out
0462926,2025-06-02 08:15:00,In
0462926,2025-06-02 17:36:00,Out
0884652,2025-06-02 08:23:00,In
0884652,2025-06-02 18:19:00,Out
0185217,2025-06-03 08:20:00,In
0185217,2025-06-03 16:52:00,Out
0804447,2025-06-03 07:41:00,In
0804447,2025-06-03 18:51:00,Out
0813432,2025-06-03 08:46:00,In
0813432,2025-06-03 18:28:00,Out
0055024,2025-06-03 09:25:00,In
0055024,2025-06-03 18:11:00,Out
0078657,2025-06-03 07:41:00,In
0078657,2025-06-03 17:11:00,Out
0748083,2025-06-03 07:47:00,In
0748083,2025-06-03 16:33:00,Out
0673615,2025-06-03 09:43:00,In
0673615,2025-06-03 16:43:00,Out
0193586,2025-06-03 07:39:00,In
0193586,2025-06-03 17:28:00,Out
0479911,2025-06-03 09:00:00,In
0479911,2025-06-03 18:25:00,Out
0084387,2025-06-03 08:25:00,In
0084387,2025-06-03 17:33:00,Out
0416428,2025-06-03 09:07:00,In
0416428,2025-06-03 18:21:00,Out
0511122,2025-06-03 09:10:00,In
0511122,2025-06-03 18:57:00,Out
0777956,2025-06-03 09:33:00,In
0777956,2025-06-03 17:08:00,Out
0462926,2025-06-03 07:24:00,In
0462926,2025-06-03 16:33:00,Out
0884652,2025-06-03 07:53:00,In
0884652,2025-06-03 16:00:00,Out
0185217,2025-06-04 09:06:00,In
0185217,2025-06-04 18:04:00,Out
0804447,2025-06-04 08:10:00,In
0804447,2025-06-04 17:08:00,Out
0813432,2025-06-04 09:11:00,In
0813432,2025-06-04 16:37:00,Out
0055024,2025-06-04 08:24:00,In
0055024,2025-06-04 17:54:00,Out
0078657,2025-06-04 09:12:00,In
0078657,2025-06-04 16:20:00,Out
0748083,2025-06-04 07:30:00,In
0748083,2025-06-04 16:40:00,Out
0673615,2025-06-04 09:11:00,In
0673615,2025-06-04 18:24:00,Out
0193586,2025-06-04 08:11:00,In
0193586,2025-06-04 18:44:00,Out
0479911,2025-06-04 09:44:00,In
0479911,2025-06-04 16:03:00,Out
0084387,2025-06-04 07:16:00,In
0084387,2025-06-04 16:11:00,Out
0416428,2025-06-04 09:41:00,In
0416428,2025-06-04 16:08:00,Out
0511122,2025-06-04 07:11:00,In
0511122,2025-06-04 17:39:00,Out
0777956,2025-06-04 09:04:00,In
0777956,2025-06-04 17:00:00,Out
0462926,2025-06-04 08:35:00,In
0462926,2025-06-04 16:10:00,Out
0884652,2025-06-04 09:56:00,In
0884652,2025-06-04 17:06:00,Out
0185217,2025-06-05 09:57:00,In
0185217,2025-06-05 16:19:00,Out
0804447,2025-06-05 09:43:00,In
0804447,2025-06-05 17:42:00,Out
0813432,2025-06-05 09:55:00,In
0813432,2025-06-05 18:04:00,Out
0055024,2025-06-05 07:00:00,In
0055024,2025-06-05 17:44:00,Out
0078657,2025-06-05 07:46:00,In
0078657,2025-06-05 17:42:00,Out
0748083,2025-06-05 09:58:00,In
0748083,2025-06-05 16:15:00,Out
0673615,2025-06-05 08:21:00,In
0673615,2025-06-05 18:49:00,Out
0193586,2025-06-05 07:42:00,In
0193586,2025-06-05 16:15:00,Out
0479911,2025-06-05 08:13:00,In
0479911,2025-06-05 16:43:00,Out
0084387,2025-06-05 09:29:00,In
0084387,2025-06-05 16:21:00,Out
0416428,2025-06-05 08:53:00,In
0416428,2025-06-05 18:57:00,Out
0511122,2025-06-05 08:11:00,In
0511122,2025-06-05 18:27:00,Out
0777956,2025-06-05 09:30:00,In
0777956,2025-06-05 17:45:00,Out
0462926,2025-06-05 09:06:00,In
0462926,2025-06-05 18:58:00,Out
0884652,2025-06-05 09:27:00,In
0884652,2025-06-05 17:42:00,Out
0185217,2025-06-06 09:56:00,In
0185217,2025-06-06 16:26:00,Out
0804447,2025-06-06 07:20:00,In
0804447,2025-06-06 18:07:00,Out
0813432,2025-06-06 09:45:00,In
0813432,2025-06-06 18:21:00,Out
0055024,2025-06-06 09:17:00,In
0055024,2025-06-06 16:43:00,Out
0078657,2025-06-06 09:55:00,In
0078657,2025-06-06 17:21:00,Out
0748083,2025-06-06 07:57:00,In
0748083,2025-06-06 16:23:00,Out
0673615,2025-06-06 07:59:00,In
0673615,2025-06-06 16:27:00,Out
0193586,2025-06-06 08:34:00,In
0193586,2025-06-06 17:42:00,Out
0479911,2025-06-06 09:08:00,In
0479911,2025-06-06 17:54:00,Out
0084387,2025-06-06 09:34:00,In
0084387,2025-06-06 17:20:00,Out
0416428,2025-06-06 08:58:00,In
0416428,2025-06-06 16:31:00,Out
0511122,2025-06-06 08:34:00,In
0511122,2025-06-06 17:07:00,Out
0777956,2025-06-06 07:39:00,In
0777956,2025-06-06 18:40:00,Out
0462926,2025-06-06 07:40:00,In
0462926,2025-06-06 17:06:00,Out
0884652,2025-06-06 08:46:00,In
0884652,2025-06-06 17:18:00,Out
0185217,2025-06-07 07:31:00,In
0185217,2025-06-07 17:02:00,Out
0804447,2025-06-07 08:28:00,In
0804447,2025-06-07 17:56:00,Out
0813432,2025-06-07 09:26:00,In
0813432,2025-06-07 16:01:00,Out
0055024,2025-06-07 09:17:00,In
0055024,2025-06-07 17:49:00,Out
0078657,2025-06-07 09:38:00,In
0078657,2025-06-07 16:13:00,Out
0748083,2025-06-07 08:25:00,In
0748083,2025-06-07 18:50:00,Out
0673615,2025-06-07 09:19:00,In
0673615,2025-06-07 18:33:00,Out
0193586,2025-06-07 08:14:00,In
0193586,2025-06-07 16:18:00,Out
0479911,2025-06-07 09:06:00,In
0479911,2025-06-07 18:59:00,Out
0084387,2025-06-07 09:40:00,In
0084387,2025-06-07 18:14:00,Out
0416428,2025-06-07 08:55:00,In
0416428,2025-06-07 17:25:00,Out
0511122,2025-06-07 07:09:00,In
0511122,2025-06-07 16:13:00,Out
0777956,2025-06-07 08:17:00,In
0777956,2025-06-07 16:51:00,Out
0462926,2025-06-07 08:11:00,In
0462926,2025-06-07 17:10:00,Out
0884652,2025-06-07 07:23:00,In
0884652,2025-06-07 18:02:00,Out
0185217,2025-06-08 08:22:00,In
0185217,2025-06-08 18:33:00,Out
0804447,2025-06-08 07:47:00,In
0804447,2025-06-08 18:06:00,Out
0813432,2025-06-08 07:37:00,In
0813432,2025-06-08 17:22:00,Out
0055024,2025-06-08 09:14:00,In
0055024,2025-06-08 16:39:00,Out
0078657,2025-06-08 09:22:00,In
0078657,2025-06-08 16:31:00,Out
0748083,2025-06-08 09:21:00,In
0748083,2025-06-08 17:35:00,Out
0673615,2025-06-08 08:17:00,In
0673615,2025-06-08 17:21:00,Out
0193586,2025-06-08 07:42:00,In
0193586,2025-06-08 18:35:00,Out
0479911,2025-06-08 08:51:00,In
0479911,2025-06-08 17:19:00,Out
0084387,2025-06-08 09:19:00,In
0084387,2025-06-08 16:36:00,Out
0416428,2025-06-08 08:45:00,In
0416428,2025-06-08 17:04:00,Out
0511122,2025-06-08 08:30:00,In
0511122,2025-06-08 17:32:00,Out
0777956,2025-06-08 07:21:00,In
0777956,2025-06-08 18:31:00,Out
0462926,2025-06-08 07:13:00,In
0462926,2025-06-08 18:09:00,Out
0884652,2025-06-08 07:59:00,In
0884652,2025-06-08 17:05:00,Out
0185217,2025-06-09 07:54:00,In
0185217,2025-06-09 18:35:00,Out
0804447,2025-06-09 09:30:00,In
0804447,2025-06-09 17:48:00,Out
0813432,2025-06-09 08:42:00,In
0813432,2025-06-09 16:19:00,Out
0055024,2025-06-09 08:43:00,In
0055024,2025-06-09 16:51:00,Out
0078657,2025-06-09 08:03:00,In
0078657,2025-06-09 18:27:00,Out
0748083,2025-06-09 07:04:00,In
0748083,2025-06-09 17:47:00,Out
0673615,2025-06-09 07:58:00,In
0673615,2025-06-09 16:50:00,Out
0193586,2025-06-09 09:30:00,In
0193586,2025-06-09 18:54:00,Out
0479911,2025-06-09 09:09:00,In
0479911,2025-06-09 18:25:00,Out
0084387,2025-06-09 09:37:00,In
0084387,2025-06-09 16:57:00,Out
0416428,2025-06-09 07:05:00,In
0416428,2025-06-09 16:08:00,Out
0511122,2025-06-09 09:47:00,In
0511122,2025-06-09 18:23:00,Out
0777956,2025-06-09 08:44:00,In
0777956,2025-06-09 18:46:00,Out
0462926,2025-06-09 08:20:00,In
0462926,2025-06-09 16:16:00,Out
0884652,2025-06-09 07:12:00,In
0884652,2025-06-09 17:13:00,Out
0185217,2025-06-10 07:49:00,In
0185217,2025-06-10 17:05:00,Out
0804447,2025-06-10 07:17:00,In
0804447,2025-06-10 16:38:00,Out
0813432,2025-06-10 07:57:00,In
0813432,2025-06-10 17:04:00,Out
0055024,2025-06-10 08:53:00,In
0055024,2025-06-10 18:53:00,Out
0078657,2025-06-10 09:44:00,In
0078657,2025-06-10 17:14:00,Out
0748083,2025-06-10 08:02:00,In
0748083,2025-06-10 18:06:00,Out
0673615,2025-06-10 07:41:00,In
0673615,2025-06-10 16:36:00,Out
0193586,2025-06-10 09:41:00,In
0193586,2025-06-10 16:50:00,Out
0479911,2025-06-10 07:42:00,In
0479911,2025-06-10 18:29:00,Out
0084387,2025-06-10 07:48:00,In
0084387,2025-06-10 16:10:00,Out
0416428,2025-06-10 08:38:00,In
0416428,2025-06-10 18:32:00,Out
0511122,2025-06-10 07:38:00,In
0511122,2025-06-10 18:57:00,Out
0777956,2025-06-10 09:09:00,In
0777956,2025-06-10 17:49:00,Out
0462926,2025-06-10 08:32:00,In
0462926,2025-06-10 18:33:00,Out
0884652,2025-06-10 07:09:00,In
0884652,2025-06-10 18:16:00,Out
0185217,2025-06-11 09:52:00,In
0185217,2025-06-11 17:29:00,Out
0804447,2025-06-11 09:41:00,In
0804447,2025-06-11 16:58:00,Out
0813432,2025-06-11 07:02:00,In
0813432,2025-06-11 17:08:00,Out
0055024,2025-06-11 09:22:00,In
0055024,2025-06-11 17:12:00,Out
0078657,2025-06-11 08:11:00,In
0078657,2025-06-11 18:02:00,Out
0748083,2025-06-11 08:05:00,In
0748083,2025-06-11 18:02:00,Out
0673615,2025-06-11 08:13:00,In
0673615,2025-06-11 17:53:00,Out
0193586,2025-06-11 08:24:00,In
0193586,2025-06-11 16:10:00,Out
0479911,2025-06-11 09:21:00,In
0479911,2025-06-11 18:16:00,Out
0084387,2025-06-11 09:12:00,In
0084387,2025-06-11 16:11:00,Out
0416428,2025-06-11 07:23:00,In
0416428,2025-06-11 18:12:00,Out
0511122,2025-06-11 08:27:00,In
0511122,2025-06-11 18:03:00,Out
0777956,2025-06-11 07:41:00,In
0777956,2025-06-11 17:57:00,Out
0462926,2025-06-11 07:36:00,In
0462926,2025-06-11 16:06:00,Out
0884652,2025-06-11 08:11:00,In
0884652,2025-06-11 18:04:00,Out
0185217,2025-06-12 08:30:00,In
0185217,2025-06-12 17:07:00,Out
0804447,2025-06-12 07:31:00,In
0804447,2025-06-12 16:13:00,Out
0813432,2025-06-12 07:11:00,In
0813432,2025-06-12 18:48:00,Out
0055024,2025-06-12 08:52:00,In
0055024,2025-06-12 17:02:00,Out
0078657,2025-06-12 09:25:00,In
0078657,2025-06-12 16:17:00,Out
0748083,2025-06-12 07:25:00,In
0748083,2025-06-12 18:56:00,Out
0673615,2025-06-12 08:48:00,In
0673615,2025-06-12 17:15:00,Out
0193586,2025-06-12 07:44:00,In
0193586,2025-06-12 17:45:00,Out
0479911,2025-06-12 09:00:00,In
0479911,2025-06-12 17:50:00,Out
0084387,2025-06-12 07:27:00,In
0084387,2025-06-12 16:12:00,Out
0416428,2025-06-12 09:37:00,In
0416428,2025-06-12 16:40:00,Out
0511122,2025-06-12 09:36:00,In
0511122,2025-06-12 17:14:00,Out
0777956,2025-06-12 09:14:00,In
0777956,2025-06-12 16:37:00,Out
0462926,2025-06-12 09:52:00,In
0462926,2025-06-12 18:34:00,Out
0884652,2025-06-12 09:18:00,In
0884652,2025-06-12 18:32:00,Out
0185217,2025-06-13 08:39:00,In
0185217,2025-06-13 17:31:00,Out
0804447,2025-06-13 07:54:00,In
0804447,2025-06-13 16:44:00,Out
0813432,2025-06-13 09:03:00,In
0813432,2025-06-13 18:32:00,Out
0055024,2025-06-13 07:22:00,In
0055024,2025-06-13 18:24:00,Out
0078657,2025-06-13 09:56:00,In
0078657,2025-06-13 17:41:00,Out
0748083,2025-06-13 08:44:00,In
0748083,2025-06-13 16:29:00,Out
0673615,2025-06-13 07:39:00,In
0673615,2025-06-13 16:45:00,Out
0193586,2025-06-13 09:38:00,In
0193586,2025-06-13 16:23:00,Out
0479911,2025-06-13 07:08:00,In
0479911,2025-06-13 17:17:00,Out
0084387,2025-06-13 08:33:00,In
0084387,2025-06-13 16:33:00,Out
0416428,2025-06-13 09:39:00,In
0416428,2025-06-13 17:50:00,Out
0511122,2025-06-13 09:28:00,In
0511122,2025-06-13 16:04:00,Out
0777956,2025-06-13 08:08:00,In
0777956,2025-06-13 18:54:00,Out
0462926,2025-06-13 09:20:00,In
0462926,2025-06-13 18:59:00,Out
0884652,2025-06-13 08:13:00,In
0884652,2025-06-13 18:43:00,Out
0185217,2025-06-14 07:41:00,In
0185217,2025-06-14 17:59:00,Out
0804447,2025-06-14 09:59:00,In
0804447,2025-06-14 17:23:00,Out
0813432,2025-06-14 07:27:00,In
0813432,2025-06-14 18:37:00,Out
0055024,2025-06-14 08:14:00,In
0055024,2025-06-14 16:15:00,Out
0078657,2025-06-14 07:49:00,In
0078657,2025-06-14 16:33:00,Out
0748083,2025-06-14 09:49:00,In
0748083,2025-06-14 17:24:00,Out
0673615,2025-06-14 09:10:00,In
0673615,2025-06-14 18:58:00,Out
0193586,2025-06-14 09:27:00,In
0193586,2025-06-14 16:06:00,Out
0479911,2025-06-14 09:14:00,In
0479911,2025-06-14 16:48:00,Out
0084387,2025-06-14 09:02:00,In
0084387,2025-06-14 16:41:00,Out
0416428,2025-06-14 07:25:00,In
0416428,2025-06-14 17:16:00,Out
0511122,2025-06-14 07:56:00,In
0511122,2025-06-14 18:59:00,Out
0777956,2025-06-14 08:12:00,In
0777956,2025-06-14 18:43:00,Out
0462926,2025-06-14 08:01:00,In
0462926,2025-06-14 16:36:00,Out
0884652,2025-06-14 09:39:00,In
0884652,2025-06-14 18:35:00,Out
0185217,2025-06-15 09:14:00,In
0185217,2025-06-15 18:00:00,Out
0804447,2025-06-15 08:43:00,In
0804447,2025-06-15 16:58:00,Out
0813432,2025-06-15 08:50:00,In
0813432,2025-06-15 16:14:00,Out
0055024,2025-06-15 08:15:00,In
0055024,2025-06-15 18:28:00,Out
0078657,2025-06-15 09:18:00,In
0078657,2025-06-15 16:27:00,Out
0748083,2025-06-15 07:41:00,In
0748083,2025-06-15 16:07:00,Out
0673615,2025-06-15 07:19:00,In
0673615,2025-06-15 17:51:00,Out
0193586,2025-06-15 08:51:00,In
0193586,2025-06-15 16:19:00,Out
0479911,2025-06-15 08:27:00,In
0479911,2025-06-15 16:24:00,Out
0084387,2025-06-15 07:03:00,In
0084387,2025-06-15 18:52:00,Out
0416428,2025-06-15 08:17:00,In
0416428,2025-06-15 17:56:00,Out
0511122,2025-06-15 07:30:00,In
0511122,2025-06-15 16:33:00,Out
0777956,2025-06-15 08:19:00,In
0777956,2025-06-15 18:03:00,Out
0462926,2025-06-15 07:17:00,In
0462926,2025-06-15 16:45:00,Out
0884652,2025-06-15 09:51:00,In
0884652,2025-06-15 17:44:00,Out
0185217,2025-06-16 09:45:00,In
0185217,2025-06-16 18:55:00,Out
0804447,2025-06-16 07:17:00,In
0804447,2025-06-16 18:41:00,Out
0813432,2025-06-16 07:23:00,In
0813432,2025-06-16 16:29:00,Out
0055024,2025-06-16 07:36:00,In
0055024,2025-06-16 18:52:00,Out
0078657,2025-06-16 08:03:00,In
0078657,2025-06-16 18:31:00,Out
0748083,2025-06-16 07:17:00,In
0748083,2025-06-16 16:53:00,Out
0673615,2025-06-16 09:52:00,In
0673615,2025-06-16 18:41:00,Out
0193586,2025-06-16 08:35:00,In
0193586,2025-06-16 18:59:00,Out
0479911,2025-06-16 09:02:00,In
0479911,2025-06-16 17:34:00,Out
0084387,2025-06-16 08:18:00,In
0084387,2025-06-16 18:39:00,Out
0416428,2025-06-16 08:10:00,In
0416428,2025-06-16 17:21:00,Out
0511122,2025-06-16 07:47:00,In
0511122,2025-06-16 18:33:00,Out
0777956,2025-06-16 09:48:00,In
0777956,2025-06-16 16:16:00,Out
0462926,2025-06-16 09:44:00,In
0462926,2025-06-16 16:17:00,Out
0884652,2025-06-16 07:28:00,In
0884652,2025-06-16 17:44:00,Out
0185217,2025-06-17 07:33:00,In
0185217,2025-06-17 16:34:00,Out
0804447,2025-06-17 08:24:00,In
0804447,2025-06-17 17:32:00,Out
0813432,2025-06-17 07:11:00,In
0813432,2025-06-17 18:39:00,Out
0055024,2025-06-17 09:00:00,In
0055024,2025-06-17 18:19:00,Out
0078657,2025-06-17 07:48:00,In
0078657,2025-06-17 17:45:00,Out
0748083,2025-06-17 09:30:00,In
0748083,2025-06-17 17:07:00,Out
0673615,2025-06-17 07:12:00,In
0673615,2025-06-17 16:46:00,Out
0193586,2025-06-17 09:23:00,In
0193586,2025-06-17 16:35:00,Out
0479911,2025-06-17 09:56:00,In
0479911,2025-06-17 18:27:00,Out
0084387,2025-06-17 09:06:00,In
0084387,2025-06-17 18:12:00,Out
0416428,2025-06-17 09:29:00,In
0416428,2025-06-17 18:15:00,Out
0511122,2025-06-17 07:05:00,In
0511122,2025-06-17 17:20:00,Out
0777956,2025-06-17 09:04:00,In
0777956,2025-06-17 17:17:00,Out
0462926,2025-06-17 09:48:00,In
0462926,2025-06-17 17:36:00,Out
0884652,2025-06-17 09:03:00,In
0884652,2025-06-17 18:50:00,Out
0185217,2025-06-18 09:16:00,In
0185217,2025-06-18 17:06:00,Out
0804447,2025-06-18 07:26:00,In
0804447,2025-06-18 17:37:00,Out
0813432,2025-06-18 09:18:00,In
0813432,2025-06-18 17:21:00,Out
0055024,2025-06-18 07:46:00,In
0055024,2025-06-18 16:34:00,Out
0078657,2025-06-18 07:54:00,In
0078657,2025-06-18 16:42:00,Out
0748083,2025-06-18 09:24:00,In
0748083,2025-06-18 17:57:00,Out
0673615,2025-06-18 07:26:00,In
0673615,2025-06-18 17:54:00,Out
0193586,2025-06-18 07:48:00,In
0193586,2025-06-18 18:14:00,Out
0479911,2025-06-18 07:08:00,In
0479911,2025-06-18 16:51:00,Out
0084387,2025-06-18 07:43:00,In
0084387,2025-06-18 18:36:00,Out
0416428,2025-06-18 08:07:00,In
0416428,2025-06-18 16:04:00,Out
0511122,2025-06-18 09:52:00,In
0511122,2025-06-18 18:31:00,Out
0777956,2025-06-18 08:34:00,In
0777956,2025-06-18 18:16:00,Out
0462926,2025-06-18 08:20:00,In
0462926,2025-06-18 17:26:00,Out
0884652,2025-06-18 07:47:00,In
0884652,2025-06-18 16:27:00,Out
0185217,2025-06-19 07:38:00,In
0185217,2025-06-19 17:59:00,Out
0804447,2025-06-19 09:24:00,In
0804447,2025-06-19 18:38:00,Out
0813432,2025-06-19 07:59:00,In
0813432,2025-06-19 17:14:00,Out
0055024,2025-06-19 08:30:00,In
0055024,2025-06-19 17:07:00,Out
0078657,2025-06-19 09:33:00,In
0078657,2025-06-19 16:45:00,Out
0748083,2025-06-19 09:25:00,In
0748083,2025-06-19 16:42:00,Out
0673615,2025-06-19 07:35:00,In
0673615,2025-06-19 16:53:00,Out
0193586,2025-06-19 08:12:00,In
0193586,2025-06-19 18:03:00,Out
0479911,2025-06-19 08:38:00,In
0479911,2025-06-19 17:11:00,Out
0084387,2025-06-19 07:11:00,In
0084387,2025-06-19 17:35:00,Out
0416428,2025-06-19 09:12:00,In
0416428,2025-06-19 17:41:00,Out
0511122,2025-06-19 07:57:00,In
0511122,2025-06-19 16:37:00,Out
0777956,2025-06-19 07:08:00,In
0777956,2025-06-19 17:41:00,Out
0462926,2025-06-19 08:17:00,In
0462926,2025-06-19 17:16:00,Out
0884652,2025-06-19 09:43:00,In
0884652,2025-06-19 16:24:00,Out
0185217,2025-06-20 07:14:00,In
0185217,2025-06-20 17:40:00,Out
0804447,2025-06-20 07:54:00,In
0804447,2025-06-20 17:20:00,Out
0813432,2025-06-20 08:58:00,In
0813432,2025-06-20 18:17:00,Out
0055024,2025-06-20 07:01:00,In
0055024,2025-06-20 16:43:00,Out
0078657,2025-06-20 09:00:00,In
0078657,2025-06-20 17:41:00,Out
0748083,2025-06-20 08:10:00,In
0748083,2025-06-20 18:47:00,Out
0673615,2025-06-20 07:26:00,In
0673615,2025-06-20 17:11:00,Out
0193586,2025-06-20 07:55:00,In
0193586,2025-06-20 16:31:00,Out
0479911,2025-06-20 09:39:00,In
0479911,2025-06-20 18:56:00,Out
0084387,2025-06-20 09:12:00,In
0084387,2025-06-20 17:03:00,Out
0416428,2025-06-20 08:50:00,In
0416428,2025-06-20 16:36:00,Out
0511122,2025-06-20 07:39:00,In
0511122,2025-06-20 18:09:00,Out
0777956,2025-06-20 09:56:00,In
0777956,2025-06-20 16:58:00,Out
0462926,2025-06-20 08:55:00,In
0462926,2025-06-20 16:33:00,Out
0884652,2025-06-20 07:29:00,In
0884652,2025-06-20 18:47:00,Out
0185217,2025-06-21 08:22:00,In
0185217,2025-06-21 16:38:00,Out
0804447,2025-06-21 07:54:00,In
0804447,2025-06-21 18:39:00,Out
0813432,2025-06-21 08:34:00,In
0813432,2025-06-21 16:33:00,Out
0055024,2025-06-21 07:24:00,In
0055024,2025-06-21 18:34:00,Out
0078657,2025-06-21 08:27:00,In
0078657,2025-06-21 17:37:00,Out
0748083,2025-06-21 08:05:00,In
0748083,2025-06-21 16:29:00,Out
0673615,2025-06-21 07:49:00,In
0673615,2025-06-21 16:25:00,Out
0193586,2025-06-21 08:12:00,In
0193586,2025-06-21 17:46:00,Out
0479911,2025-06-21 09:19:00,In
0479911,2025-06-21 16:00:00,Out
0084387,2025-06-21 08:45:00,In
0084387,2025-06-21 16:50:00,Out
0416428,2025-06-21 08:27:00,In
0416428,2025-06-21 16:31:00,Out
0511122,2025-06-21 07:27:00,In
0511122,2025-06-21 16:02:00,Out
0777956,2025-06-21 08:55:00,In
0777956,2025-06-21 18:06:00,Out
0462926,2025-06-21 07:33:00,In
0462926,2025-06-21 16:23:00,Out
0884652,2025-06-21 09:40:00,In
0884652,2025-06-21 17:39:00,Out
0185217,2025-06-22 08:53:00,In
0185217,2025-06-22 17:13:00,Out
0804447,2025-06-22 07:33:00,In
0804447,2025-06-22 17:29:00,Out
0813432,2025-06-22 08:06:00,In
0813432,2025-06-22 17:24:00,Out
0055024,2025-06-22 07:38:00,In
0055024,2025-06-22 16:27:00,Out
0078657,2025-06-22 09:13:00,In
0078657,2025-06-22 17:24:00,Out
0748083,2025-06-22 08:36:00,In
0748083,2025-06-22 16:31:00,Out
0673615,2025-06-22 08:44:00,In
0673615,2025-06-22 18:13:00,Out
0193586,2025-06-22 08:38:00,In
0193586,2025-06-22 18:35:00,Out
0479911,2025-06-22 09:53:00,In
0479911,2025-06-22 16:47:00,Out
0084387,2025-06-22 09:50:00,In
0084387,2025-06-22 18:11:00,Out
0416428,2025-06-22 09:05:00,In
0416428,2025-06-22 18:32:00,Out
0511122,2025-06-22 07:04:00,In
0511122,2025-06-22 16:43:00,Out
0777956,2025-06-22 09:10:00,In
0777956,2025-06-22 17:19:00,Out
0462926,2025-06-22 08:19:00,In
0462926,2025-06-22 16:16:00,Out
0884652,2025-06-22 08:25:00,In
0884652,2025-06-22 18:13:00,Out
0185217,2025-06-23 09:57:00,In
0185217,2025-06-23 16:17:00,Out
0804447,2025-06-23 08:03:00,In
0804447,2025-06-23 17:58:00,Out
0813432,2025-06-23 07:41:00,In
0813432,2025-06-23 18:43:00,Out
0055024,2025-06-23 08:43:00,In
0055024,2025-06-23 17:12:00,Out
0078657,2025-06-23 09:42:00,In
0078657,2025-06-23 17:50:00,Out
0748083,2025-06-23 07:55:00,In
0748083,2025-06-23 17:53:00,Out
0673615,2025-06-23 09:30:00,In
0673615,2025-06-23 16:19:00,Out
0193586,2025-06-23 07:31:00,In
0193586,2025-06-23 18:17:00,Out
0479911,2025-06-23 08:12:00,In
0479911,2025-06-23 16:07:00,Out
0084387,2025-06-23 08:57:00,In
0084387,2025-06-23 18:35:00,Out
0416428,2025-06-23 08:05:00,In
0416428,2025-06-23 16:42:00,Out
0511122,2025-06-23 08:24:00,In
0511122,2025-06-23 17:57:00,Out
0777956,2025-06-23 07:34:00,In
0777956,2025-06-23 18:31:00,Out
0462926,2025-06-23 07:29:00,In
0462926,2025-06-23 16:19:00,Out
0884652,2025-06-23 09:49:00,In
0884652,2025-06-23 17:26:00,Out
0185217,2025-06-24 08:48:00,In
0185217,2025-06-24 18:00:00,Out
0804447,2025-06-24 09:19:00,In
0804447,2025-06-24 16:26:00,Out
0813432,2025-06-24 08:48:00,In
0813432,2025-06-24 17:01:00,Out
0055024,2025-06-24 09:21:00,In
0055024,2025-06-24 17:26:00,Out
0078657,2025-06-24 09:48:00,In
0078657,2025-06-24 17:48:00,Out
0748083,2025-06-24 09:46:00,In
0748083,2025-06-24 18:59:00,Out
0673615,2025-06-24 08:25:00,In
0673615,2025-06-24 16:43:00,Out
0193586,2025-06-24 08:24:00,In
0193586,2025-06-24 16:02:00,Out
0479911,2025-06-24 08:52:00,In
0479911,2025-06-24 16:16:00,Out
0084387,2025-06-24 09:35:00,In
0084387,2025-06-24 17:34:00,Out
0416428,2025-06-24 07:05:00,In
0416428,2025-06-24 16:13:00,Out
0511122,2025-06-24 09:52:00,In
0511122,2025-06-24 17:36:00,Out
0777956,2025-06-24 09:43:00,In
0777956,2025-06-24 18:10:00,Out
0462926,2025-06-24 08:54:00,In
0462926,2025-06-24 18:37:00,Out
0884652,2025-06-24 07:36:00,In
0884652,2025-06-24 16:06:00,Out
0185217,2025-06-25 07:08:00,In
0185217,2025-06-25 18:41:00,Out
0804447,2025-06-25 08:32:00,In
0804447,2025-06-25 16:12:00,Out
0813432,2025-06-25 09:37:00,In
0813432,2025-06-25 16:58:00,Out
0055024,2025-06-25 07:04:00,In
0055024,2025-06-25 17:06:00,Out
0078657,2025-06-25 09:25:00,In
0078657,2025-06-25 18:39:00,Out
0748083,2025-06-25 08:36:00,In
0748083,2025-06-25 16:05:00,Out
0673615,2025-06-25 09:27:00,In
0673615,2025-06-25 18:39:00,Out
0193586,2025-06-25 09:43:00,In
0193586,2025-06-25 18:35:00,Out
0479911,2025-06-25 09:12:00,In
0479911,2025-06-25 16:32:00,Out
0084387,2025-06-25 07:54:00,In
0084387,2025-06-25 17:51:00,Out
0416428,2025-06-25 08:27:00,In
0416428,2025-06-25 18:42:00,Out
0511122,2025-06-25 08:17:00,In
0511122,2025-06-25 18:29:00,Out
0777956,2025-06-25 07:10:00,In
0777956,2025-06-25 16:44:00,Out
0462926,2025-06-25 09:00:00,In
0462926,2025-06-25 16:12:00,Out
0884652,2025-06-25 08:38:00,In
0884652,2025-06-25 17:47:00,Out
0185217,2025-06-26 09:58:00,In
0185217,2025-06-26 18:49:00,Out
0804447,2025-06-26 08:49:00,In
0804447,2025-06-26 17:21:00,Out
0813432,2025-06-26 09:30:00,In
0813432,2025-06-26 17:42:00,Out
0055024,2025-06-26 07:05:00,In
0055024,2025-06-26 18:17:00,Out
0078657,2025-06-26 09:14:00,In
0078657,2025-06-26 17:39:00,Out
0748083,2025-06-26 08:53:00,In
0748083,2025-06-26 18:50:00,Out
0673615,2025-06-26 08:42:00,In
0673615,2025-06-26 18:11:00,Out
0193586,2025-06-26 07:43:00,In
0193586,2025-06-26 17:26:00,Out
0479911,2025-06-26 09:42:00,In
0479911,2025-06-26 18:55:00,Out
0084387,2025-06-26 08:32:00,In
0084387,2025-06-26 16:26:00,Out
0416428,2025-06-26 09:58:00,In
0416428,2025-06-26 16:37:00,Out
0511122,2025-06-26 09:19:00,In
0511122,2025-06-26 17:41:00,Out
0777956,2025-06-26 08:02:00,In
0777956,2025-06-26 16:06:00,Out
0462926,2025-06-26 09:59:00,In
0462926,2025-06-26 16:53:00,Out
0884652,2025-06-26 09:33:00,In
0884652,2025-06-26 17:07:00,Out
0185217,2025-06-27 07:18:00,In
0185217,2025-06-27 17:54:00,Out
0804447,2025-06-27 09:34:00,In
0804447,2025-06-27 18:06:00,Out
0813432,2025-06-27 09:15:00,In
0813432,2025-06-27 17:53:00,Out
0055024,2025-06-27 09:55:00,In
0055024,2025-06-27 18:19:00,Out
0078657,2025-06-27 07:43:00,In
0078657,2025-06-27 17:04:00,Out
0748083,2025-06-27 09:34:00,In
0748083,2025-06-27 16:35:00,Out
0673615,2025-06-27 07:36:00,In
0673615,2025-06-27 18:43:00,Out
0193586,2025-06-27 09:10:00,In
0193586,2025-06-27 17:21:00,Out
0479911,2025-06-27 09:57:00,In
0479911,2025-06-27 18:54:00,Out
0084387,2025-06-27 08:42:00,In
0084387,2025-06-27 18:45:00,Out
0416428,2025-06-27 08:35:00,In
0416428,2025-06-27 16:56:00,Out
0511122,2025-06-27 08:07:00,In
0511122,2025-06-27 16:45:00,Out
0777956,2025-06-27 09:38:00,In
0777956,2025-06-27 16:50:00,Out
0462926,2025-06-27 07:58:00,In
0462926,2025-06-27 16:50:00,Out
0884652,2025-06-27 08:28:00,In
0884652,2025-06-27 17:57:00,Out
0185217,2025-06-28 07:57:00,In
0185217,2025-06-28 17:56:00,Out
0804447,2025-06-28 07:17:00,In
0804447,2025-06-28 16:14:00,Out
0813432,2025-06-28 07:06:00,In
0813432,2025-06-28 17:03:00,Out
0055024,2025-06-28 07:05:00,In
0055024,2025-06-28 18:04:00,Out
0078657,2025-06-28 09:14:00,In
0078657,2025-06-28 16:26:00,Out
0748083,2025-06-28 07:01:00,In
0748083,2025-06-28 16:57:00,Out
0673615,2025-06-28 07:18:00,In
0673615,2025-06-28 16:39:00,Out
0193586,2025-06-28 07:04:00,In
0193586,2025-06-28 17:52:00,Out
0479911,2025-06-28 08:19:00,In
0479911,2025-06-28 18:26:00,Out
0084387,2025-06-28 08:45:00,In
0084387,2025-06-28 16:33:00,Out
0416428,2025-06-28 09:21:00,In
0416428,2025-06-28 18:51:00,Out
0511122,2025-06-28 09:02:00,In
0511122,2025-06-28 18:41:00,Out
0777956,2025-06-28 07:52:00,In
0777956,2025-06-28 18:52:00,Out
0462926,2025-06-28 08:36:00,In
0462926,2025-06-28 16:04:00,Out
0884652,2025-06-28 07:40:00,In
0884652,2025-06-28 17:23:00,Out
0185217,2025-06-29 07:07:00,In
0185217,2025-06-29 16:59:00,Out
0804447,2025-06-29 07:27:00,In
0804447,2025-06-29 16:21:00,Out
0813432,2025-06-29 07:49:00,In
0813432,2025-06-29 18:09:00,Out
0055024,2025-06-29 07:21:00,In
0055024,2025-06-29 17:07:00,Out
0078657,2025-06-29 09:54:00,In
0078657,2025-06-29 16:04:00,Out
0748083,2025-06-29 08:47:00,In
0748083,2025-06-29 16:44:00,Out
0673615,2025-06-29 07:13:00,In
0673615,2025-06-29 17:15:00,Out
0193586,2025-06-29 07:32:00,In
0193586,2025-06-29 18:19:00,Out
0479911,2025-06-29 08:56:00,In
0479911,2025-06-29 18:31:00,Out
0084387,2025-06-29 09:43:00,In
0084387,2025-06-29 17:08:00,Out
0416428,2025-06-29 07:36:00,In
0416428,2025-06-29 16:55:00,Out
0511122,2025-06-29 08:26:00,In
0511122,2025-06-29 17:37:00,Out
0777956,2025-06-29 08:53:00,In
0777956,2025-06-29 16:16:00,Out
0462926,2025-06-29 09:08:00,In
0462926,2025-06-29 16:43:00,Out
0884652,2025-06-29 07:53:00,In
0884652,2025-06-29 17:32:00,Out
0185217,2025-06-30 09:49:00,In
0185217,2025-06-30 18:38:00,Out
0804447,2025-06-30 09:53:00,In
0804447,2025-06-30 18:39:00,Out
0813432,2025-06-30 09:43:00,In
0813432,2025-06-30 18:25:00,Out
0055024,2025-06-30 07:00:00,In
0055024,2025-06-30 16:18:00,Out
0078657,2025-06-30 09:44:00,In
0078657,2025-06-30 16:24:00,Out
0748083,2025-06-30 08:47:00,In
0748083,2025-06-30 16:57:00,Out
0673615,2025-06-30 07:19:00,In
0673615,2025-06-30 17:01:00,Out
0193586,2025-06-30 08:48:00,In
0193586,2025-06-30 16:26:00,Out
0479911,2025-06-30 08:04:00,In
0479911,2025-06-30 16:47:00,Out
0084387,2025-06-30 09:39:00,In
0084387,2025-06-30 18:44:00,Out
0416428,2025-06-30 07:16:00,In
0416428,2025-06-30 16:36:00,Out
0511122,2025-06-30 07:19:00,In
0511122,2025-06-30 16:21:00,Out
0777956,2025-06-30 08:24:00,In
0777956,2025-06-30 17:32:00,Out
0462926,2025-06-30 07:11:00,In
0462926,2025-06-30 17:15:00,Out
0884652,2025-06-30 09:29:00,In
0884652,2025-06-30 18:29:00,Out
0185217,2025-07-01 07:16:00,In
0185217,2025-07-01 18:15:00,Out
0804447,2025-07-01 08:25:00,In
0804447,2025-07-01 17:08:00,Out
0813432,2025-07-01 09:16:00,In
0813432,2025-07-01 17:10:00,Out
0055024,2025-07-01 08:35:00,In
0055024,2025-07-01 18:18:00,Out
0078657,2025-07-01 09:47:00,In
0078657,2025-07-01 16:20:00,Out
0748083,2025-07-01 08:56:00,In
0748083,2025-07-01 18:17:00,Out
0673615,2025-07-01 08:03:00,In
0673615,2025-07-01 17:54:00,Out
0193586,2025-07-01 09:30:00,In
0193586,2025-07-01 16:34:00,Out
0479911,2025-07-01 07:49:00,In
0479911,2025-07-01 17:58:00,Out
0084387,2025-07-01 09:47:00,In
0084387,2025-07-01 16:22:00,Out
0416428,2025-07-01 08:05:00,In
0416428,2025-07-01 18:29:00,Out
0511122,2025-07-01 07:16:00,In
0511122,2025-07-01 16:19:00,Out
0777956,2025-07-01 09:21:00,In
0777956,2025-07-01 18:36:00,Out
0462926,2025-07-01 07:08:00,In
0462926,2025-07-01 17:03:00,Out
0884652,2025-07-01 08:05:00,In
0884652,2025-07-01 17:12:00,Out
0185217,2025-07-02 08:36:00,In
0185217,2025-07-02 16:27:00,Out
0804447,2025-07-02 09:44:00,In
0804447,2025-07-02 16:49:00,Out
0813432,2025-07-02 09:31:00,In
0813432,2025-07-02 17:39:00,Out
0055024,2025-07-02 07:40:00,In
0055024,2025-07-02 16:40:00,Out
0078657,2025-07-02 08:35:00,In
0078657,2025-07-02 17:39:00,Out
0748083,2025-07-02 07:43:00,In
0748083,2025-07-02 18:07:00,Out
0673615,2025-07-02 07:01:00,In
0673615,2025-07-02 17:45:00,Out
0193586,2025-07-02 07:36:00,In
0193586,2025-07-02 17:33:00,Out
0479911,2025-07-02 08:25:00,In
0479911,2025-07-02 16:42:00,Out
0084387,2025-07-02 08:41:00,In
0084387,2025-07-02 17:26:00,Out
0416428,2025-07-02 08:01:00,In
0416428,2025-07-02 18:45:00,Out
0511122,2025-07-02 09:11:00,In
0511122,2025-07-02 18:21:00,Out
0777956,2025-07-02 09:18:00,In
0777956,2025-07-02 17:44:00,Out
0462926,2025-07-02 09:24:00,In
0462926,2025-07-02 16:46:00,Out
0884652,2025-07-02 09:50:00,In
0884652,2025-07-02 18:09:00,Out
0185217,2025-07-03 08:59:00,In
0185217,2025-07-03 16:49:00,Out
0804447,2025-07-03 08:44:00,In
0804447,2025-07-03 17:37:00,Out
0813432,2025-07-03 07:30:00,In
0813432,2025-07-03 16:23:00,Out
0055024,2025-07-03 09:28:00,In
0055024,2025-07-03 17:55:00,Out
0078657,2025-07-03 08:06:00,In
0078657,2025-07-03 17:51:00,Out
0748083,2025-07-03 08:47:00,In
0748083,2025-07-03 16:05:00,Out
0673615,2025-07-03 09:42:00,In
0673615,2025-07-03 18:10:00,Out
0193586,2025-07-03 08:47:00,In
0193586,2025-07-03 17:24:00,Out
0479911,2025-07-03 08:22:00,In
0479911,2025-07-03 17:55:00,Out
0084387,2025-07-03 08:37:00,In
0084387,2025-07-03 18:05:00,Out
0416428,2025-07-03 07:04:00,In
0416428,2025-07-03 17:16:00,Out
0511122,2025-07-03 07:29:00,In
0511122,2025-07-03 16:42:00,Out
0777956,2025-07-03 07:08:00,In
0777956,2025-07-03 18:47:00,Out
0462926,2025-07-03 08:36:00,In
0462926,2025-07-03 18:09:00,Out
0884652,2025-07-03 09:32:00,In
0884652,2025-07-03 18:41:00,Out
0185217,2025-07-04 08:48:00,In
0185217,2025-07-04 18:29:00,Out
0804447,2025-07-04 08:13:00,In
0804447,2025-07-04 18:36:00,Out
0813432,2025-07-04 08:39:00,In
0813432,2025-07-04 16:59:00,Out
0055024,2025-07-04 08:56:00,In
0055024,2025-07-04 16:18:00,Out
0078657,2025-07-04 08:38:00,In
0078657,2025-07-04 17:40:00,Out
0748083,2025-07-04 07:15:00,In
0748083,2025-07-04 18:17:00,Out
0673615,2025-07-04 08:16:00,In
0673615,2025-07-04 17:00:00,Out
0193586,2025-07-04 07:58:00,In
0193586,2025-07-04 17:13:00,Out
0479911,2025-07-04 07:49:00,In
0479911,2025-07-04 17:50:00,Out
0084387,2025-07-04 08:41:00,In
0084387,2025-07-04 16:46:00,Out
0416428,2025-07-04 08:48:00,In
0416428,2025-07-04 17:17:00,Out
0511122,2025-07-04 08:19:00,In
0511122,2025-07-04 17:24:00,Out
0777956,2025-07-04 07:54:00,In
0777956,2025-07-04 16:02:00,Out
0462926,2025-07-04 08:10:00,In
0462926,2025-07-04 18:48:00,Out
0884652,2025-07-04 09:42:00,In
0884652,2025-07-04 17:10:00,Out
0185217,2025-07-05 08:42:00,In
0185217,2025-07-05 17:00:00,Out
0804447,2025-07-05 07:23:00,In
0804447,2025-07-05 18:26:00,Out
0813432,2025-07-05 07:52:00,In
0813432,2025-07-05 16:12:00,Out
0055024,2025-07-05 07:10:00,In
0055024,2025-07-05 16:06:00,Out
0078657,2025-07-05 07:45:00,In
0078657,2025-07-05 18:17:00,Out
0748083,2025-07-05 09:08:00,In
0748083,2025-07-05 18:48:00,Out
0673615,2025-07-05 08:52:00,In
0673615,2025-07-05 17:35:00,Out
0193586,2025-07-05 08:34:00,In
0193586,2025-07-05 18:07:00,Out
0479911,2025-07-05 09:54:00,In
0479911,2025-07-05 16:09:00,Out
0084387,2025-07-05 07:12:00,In
0084387,2025-07-05 18:03:00,Out
0416428,2025-07-05 07:15:00,In
0416428,2025-07-05 18:20:00,Out
0511122,2025-07-05 08:15:00,In
0511122,2025-07-05 16:11:00,Out
0777956,2025-07-05 07:11:00,In
0777956,2025-07-05 17:19:00,Out
0462926,2025-07-05 09:54:00,In
0462926,2025-07-05 18:45:00,Out
0884652,2025-07-05 07:51:00,In
0884652,2025-07-05 16:52:00,Out
0185217,2025-07-06 07:05:00,In
0185217,2025-07-06 16:20:00,Out
0804447,2025-07-06 07:39:00,In
0804447,2025-07-06 16:03:00,Out
0813432,2025-07-06 07:18:00,In
0813432,2025-07-06 17:10:00,Out
0055024,2025-07-06 09:50:00,In
0055024,2025-07-06 16:05:00,Out
0078657,2025-07-06 09:30:00,In
0078657,2025-07-06 18:22:00,Out
0748083,2025-07-06 07:16:00,In
0748083,2025-07-06 17:31:00,Out
0673615,2025-07-06 09:30:00,In
0673615,2025-07-06 17:06:00,Out
0193586,2025-07-06 07:05:00,In
0193586,2025-07-06 18:34:00,Out
0479911,2025-07-06 07:56:00,In
0479911,2025-07-06 16:01:00,Out
0084387,2025-07-06 08:35:00,In
0084387,2025-07-06 18:03:00,Out
0416428,2025-07-06 08:49:00,In
0416428,2025-07-06 16:31:00,Out
0511122,2025-07-06 08:11:00,In
0511122,2025-07-06 17:18:00,Out
0777956,2025-07-06 07:16:00,In
0777956,2025-07-06 17:07:00,Out
0462926,2025-07-06 07:10:00,In
0462926,2025-07-06 18:09:00,Out
0884652,2025-07-06 09:41:00,In
0884652,2025-07-06 18:04:00,Out
0185217,2025-07-07 07:25:00,In
0185217,2025-07-07 17:47:00,Out
0804447,2025-07-07 07:30:00,In
0804447,2025-07-07 18:26:00,Out
0813432,2025-07-07 07:29:00,In
0813432,2025-07-07 17:58:00,Out
0055024,2025-07-07 07:46:00,In
0055024,2025-07-07 18:47:00,Out
0078657,2025-07-07 07:30:00,In
0078657,2025-07-07 18:27:00,Out
0748083,2025-07-07 09:16:00,In
0748083,2025-07-07 16:16:00,Out
0673615,2025-07-07 07:58:00,In
0673615,2025-07-07 16:49:00,Out
0193586,2025-07-07 08:57:00,In
0193586,2025-07-07 17:21:00,Out
0479911,2025-07-07 09:05:00,In
0479911,2025-07-07 17:37:00,Out
0084387,2025-07-07 07:44:00,In
0084387,2025-07-07 18:54:00,Out
0416428,2025-07-07 08:36:00,In
0416428,2025-07-07 17:46:00,Out
0511122,2025-07-07 07:15:00,In
0511122,2025-07-07 17:27:00,Out
0777956,2025-07-07 08:50:00,In
0777956,2025-07-07 18:54:00,Out
0462926,2025-07-07 08:48:00,In
0462926,2025-07-07 18:18:00,Out
0884652,2025-07-07 08:20:00,In
0884652,2025-07-07 16:02:00,Out
0185217,2025-07-08 09:01:00,In
0185217,2025-07-08 18:25:00,Out
0804447,2025-07-08 09:02:00,In
0804447,2025-07-08 17:21:00,Out
0813432,2025-07-08 09:23:00,In
0813432,2025-07-08 16:17:00,Out
0055024,2025-07-08 09:50:00,In
0055024,2025-07-08 18:59:00,Out
0078657,2025-07-08 09:49:00,In
0078657,2025-07-08 18:57:00,Out
0748083,2025-07-08 07:41:00,In
0748083,2025-07-08 18:45:00,Out
0673615,2025-07-08 09:13:00,In
0673615,2025-07-08 18:21:00,Out
0193586,2025-07-08 08:15:00,In
0193586,2025-07-08 17:38:00,Out
0479911,2025-07-08 09:25:00,In
0479911,2025-07-08 16:16:00,Out
0084387,2025-07-08 09:59:00,In
0084387,2025-07-08 18:37:00,Out
0416428,2025-07-08 08:29:00,In
0416428,2025-07-08 18:12:00,Out
0511122,2025-07-08 08:41:00,In
0511122,2025-07-08 17:28:00,Out
0777956,2025-07-08 09:39:00,In
0777956,2025-07-08 17:41:00,Out
0462926,2025-07-08 08:36:00,In
0462926,2025-07-08 17:01:00,Out
0884652,2025-07-08 09:11:00,In
0884652,2025-07-08 18:54:00,Out
0185217,2025-07-09 07:36:00,In
0185217,2025-07-09 16:47:00,Out
0804447,2025-07-09 07:49:00,In
0804447,2025-07-09 16:44:00,Out
0813432,2025-07-09 08:09:00,In
0813432,2025-07-09 16:35:00,Out
0055024,2025-07-09 09:29:00,In
0055024,2025-07-09 16:21:00,Out
0078657,2025-07-09 07:59:00,In
0078657,2025-07-09 18:51:00,Out
0748083,2025-07-09 07:53:00,In
0748083,2025-07-09 16:51:00,Out
0673615,2025-07-09 07:51:00,In
0673615,2025-07-09 17:05:00,Out
0193586,2025-07-09 08:07:00,In
0193586,2025-07-09 16:41:00,Out
0479911,2025-07-09 08:54:00,In
0479911,2025-07-09 16:23:00,Out
0084387,2025-07-09 08:37:00,In
0084387,2025-07-09 17:23:00,Out
0416428,2025-07-09 09:00:00,In
0416428,2025-07-09 16:25:00,Out
0511122,2025-07-09 09:06:00,In
0511122,2025-07-09 16:37:00,Out
0777956,2025-07-09 07:21:00,In
0777956,2025-07-09 16:41:00,Out
0462926,2025-07-09 07:10:00,In
0462926,2025-07-09 17:13:00,Out
0884652,2025-07-09 08:55:00,In
0884652,2025-07-09 17:31:00,Out
0185217,2025-07-10 07:09:00,In
0185217,2025-07-10 18:42:00,Out
0804447,2025-07-10 08:25:00,In
0804447,2025-07-10 16:56:00,Out
0813432,2025-07-10 07:47:00,In
0813432,2025-07-10 18:24:00,Out
0055024,2025-07-10 07:24:00,In
0055024,2025-07-10 18:21:00,Out
0078657,2025-07-10 09:04:00,In
0078657,2025-07-10 16:56:00,Out
0748083,2025-07-10 09:19:00,In
0748083,2025-07-10 16:25:00,Out
0673615,2025-07-10 07:25:00,In
0673615,2025-07-10 17:19:00,Out
0193586,2025-07-10 09:34:00,In
0193586,2025-07-10 16:01:00,Out
0479911,2025-07-10 08:35:00,In
0479911,2025-07-10 17:42:00,Out
0084387,2025-07-10 09:59:00,In
0084387,2025-07-10 18:42:00,Out
0416428,2025-07-10 08:31:00,In
0416428,2025-07-10 18:58:00,Out
0511122,2025-07-10 08:35:00,In
0511122,2025-07-10 16:42:00,Out
0777956,2025-07-10 08:00:00,In
0777956,2025-07-10 16:58:00,Out
0462926,2025-07-10 07:15:00,In
0462926,2025-07-10 18:34:00,Out
0884652,2025-07-10 07:09:00,In
0884652,2025-07-10 18:27:00,Out
0185217,2025-07-11 08:41:00,In
0185217,2025-07-11 17:18:00,Out
0804447,2025-07-11 07:06:00,In
0804447,2025-07-11 16:33:00,Out
0813432,2025-07-11 07:37:00,In
0813432,2025-07-11 17:06:00,Out
0055024,2025-07-11 09:58:00,In
0055024,2025-07-11 17:30:00,Out
0078657,2025-07-11 07:29:00,In
0078657,2025-07-11 18:52:00,Out
0748083,2025-07-11 09:28:00,In
0748083,2025-07-11 18:20:00,Out
0673615,2025-07-11 09:14:00,In
0673615,2025-07-11 16:58:00,Out
0193586,2025-07-11 08:03:00,In
0193586,2025-07-11 18:03:00,Out
0479911,2025-07-11 08:09:00,In
0479911,2025-07-11 17:45:00,Out
0084387,2025-07-11 07:27:00,In
0084387,2025-07-11 16:38:00,Out
0416428,2025-07-11 08:59:00,In
0416428,2025-07-11 18:54:00,Out
0511122,2025-07-11 07:03:00,In
0511122,2025-07-11 16:25:00,Out
0777956,2025-07-11 09:45:00,In
0777956,2025-07-11 17:04:00,Out
0462926,2025-07-11 07:57:00,In
0462926,2025-07-11 16:56:00,Out
0884652,2025-07-11 07:46:00,In
0884652,2025-07-11 16:21:00,Out
0185217,2025-07-12 07:20:00,In
0185217,2025-07-12 16:09:00,Out
0804447,2025-07-12 08:34:00,In
0804447,2025-07-12 18:38:00,Out
0813432,2025-07-12 09:36:00,In
0813432,2025-07-12 16:24:00,Out
0055024,2025-07-12 08:01:00,In
0055024,2025-07-12 18:24:00,Out
0078657,2025-07-12 08:55:00,In
0078657,2025-07-12 18:00:00,Out
0748083,2025-07-12 09:08:00,In
0748083,2025-07-12 18:30:00,Out
0673615,2025-07-12 08:22:00,In
0673615,2025-07-12 17:28:00,Out
0193586,2025-07-12 09:01:00,In
0193586,2025-07-12 18:52:00,Out
0479911,2025-07-12 09:52:00,In
0479911,2025-07-12 17:55:00,Out
0084387,2025-07-12 07:28:00,In
0084387,2025-07-12 17:14:00,Out
0416428,2025-07-12 07:56:00,In
0416428,2025-07-12 16:15:00,Out
0511122,2025-07-12 07:49:00,In
0511122,2025-07-12 16:28:00,Out
0777956,2025-07-12 08:14:00,In
0777956,2025-07-12 16:18:00,Out
0462926,2025-07-12 07:19:00,In
0462926,2025-07-12 18:10:00,Out
0884652,2025-07-12 09:23:00,In
0884652,2025-07-12 18:48:00,Out
0185217,2025-07-13 07:20:00,In
0185217,2025-07-13 16:45:00,Out
0804447,2025-07-13 09:01:00,In
0804447,2025-07-13 17:16:00,Out
0813432,2025-07-13 08:18:00,In
0813432,2025-07-13 17:48:00,Out
0055024,2025-07-13 07:30:00,In
0055024,2025-07-13 17:14:00,Out
0078657,2025-07-13 09:35:00,In
0078657,2025-07-13 18:43:00,Out
0748083,2025-07-13 09:11:00,In
0748083,2025-07-13 18:41:00,Out
0673615,2025-07-13 07:55:00,In
0673615,2025-07-13 18:38:00,Out
0193586,2025-07-13 08:45:00,In
0193586,2025-07-13 18:43:00,Out
0479911,2025-07-13 08:31:00,In
0479911,2025-07-13 18:19:00,Out
0084387,2025-07-13 07:29:00,In
0084387,2025-07-13 18:36:00,Out
0416428,2025-07-13 07:03:00,In
0416428,2025-07-13 18:38:00,Out
0511122,2025-07-13 09:44:00,In
0511122,2025-07-13 18:01:00,Out
0777956,2025-07-13 09:15:00,In
0777956,2025-07-13 18:34:00,Out
0462926,2025-07-13 08:31:00,In
0462926,2025-07-13 16:51:00,Out
0884652,2025-07-13 08:23:00,In
0884652,2025-07-13 16:27:00,Out
0185217,2025-07-14 08:09:00,In
0185217,2025-07-14 16:12:00,Out
0804447,2025-07-14 07:19:00,In
0804447,2025-07-14 18:24:00,Out
0813432,2025-07-14 09:38:00,In
0813432,2025-07-14 17:28:00,Out
0055024,2025-07-14 09:09:00,In
0055024,2025-07-14 16:00:00,Out
0078657,2025-07-14 07:31:00,In
0078657,2025-07-14 18:02:00,Out
0748083,2025-07-14 08:01:00,In
0748083,2025-07-14 18:14:00,Out
0673615,2025-07-14 08:29:00,In
0673615,2025-07-14 17:17:00,Out
0193586,2025-07-14 07:54:00,In
0193586,2025-07-14 18:07:00,Out
0479911,2025-07-14 08:27:00,In
0479911,2025-07-14 16:41:00,Out
0084387,2025-07-14 09:30:00,In
0084387,2025-07-14 18:08:00,Out
0416428,2025-07-14 08:24:00,In
0416428,2025-07-14 16:55:00,Out
0511122,2025-07-14 08:16:00,In
0511122,2025-07-14 18:40:00,Out
0777956,2025-07-14 07:13:00,In
0777956,2025-07-14 16:14:00,Out
0462926,2025-07-14 07:40:00,In
0462926,2025-07-14 16:13:00,Out
0884652,2025-07-14 07:38:00,In
0884652,2025-07-14 16:33:00,Out
0185217,2025-07-15 09:06:00,In
0185217,2025-07-15 17:13:00,Out
0804447,2025-07-15 08:13:00,In
0804447,2025-07-15 18:04:00,Out
0813432,2025-07-15 07:01:00,In
0813432,2025-07-15 17:53:00,Out
0055024,2025-07-15 09:27:00,In
0055024,2025-07-15 16:34:00,Out
0078657,2025-07-15 07:48:00,In
0078657,2025-07-15 17:17:00,Out
0748083,2025-07-15 08:48:00,In
0748083,2025-07-15 16:16:00,Out
0673615,2025-07-15 09:35:00,In
0673615,2025-07-15 18:47:00,Out
0193586,2025-07-15 07:17:00,In
0193586,2025-07-15 18:12:00,Out
0479911,2025-07-15 08:48:00,In
0479911,2025-07-15 17:34:00,Out
0084387,2025-07-15 09:44:00,In
0084387,2025-07-15 17:13:00,Out
0416428,2025-07-15 08:27:00,In
0416428,2025-07-15 16:07:00,Out
0511122,2025-07-15 09:57:00,In
0511122,2025-07-15 18:58:00,Out
0777956,2025-07-15 08:08:00,In
0777956,2025-07-15 17:36:00,Out
0462926,2025-07-15 07:27:00,In
0462926,2025-07-15 18:04:00,Out
0884652,2025-07-15 08:28:00,In
0884652,2025-07-15 16:36:00,Out
0185217,2025-07-16 09:57:00,In
0185217,2025-07-16 16:44:00,Out
0804447,2025-07-16 07:41:00,In
0804447,2025-07-16 16:54:00,Out
0813432,2025-07-16 08:32:00,In
0813432,2025-07-16 17:13:00,Out
0055024,2025-07-16 09:39:00,In
0055024,2025-07-16 18:35:00,Out
0078657,2025-07-16 08:06:00,In
0078657,2025-07-16 18:19:00,Out
0748083,2025-07-16 07:48:00,In
0748083,2025-07-16 16:49:00,Out
0673615,2025-07-16 07:20:00,In
0673615,2025-07-16 16:19:00,Out
0193586,2025-07-16 07:09:00,In
0193586,2025-07-16 17:07:00,Out
0479911,2025-07-16 09:30:00,In
0479911,2025-07-16 17:48:00,Out
0084387,2025-07-16 08:22:00,In
0084387,2025-07-16 17:25:00,Out
0416428,2025-07-16 09:21:00,In
0416428,2025-07-16 18:18:00,Out
0511122,2025-07-16 08:38:00,In
0511122,2025-07-16 16:17:00,Out
0777956,2025-07-16 09:36:00,In
0777956,2025-07-16 16:38:00,Out
0462926,2025-07-16 09:47:00,In
0462926,2025-07-16 16:44:00,Out
0884652,2025-07-16 08:24:00,In
0884652,2025-07-16 17:23:00,Out
0185217,2025-07-17 07:30:00,In
0185217,2025-07-17 17:50:00,Out
0804447,2025-07-17 08:09:00,In
0804447,2025-07-17 18:09:00,Out
0813432,2025-07-17 09:01:00,In
0813432,2025-07-17 17:58:00,Out
0055024,2025-07-17 07:15:00,In
0055024,2025-07-17 16:28:00,Out
0078657,2025-07-17 07:29:00,In
0078657,2025-07-17 17:30:00,Out
0748083,2025-07-17 09:01:00,In
0748083,2025-07-17 17:37:00,Out
0673615,2025-07-17 08:00:00,In
0673615,2025-07-17 18:30:00,Out
0193586,2025-07-17 09:17:00,In
0193586,2025-07-17 17:24:00,Out
0479911,2025-07-17 07:54:00,In
0479911,2025-07-17 16:45:00,Out
0084387,2025-07-17 09:31:00,In
0084387,2025-07-17 16:42:00,Out
0416428,2025-07-17 07:00:00,In
0416428,2025-07-17 16:26:00,Out
0511122,2025-07-17 09:21:00,In
0511122,2025-07-17 16:20:00,Out
0777956,2025-07-17 08:40:00,In
0777956,2025-07-17 16:02:00,Out
0462926,2025-07-17 08:21:00,In
0462926,2025-07-17 16:13:00,Out
0884652,2025-07-17 08:32:00,In
0884652,2025-07-17 17:56:00,Out
0185217,2025-07-18 07:49:00,In
0185217,2025-07-18 16:32:00,Out
0804447,2025-07-18 08:10:00,In
0804447,2025-07-18 16:48:00,Out
0813432,2025-07-18 08:41:00,In
0813432,2025-07-18 17:05:00,Out
0055024,2025-07-18 07:32:00,In
0055024,2025-07-18 16:24:00,Out
0078657,2025-07-18 08:36:00,In
0078657,2025-07-18 18:09:00,Out
0748083,2025-07-18 07:39:00,In
0748083,2025-07-18 18:12:00,Out
0673615,2025-07-18 07:26:00,In
0673615,2025-07-18 17:57:00,Out
0193586,2025-07-18 08:44:00,In
0193586,2025-07-18 18:39:00,Out
0479911,2025-07-18 08:40:00,In
0479911,2025-07-18 16:44:00,Out
0084387,2025-07-18 07:08:00,In
0084387,2025-07-18 18:04:00,Out
0416428,2025-07-18 08:02:00,In
0416428,2025-07-18 16:40:00,Out
0511122,2025-07-18 08:49:00,In
0511122,2025-07-18 17:19:00,Out
0777956,2025-07-18 07:30:00,In
0777956,2025-07-18 16:40:00,Out
0462926,2025-07-18 09:16:00,In
0462926,2025-07-18 18:57:00,Out
0884652,2025-07-18 07:37:00,In
0884652,2025-07-18 16:18:00,Out
0185217,2025-07-19 07:19:00,In
0185217,2025-07-19 16:26:00,Out
0804447,2025-07-19 08:24:00,In
0804447,2025-07-19 16:49:00,Out
0813432,2025-07-19 09:21:00,In
0813432,2025-07-19 18:10:00,Out
0055024,2025-07-19 08:49:00,In
0055024,2025-07-19 18:33:00,Out
0078657,2025-07-19 07:29:00,In
0078657,2025-07-19 18:47:00,Out
0748083,2025-07-19 09:43:00,In
0748083,2025-07-19 16:07:00,Out
0673615,2025-07-19 09:02:00,In
0673615,2025-07-19 18:53:00,Out
0193586,2025-07-19 09:37:00,In
0193586,2025-07-19 17:32:00,Out
0479911,2025-07-19 09:57:00,In
0479911,2025-07-19 16:01:00,Out
0084387,2025-07-19 07:11:00,In
0084387,2025-07-19 18:24:00,Out
0416428,2025-07-19 08:45:00,In
0416428,2025-07-19 17:41:00,Out
0511122,2025-07-19 07:25:00,In
0511122,2025-07-19 18:33:00,Out
0777956,2025-07-19 07:32:00,In
0777956,2025-07-19 17:40:00,Out
0462926,2025-07-19 07:58:00,In
0462926,2025-07-19 17:10:00,Out
0884652,2025-07-19 07:03:00,In
0884652,2025-07-19 17:47:00,Out
0185217,2025-07-20 09:25:00,In
0185217,2025-07-20 17:50:00,Out
0804447,2025-07-20 09:48:00,In
0804447,2025-07-20 18:21:00,Out
0813432,2025-07-20 09:58:00,In
0813432,2025-07-20 18:06:00,Out
0055024,2025-07-20 08:46:00,In
0055024,2025-07-20 17:53:00,Out
0078657,2025-07-20 08:08:00,In
0078657,2025-07-20 16:28:00,Out
0748083,2025-07-20 08:28:00,In
0748083,2025-07-20 18:35:00,Out
0673615,2025-07-20 09:15:00,In
0673615,2025-07-20 17:14:00,Out
0193586,2025-07-20 08:00:00,In
0193586,2025-07-20 17:19:00,Out
0479911,2025-07-20 08:53:00,In
0479911,2025-07-20 17:31:00,Out
0084387,2025-07-20 08:36:00,In
0084387,2025-07-20 17:58:00,Out
0416428,2025-07-20 09:37:00,In
0416428,2025-07-20 16:23:00,Out
0511122,2025-07-20 07:15:00,In
0511122,2025-07-20 18:15:00,Out
0777956,2025-07-20 07:02:00,In
0777956,2025-07-20 16:25:00,Out
0462926,2025-07-20 08:02:00,In
0462926,2025-07-20 18:24:00,Out
0884652,2025-07-20 09:09:00,In
0884652,2025-07-20 17:50:00,Out
0185217,2025-07-21 07:26:00,In
0185217,2025-07-21 18:53:00,Out
0804447,2025-07-21 07:56:00,In
0804447,2025-07-21 17:21:00,Out
0813432,2025-07-21 08:03:00,In
0813432,2025-07-21 18:57:00,Out
0055024,2025-07-21 08:38:00,In
0055024,2025-07-21 18:55:00,Out
0078657,2025-07-21 07:31:00,In
0078657,2025-07-21 18:00:00,Out
0748083,2025-07-21 07:20:00,In
0748083,2025-07-21 16:44:00,Out
0673615,2025-07-21 07:40:00,In
0673615,2025-07-21 18:02:00,Out
0193586,2025-07-21 09:54:00,In
0193586,2025-07-21 18:04:00,Out
0479911,2025-07-21 09:40:00,In
0479911,2025-07-21 16:02:00,Out
0084387,2025-07-21 07:27:00,In
0084387,2025-07-21 18:20:00,Out
0416428,2025-07-21 09:20:00,In
0416428,2025-07-21 18:54:00,Out
0511122,2025-07-21 09:21:00,In
0511122,2025-07-21 18:28:00,Out
0777956,2025-07-21 07:39:00,In
0777956,2025-07-21 17:21:00,Out
0462926,2025-07-21 07:29:00,In
0462926,2025-07-21 16:20:00,Out
0884652,2025-07-21 08:29:00,In
0884652,2025-07-21 16:06:00,Out
0185217,2025-07-22 08:56:00,In
0185217,2025-07-22 17:35:00,Out
0804447,2025-07-22 08:24:00,In
0804447,2025-07-22 17:11:00,Out
0813432,2025-07-22 09:13:00,In
0813432,2025-07-22 18:35:00,Out
0055024,2025-07-22 07:54:00,In
0055024,2025-07-22 18:40:00,Out
0078657,2025-07-22 09:22:00,In
0078657,2025-07-22 18:29:00,Out
0748083,2025-07-22 08:01:00,In
0748083,2025-07-22 18:56:00,Out
0673615,2025-07-22 08:18:00,In
0673615,2025-07-22 16:26:00,Out
0193586,2025-07-22 09:45:00,In
0193586,2025-07-22 18:22:00,Out
0479911,2025-07-22 07:48:00,In
0479911,2025-07-22 18:23:00,Out
0084387,2025-07-22 07:34:00,In
0084387,2025-07-22 17:56:00,Out
0416428,2025-07-22 08:03:00,In
0416428,2025-07-22 17:55:00,Out
0511122,2025-07-22 09:09:00,In
0511122,2025-07-22 16:42:00,Out
0777956,2025-07-22 09:58:00,In
0777956,2025-07-22 17:21:00,Out
0462926,2025-07-22 07:48:00,In
0462926,2025-07-22 18:46:00,Out
0884652,2025-07-22 07:59:00,In
0884652,2025-07-22 16:29:00,Out
0185217,2025-07-23 07:51:00,In
0185217,2025-07-23 18:59:00,Out
0804447,2025-07-23 09:54:00,In
0804447,2025-07-23 17:39:00,Out
0813432,2025-07-23 09:12:00,In
0813432,2025-07-23 16:10:00,Out
0055024,2025-07-23 09:17:00,In
0055024,2025-07-23 17:27:00,Out
0078657,2025-07-23 07:43:00,In
0078657,2025-07-23 16:12:00,Out
0748083,2025-07-23 09:24:00,In
0748083,2025-07-23 18:37:00,Out
0673615,2025-07-23 09:34:00,In
0673615,2025-07-23 16:16:00,Out
0193586,2025-07-23 08:34:00,In
0193586,2025-07-23 17:07:00,Out
0479911,2025-07-23 08:23:00,In
0479911,2025-07-23 17:36:00,Out
0084387,2025-07-23 09:45:00,In
0084387,2025-07-23 16:45:00,Out
0416428,2025-07-23 09:00:00,In
0416428,2025-07-23 18:40:00,Out
0511122,2025-07-23 08:53:00,In
0511122,2025-07-23 16:46:00,Out
0777956,2025-07-23 09:34:00,In
0777956,2025-07-23 18:31:00,Out
0462926,2025-07-23 09:54:00,In
0462926,2025-07-23 18:42:00,Out
0884652,2025-07-23 09:01:00,In
0884652,2025-07-23 16:29:00,Out
0185217,2025-07-24 08:35:00,In
0185217,2025-07-24 17:20:00,Out
0804447,2025-07-24 09:06:00,In
0804447,2025-07-24 17:03:00,Out
0813432,2025-07-24 09:26:00,In
0813432,2025-07-24 17:52:00,Out
0055024,2025-07-24 07:33:00,In
0055024,2025-07-24 17:24:00,Out
0078657,2025-07-24 08:34:00,In
0078657,2025-07-24 17:52:00,Out
0748083,2025-07-24 07:06:00,In
0748083,2025-07-24 18:38:00,Out
0673615,2025-07-24 09:28:00,In
0673615,2025-07-24 18:46:00,Out
0193586,2025-07-24 07:58:00,In
0193586,2025-07-24 16:20:00,Out
0479911,2025-07-24 09:34:00,In
0479911,2025-07-24 18:29:00,Out
0084387,2025-07-24 07:27:00,In
0084387,2025-07-24 16:20:00,Out
0416428,2025-07-24 07:51:00,In
0416428,2025-07-24 16:04:00,Out
0511122,2025-07-24 08:58:00,In
0511122,2025-07-24 16:19:00,Out
0777956,2025-07-24 07:14:00,In
0777956,2025-07-24 16:51:00,Out
0462926,2025-07-24 07:15:00,In
0462926,2025-07-24 18:16:00,Out
0884652,2025-07-24 08:55:00,In
0884652,2025-07-24 16:49:00,Out
0185217,2025-07-25 07:56:00,In
0185217,2025-07-25 16:36:00,Out
0804447,2025-07-25 08:50:00,In
0804447,2025-07-25 17:25:00,Out
0813432,2025-07-25 07:11:00,In
0813432,2025-07-25 17:06:00,Out
0055024,2025-07-25 09:28:00,In
0055024,2025-07-25 16:57:00,Out
0078657,2025-07-25 09:36:00,In
0078657,2025-07-25 17:35:00,Out
0748083,2025-07-25 09:44:00,In
0748083,2025-07-25 18:36:00,Out
0673615,2025-07-25 07:29:00,In
0673615,2025-07-25 17:43:00,Out
0193586,2025-07-25 09:46:00,In
0193586,2025-07-25 17:38:00,Out
0479911,2025-07-25 09:34:00,In
0479911,2025-07-25 17:59:00,Out
0084387,2025-07-25 09:20:00,In
0084387,2025-07-25 18:46:00,Out
0416428,2025-07-25 07:09:00,In
0416428,2025-07-25 16:46:00,Out
0511122,2025-07-25 07:37:00,In
0511122,2025-07-25 18:50:00,Out
0777956,2025-07-25 08:18:00,In
0777956,2025-07-25 17:15:00,Out
0462926,2025-07-25 07:32:00,In
0462926,2025-07-25 16:29:00,Out
0884652,2025-07-25 07:14:00,In
0884652,2025-07-25 18:31:00,Out
0185217,2025-07-26 08:18:00,In
0185217,2025-07-26 18:02:00,Out
0804447,2025-07-26 07:16:00,In
0804447,2025-07-26 18:35:00,Out
0813432,2025-07-26 08:27:00,In
0813432,2025-07-26 16:54:00,Out
0055024,2025-07-26 07:04:00,In
0055024,2025-07-26 17:49:00,Out
0078657,2025-07-26 07:18:00,In
0078657,2025-07-26 17:02:00,Out
0748083,2025-07-26 07:23:00,In
0748083,2025-07-26 18:58:00,Out
0673615,2025-07-26 08:15:00,In
0673615,2025-07-26 18:00:00,Out
0193586,2025-07-26 09:36:00,In
0193586,2025-07-26 18:39:00,Out
0479911,2025-07-26 07:30:00,In
0479911,2025-07-26 16:33:00,Out
0084387,2025-07-26 07:33:00,In
0084387,2025-07-26 16:49:00,Out
0416428,2025-07-26 07:45:00,In
0416428,2025-07-26 17:32:00,Out
0511122,2025-07-26 07:46:00,In
0511122,2025-07-26 18:09:00,Out
0777956,2025-07-26 07:46:00,In
0777956,2025-07-26 16:30:00,Out
0462926,2025-07-26 09:06:00,In
0462926,2025-07-26 17:41:00,Out
0884652,2025-07-26 07:02:00,In
0884652,2025-07-26 17:42:00,Out
0185217,2025-07-27 09:01:00,In
0185217,2025-07-27 18:02:00,Out
0804447,2025-07-27 07:49:00,In
0804447,2025-07-27 18:35:00,Out
0813432,2025-07-27 09:58:00,In
0813432,2025-07-27 18:48:00,Out
0055024,2025-07-27 09:48:00,In
0055024,2025-07-27 16:48:00,Out
0078657,2025-07-27 07:27:00,In
0078657,2025-07-27 16:20:00,Out
0748083,2025-07-27 07:48:00,In
0748083,2025-07-27 18:08:00,Out
0673615,2025-07-27 09:37:00,In
0673615,2025-07-27 18:36:00,Out
0193586,2025-07-27 09:41:00,In
0193586,2025-07-27 18:54:00,Out
0479911,2025-07-27 08:59:00,In
0479911,2025-07-27 16:50:00,Out
0084387,2025-07-27 07:17:00,In
0084387,2025-07-27 17:50:00,Out
0416428,2025-07-27 08:57:00,In
0416428,2025-07-27 16:48:00,Out
0511122,2025-07-27 08:32:00,In
0511122,2025-07-27 16:36:00,Out
0777956,2025-07-27 09:10:00,In
0777956,2025-07-27 17:43:00,Out
0462926,2025-07-27 08:21:00,In
0462926,2025-07-27 16:11:00,Out
0884652,2025-07-27 09:21:00,In
0884652,2025-07-27 18:17:00,Out
0185217,2025-07-28 08:24:00,In
0185217,2025-07-28 16:56:00,Out
0804447,2025-07-28 09:44:00,In
0804447,2025-07-28 17:54:00,Out
0813432,2025-07-28 09:01:00,In
0813432,2025-07-28 17:06:00,Out
0055024,2025-07-28 09:19:00,In
0055024,2025-07-28 18:30:00,Out
0078657,2025-07-28 08:59:00,In
0078657,2025-07-28 18:14:00,Out
0748083,2025-07-28 08:20:00,In
0748083,2025-07-28 18:48:00,Out
0673615,2025-07-28 09:23:00,In
0673615,2025-07-28 16:13:00,Out
0193586,2025-07-28 07:16:00,In
0193586,2025-07-28 16:29:00,Out
0479911,2025-07-28 09:32:00,In
0479911,2025-07-28 18:01:00,Out
0084387,2025-07-28 08:38:00,In
0084387,2025-07-28 17:50:00,Out
0416428,2025-07-28 09:52:00,In
0416428,2025-07-28 18:21:00,Out
0511122,2025-07-28 09:17:00,In
0511122,2025-07-28 18:18:00,Out
0777956,2025-07-28 09:56:00,In
0777956,2025-07-28 18:47:00,Out
0462926,2025-07-28 09:05:00,In
0462926,2025-07-28 17:04:00,Out
0884652,2025-07-28 07:05:00,In
0884652,2025-07-28 16:50:00,Out
0185217,2025-07-29 08:29:00,In
0185217,2025-07-29 16:45:00,Out
0804447,2025-07-29 08:49:00,In
0804447,2025-07-29 17:08:00,Out
0813432,2025-07-29 07:34:00,In
0813432,2025-07-29 18:15:00,Out
0055024,2025-07-29 07:41:00,In
0055024,2025-07-29 18:19:00,Out
0078657,2025-07-29 07:07:00,In
0078657,2025-07-29 17:23:00,Out
0748083,2025-07-29 08:22:00,In
0748083,2025-07-29 17:13:00,Out
0673615,2025-07-29 07:11:00,In
0673615,2025-07-29 18:57:00,Out
0193586,2025-07-29 07:45:00,In
0193586,2025-07-29 18:36:00,Out
0479911,2025-07-29 08:48:00,In
0479911,2025-07-29 18:45:00,Out
0084387,2025-07-29 07:10:00,In
0084387,2025-07-29 18:30:00,Out
0416428,2025-07-29 07:29:00,In
0416428,2025-07-29 16:12:00,Out
0511122,2025-07-29 08:32:00,In
0511122,2025-07-29 17:30:00,Out
0777956,2025-07-29 07:12:00,In
0777956,2025-07-29 17:00:00,Out
0462926,2025-07-29 08:11:00,In
0462926,2025-07-29 17:22:00,Out
0884652,2025-07-29 08:50:00,In
0884652,2025-07-29 17:10:00,Out
0185217,2025-07-30 07:48:00,In
0185217,2025-07-30 18:52:00,Out
0804447,2025-07-30 08:28:00,In
0804447,2025-07-30 17:45:00,Out
0813432,2025-07-30 07:33:00,In
0813432,2025-07-30 18:30:00,Out
0055024,2025-07-30 07:06:00,In
0055024,2025-07-30 18:53:00,Out
0078657,2025-07-30 09:35:00,In
0078657,2025-07-30 17:06:00,Out
0748083,2025-07-30 09:17:00,In
0748083,2025-07-30 16:31:00,Out
0673615,2025-07-30 09:24:00,In
0673615,2025-07-30 17:48:00,Out
0193586,2025-07-30 08:08:00,In
0193586,2025-07-30 18:31:00,Out
0479911,2025-07-30 09:00:00,In
0479911,2025-07-30 17:23:00,Out
0084387,2025-07-30 09:31:00,In
0084387,2025-07-30 16:05:00,Out
0416428,2025-07-30 07:35:00,In
0416428,2025-07-30 18:11:00,Out
0511122,2025-07-30 07:59:00,In
0511122,2025-07-30 17:47:00,Out
0777956,2025-07-30 07:30:00,In
0777956,2025-07-30 16:20:00,Out
0462926,2025-07-30 08:49:00,In
0462926,2025-07-30 17:59:00,Out
0884652,2025-07-30 07:40:00,In
0884652,2025-07-30 18:16:00,Out
0185217,2025-07-31 08:13:00,In
0185217,2025-07-31 18:38:00,Out
0804447,2025-07-31 07:43:00,In
0804447,2025-07-31 18:28:00,Out
0813432,2025-07-31 07:34:00,In
0813432,2025-07-31 17:44:00,Out
0055024,2025-07-31 08:58:00,In
0055024,2025-07-31 18:46:00,Out
0078657,2025-07-31 08:08:00,In
0078657,2025-07-31 18:52:00,Out
0748083,2025-07-31 08:47:00,In
0748083,2025-07-31 17:32:00,Out
0673615,2025-07-31 08:41:00,In
0673615,2025-07-31 16:19:00,Out
0193586,2025-07-31 08:14:00,In
0193586,2025-07-31 18:02:00,Out
0479911,2025-07-31 09:27:00,In
0479911,2025-07-31 17:47:00,Out
0084387,2025-07-31 08:24:00,In
0084387,2025-07-31 18:55:00,Out
0416428,2025-07-31 07:11:00,In
0416428,2025-07-31 16:51:00,Out
0511122,2025-07-31 08:17:00,In
0511122,2025-07-31 16:55:00,Out
0777956,2025-07-31 07:07:00,In
0777956,2025-07-31 18:25:00,Out
0462926,2025-07-31 07:48:00,In
0462926,2025-07-31 18:55:00,Out
0884652,2025-07-31 09:40:00,In
0884652,2025-07-31 18:59:00,Out
0185217,2025-08-01 07:25:00,In
0185217,2025-08-01 16:56:00,Out
0804447,2025-08-01 07:53:00,In
0804447,2025-08-01 17:32:00,Out
0813432,2025-08-01 09:43:00,In
0813432,2025-08-01 17:09:00,Out
0055024,2025-08-01 07:23:00,In
0055024,2025-08-01 18:12:00,Out
0078657,2025-08-01 07:41:00,In
0078657,2025-08-01 18:55:00,Out
0748083,2025-08-01 08:22:00,In
0748083,2025-08-01 17:41:00,Out
0673615,2025-08-01 07:12:00,In
0673615,2025-08-01 16:40:00,Out
0193586,2025-08-01 08:34:00,In
0193586,2025-08-01 17:47:00,Out
0479911,2025-08-01 09:33:00,In
0479911,2025-08-01 16:25:00,Out
0084387,2025-08-01 08:39:00,In
0084387,2025-08-01 17:48:00,Out
0416428,2025-08-01 07:27:00,In
0416428,2025-08-01 18:28:00,Out
0511122,2025-08-01 09:57:00,In
0511122,2025-08-01 16:45:00,Out
0777956,2025-08-01 09:25:00,In
0777956,2025-08-01 16:05:00,Out
0462926,2025-08-01 08:33:00,In
0462926,2025-08-01 17:05:00,Out
0884652,2025-08-01 07:07:00,In
0884652,2025-08-01 17:51:00,Out
0185217,2025-08-02 09:53:00,In
0185217,2025-08-02 17:39:00,Out
0804447,2025-08-02 08:52:00,In
0804447,2025-08-02 17:43:00,Out
0813432,2025-08-02 07:39:00,In
0813432,2025-08-02 17:12:00,Out
0055024,2025-08-02 07:41:00,In
0055024,2025-08-02 18:49:00,Out
0078657,2025-08-02 08:15:00,In
0078657,2025-08-02 16:57:00,Out
0748083,2025-08-02 09:06:00,In
0748083,2025-08-02 18:10:00,Out
0673615,2025-08-02 09:08:00,In
0673615,2025-08-02 17:15:00,Out
0193586,2025-08-02 08:05:00,In
0193586,2025-08-02 16:08:00,Out
0479911,2025-08-02 09:58:00,In
0479911,2025-08-02 18:44:00,Out
0084387,2025-08-02 09:39:00,In
0084387,2025-08-02 17:38:00,Out
0416428,2025-08-02 08:31:00,In
0416428,2025-08-02 18:06:00,Out
0511122,2025-08-02 09:26:00,In
0511122,2025-08-02 16:36:00,Out
0777956,2025-08-02 07:30:00,In
0777956,2025-08-02 17:34:00,Out
0462926,2025-08-02 08:01:00,In
0462926,2025-08-02 16:41:00,Out
0884652,2025-08-02 08:01:00,In
0884652,2025-08-02 16:37:00,Out
0185217,2025-08-03 09:48:00,In
0185217,2025-08-03 18:58:00,Out
0804447,2025-08-03 09:27:00,In
0804447,2025-08-03 17:00:00,Out
0813432,2025-08-03 09:02:00,In
0813432,2025-08-03 18:11:00,Out
0055024,2025-08-03 07:00:00,In
0055024,2025-08-03 18:55:00,Out
0078657,2025-08-03 09:38:00,In
0078657,2025-08-03 17:04:00,Out
0748083,2025-08-03 09:59:00,In
0748083,2025-08-03 17:25:00,Out
0673615,2025-08-03 09:11:00,In
0673615,2025-08-03 18:12:00,Out
0193586,2025-08-03 09:53:00,In
0193586,2025-08-03 17:28:00,Out
0479911,2025-08-03 07:40:00,In
0479911,2025-08-03 16:58:00,Out
0084387,2025-08-03 08:06:00,In
0084387,2025-08-03 16:11:00,Out
0416428,2025-08-03 07:58:00,In
0416428,2025-08-03 16:56:00,Out
0511122,2025-08-03 08:16:00,In
0511122,2025-08-03 18:02:00,Out
0777956,2025-08-03 09:19:00,In
0777956,2025-08-03 17:03:00,Out
0462926,2025-08-03 09:32:00,In
0462926,2025-08-03 17:15:00,Out
0884652,2025-08-03 07:27:00,In
0884652,2025-08-03 18:45:00,Out
0185217,2025-08-04 07:00:00,In
0185217,2025-08-04 17:24:00,Out
0804447,2025-08-04 08:17:00,In
0804447,2025-08-04 16:30:00,Out
0813432,2025-08-04 09:50:00,In
0813432,2025-08-04 17:38:00,Out
0055024,2025-08-04 07:45:00,In
0055024,2025-08-04 16:28:00,Out
0078657,2025-08-04 09:33:00,In
0078657,2025-08-04 18:00:00,Out
0748083,2025-08-04 07:34:00,In
0748083,2025-08-04 18:55:00,Out
0673615,2025-08-04 07:58:00,In
0673615,2025-08-04 16:49:00,Out
0193586,2025-08-04 07:36:00,In
0193586,2025-08-04 16:07:00,Out
0479911,2025-08-04 08:39:00,In
0479911,2025-08-04 16:04:00,Out
0084387,2025-08-04 07:08:00,In
0084387,2025-08-04 18:05:00,Out
0416428,2025-08-04 08:56:00,In
0416428,2025-08-04 18:25:00,Out
0511122,2025-08-04 07:43:00,In
0511122,2025-08-04 17:52:00,Out
0777956,2025-08-04 07:06:00,In
0777956,2025-08-04 16:47:00,Out
0462926,2025-08-04 09:28:00,In
0462926,2025-08-04 18:04:00,Out
0884652,2025-08-04 08:19:00,In
0884652,2025-08-04 17:20:00,Out
0185217,2025-08-05 09:10:00,In
0185217,2025-08-05 18:40:00,Out
0804447,2025-08-05 08:01:00,In
0804447,2025-08-05 17:46:00,Out
0813432,2025-08-05 08:04:00,In
0813432,2025-08-05 16:00:00,Out
0055024,2025-08-05 07:32:00,In
0055024,2025-08-05 18:21:00,Out
0078657,2025-08-05 07:51:00,In
0078657,2025-08-05 18:40:00,Out
0748083,2025-08-05 08:06:00,In
0748083,2025-08-05 16:19:00,Out
0673615,2025-08-05 07:47:00,In
0673615,2025-08-05 16:25:00,Out
0193586,2025-08-05 09:31:00,In
0193586,2025-08-05 17:01:00,Out
0479911,2025-08-05 09:31:00,In
0479911,2025-08-05 17:28:00,Out
0084387,2025-08-05 07:58:00,In
0084387,2025-08-05 17:04:00,Out
0416428,2025-08-05 07:39:00,In
0416428,2025-08-05 18:48:00,Out
0511122,2025-08-05 09:15:00,In
0511122,2025-08-05 18:30:00,Out
0777956,2025-08-05 09:12:00,In
0777956,2025-08-05 18:09:00,Out
0462926,2025-08-05 07:44:00,In
0462926,2025-08-05 17:23:00,Out
0884652,2025-08-05 09:58:00,In
0884652,2025-08-05 16:40:00,Out
0185217,2025-08-06 08:13:00,In
0185217,2025-08-06 18:56:00,Out
0804447,2025-08-06 09:47:00,In
0804447,2025-08-06 17:27:00,Out
0813432,2025-08-06 07:01:00,In
0813432,2025-08-06 17:51:00,Out
0055024,2025-08-06 09:39:00,In
0055024,2025-08-06 16:01:00,Out
0078657,2025-08-06 07:37:00,In
0078657,2025-08-06 18:04:00,Out
0748083,2025-08-06 07:02:00,In
0748083,2025-08-06 16:07:00,Out
0673615,2025-08-06 08:13:00,In
0673615,2025-08-06 17:14:00,Out
0193586,2025-08-06 08:26:00,In
0193586,2025-08-06 18:44:00,Out
0479911,2025-08-06 07:56:00,In
0479911,2025-08-06 18:27:00,Out
0084387,2025-08-06 09:00:00,In
0084387,2025-08-06 16:43:00,Out
0416428,2025-08-06 09:28:00,In
0416428,2025-08-06 16:56:00,Out
0511122,2025-08-06 09:38:00,In
0511122,2025-08-06 18:32:00,Out
0777956,2025-08-06 08:27:00,In
0777956,2025-08-06 16:34:00,Out
0462926,2025-08-06 07:58:00,In
0462926,2025-08-06 16:24:00,Out
0884652,2025-08-06 08:55:00,In
0884652,2025-08-06 18:25:00,Out
0185217,2025-08-07 07:56:00,In
0185217,2025-08-07 17:07:00,Out
0804447,2025-08-07 07:39:00,In
0804447,2025-08-07 18:54:00,Out
0813432,2025-08-07 09:33:00,In
0813432,2025-08-07 16:01:00,Out
0055024,2025-08-07 08:21:00,In
0055024,2025-08-07 16:53:00,Out
0078657,2025-08-07 07:35:00,In
0078657,2025-08-07 18:04:00,Out
0748083,2025-08-07 08:13:00,In
0748083,2025-08-07 18:30:00,Out
0673615,2025-08-07 09:24:00,In
0673615,2025-08-07 17:15:00,Out
0193586,2025-08-07 08:55:00,In
0193586,2025-08-07 16:30:00,Out
0479911,2025-08-07 08:20:00,In
0479911,2025-08-07 17:20:00,Out
0084387,2025-08-07 07:38:00,In
0084387,2025-08-07 16:56:00,Out
0416428,2025-08-07 08:24:00,In
0416428,2025-08-07 16:06:00,Out
0511122,2025-08-07 07:59:00,In
0511122,2025-08-07 17:11:00,Out
0777956,2025-08-07 08:23:00,In
0777956,2025-08-07 18:16:00,Out
0462926,2025-08-07 09:41:00,In
0462926,2025-08-07 16:15:00,Out
0884652,2025-08-07 09:13:00,In
0884652,2025-08-07 18:15:00,Out
0185217,2025-08-08 09:03:00,In
0185217,2025-08-08 16:18:00,Out
0804447,2025-08-08 08:16:00,In
0804447,2025-08-08 17:32:00,Out
0813432,2025-08-08 09:11:00,In
0813432,2025-08-08 16:45:00,Out
0055024,2025-08-08 08:23:00,In
0055024,2025-08-08 18:25:00,Out
0078657,2025-08-08 09:51:00,In
0078657,2025-08-08 16:53:00,Out
0748083,2025-08-08 08:25:00,In
0748083,2025-08-08 16:28:00,Out
0673615,2025-08-08 09:11:00,In
0673615,2025-08-08 18:18:00,Out
0193586,2025-08-08 08:50:00,In
0193586,2025-08-08 18:54:00,Out
0479911,2025-08-08 09:35:00,In
0479911,2025-08-08 18:56:00,Out
0084387,2025-08-08 08:48:00,In
0084387,2025-08-08 18:12:00,Out
0416428,2025-08-08 08:08:00,In
0416428,2025-08-08 16:23:00,Out
0511122,2025-08-08 09:55:00,In
0511122,2025-08-08 18:57:00,Out
0777956,2025-08-08 09:58:00,In
0777956,2025-08-08 18:02:00,Out
0462926,2025-08-08 07:27:00,In
0462926,2025-08-08 16:42:00,Out
0884652,2025-08-08 09:57:00,In
0884652,2025-08-08 17:01:00,Out
0185217,2025-08-09 07:55:00,In
0185217,2025-08-09 18:46:00,Out
0804447,2025-08-09 08:10:00,In
0804447,2025-08-09 17:39:00,Out
0813432,2025-08-09 07:58:00,In
0813432,2025-08-09 17:30:00,Out
0055024,2025-08-09 09:24:00,In
0055024,2025-08-09 17:03:00,Out
0078657,2025-08-09 07:27:00,In
0078657,2025-08-09 17:55:00,Out
0748083,2025-08-09 07:12:00,In
0748083,2025-08-09 18:29:00,Out
0673615,2025-08-09 08:56:00,In
0673615,2025-08-09 16:22:00,Out
0193586,2025-08-09 08:16:00,In
0193586,2025-08-09 18:35:00,Out
0479911,2025-08-09 07:24:00,In
0479911,2025-08-09 18:30:00,Out
0084387,2025-08-09 08:16:00,In
0084387,2025-08-09 18:41:00,Out
0416428,2025-08-09 07:46:00,In
0416428,2025-08-09 18:30:00,Out
0511122,2025-08-09 09:48:00,In
0511122,2025-08-09 17:22:00,Out
0777956,2025-08-09 09:40:00,In
0777956,2025-08-09 17:23:00,Out
0462926,2025-08-09 07:27:00,In
0462926,2025-08-09 18:22:00,Out
0884652,2025-08-09 07:55:00,In
0884652,2025-08-09 16:26:00,Out
0185217,2025-08-10 07:33:00,In
0185217,2025-08-10 16:00:00,Out
0804447,2025-08-10 08:37:00,In
0804447,2025-08-10 16:13:00,Out
0813432,2025-08-10 09:43:00,In
0813432,2025-08-10 18:44:00,Out
0055024,2025-08-10 09:15:00,In
0055024,2025-08-10 18:41:00,Out
0078657,2025-08-10 08:25:00,In
0078657,2025-08-10 16:03:00,Out
0748083,2025-08-10 09:20:00,In
0748083,2025-08-10 18:34:00,Out
0673615,2025-08-10 07:07:00,In
0673615,2025-08-10 17:01:00,Out
0193586,2025-08-10 08:18:00,In
0193586,2025-08-10 18:28:00,Out
0479911,2025-08-10 09:30:00,In
0479911,2025-08-10 17:08:00,Out
0084387,2025-08-10 08:48:00,In
0084387,2025-08-10 16:27:00,Out
0416428,2025-08-10 08:47:00,In
0416428,2025-08-10 16:05:00,Out
0511122,2025-08-10 08:06:00,In
0511122,2025-08-10 17:09:00,Out
0777956,2025-08-10 07:31:00,In
0777956,2025-08-10 18:50:00,Out
0462926,2025-08-10 09:19:00,In
0462926,2025-08-10 18:33:00,Out
0884652,2025-08-10 07:48:00,In
0884652,2025-08-10 18:46:00,Out
0185217,2025-08-11 09:49:00,In
0185217,2025-08-11 17:52:00,Out
0804447,2025-08-11 07:53:00,In
0804447,2025-08-11 16:01:00,Out
0813432,2025-08-11 08:24:00,In
0813432,2025-08-11 18:28:00,Out
0055024,2025-08-11 07:59:00,In
0055024,2025-08-11 18:58:00,Out
0078657,2025-08-11 08:53:00,In
0078657,2025-08-11 17:51:00,Out
0748083,2025-08-11 08:34:00,In
0748083,2025-08-11 16:21:00,Out
0673615,2025-08-11 08:29:00,In
0673615,2025-08-11 16:28:00,Out
0193586,2025-08-11 07:37:00,In
0193586,2025-08-11 16:50:00,Out
0479911,2025-08-11 09:03:00,In
0479911,2025-08-11 16:21:00,Out
0084387,2025-08-11 07:04:00,In
0084387,2025-08-11 17:11:00,Out
0416428,2025-08-11 07:58:00,In
0416428,2025-08-11 16:36:00,Out
0511122,2025-08-11 07:00:00,In
0511122,2025-08-11 17:15:00,Out
0777956,2025-08-11 08:07:00,In
0777956,2025-08-11 18:56:00,Out
0462926,2025-08-11 07:14:00,In
0462926,2025-08-11 16:48:00,Out
0884652,2025-08-11 08:26:00,In
0884652,2025-08-11 16:55:00,Out
0185217,2025-08-12 09:41:00,In
0185217,2025-08-12 17:01:00,Out
0804447,2025-08-12 07:12:00,In
0804447,2025-08-12 17:57:00,Out
0813432,2025-08-12 07:51:00,In
0813432,2025-08-12 17:48:00,Out
0055024,2025-08-12 07:06:00,In
0055024,2025-08-12 17:21:00,Out
0078657,2025-08-12 07:02:00,In
0078657,2025-08-12 17:33:00,Out
0748083,2025-08-12 07:49:00,In
0748083,2025-08-12 16:15:00,Out
0673615,2025-08-12 07:28:00,In
0673615,2025-08-12 17:50:00,Out
0193586,2025-08-12 09:11:00,In
0193586,2025-08-12 16:14:00,Out
0479911,2025-08-12 08:37:00,In
0479911,2025-08-12 18:48:00,Out
0084387,2025-08-12 09:49:00,In
0084387,2025-08-12 16:21:00,Out
0416428,2025-08-12 09:59:00,In
0416428,2025-08-12 18:41:00,Out
0511122,2025-08-12 08:27:00,In
0511122,2025-08-12 17:32:00,Out
0777956,2025-08-12 09:07:00,In
0777956,2025-08-12 17:09:00,Out
0462926,2025-08-12 09:02:00,In
0462926,2025-08-12 18:16:00,Out
0884652,2025-08-12 09:48:00,In
0884652,2025-08-12 17:57:00,Out
0185217,2025-08-13 07:28:00,In
0185217,2025-08-13 18:42:00,Out
0804447,2025-08-13 08:19:00,In
0804447,2025-08-13 16:46:00,Out
0813432,2025-08-13 09:06:00,In
0813432,2025-08-13 16:44:00,Out
0055024,2025-08-13 09:48:00,In
0055024,2025-08-13 16:12:00,Out
0078657,2025-08-13 08:18:00,In
0078657,2025-08-13 16:52:00,Out
0748083,2025-08-13 08:28:00,In
0748083,2025-08-13 18:39:00,Out
0673615,2025-08-13 07:59:00,In
0673615,2025-08-13 17:16:00,Out
0193586,2025-08-13 09:05:00,In
0193586,2025-08-13 16:25:00,Out
0479911,2025-08-13 08:11:00,In
0479911,2025-08-13 18:42:00,Out
0084387,2025-08-13 09:55:00,In
0084387,2025-08-13 18:48:00,Out
0416428,2025-08-13 08:33:00,In
0416428,2025-08-13 16:58:00,Out
0511122,2025-08-13 09:10:00,In
0511122,2025-08-13 16:25:00,Out
0777956,2025-08-13 09:41:00,In
0777956,2025-08-13 18:36:00,Out
0462926,2025-08-13 09:06:00,In
0462926,2025-08-13 18:39:00,Out
0884652,2025-08-13 07:49:00,In
0884652,2025-08-13 18:48:00,Out
0185217,2025-08-14 09:47:00,In
0185217,2025-08-14 16:57:00,Out
0804447,2025-08-14 09:59:00,In
0804447,2025-08-14 16:47:00,Out
0813432,2025-08-14 07:08:00,In
0813432,2025-08-14 16:47:00,Out
0055024,2025-08-14 09:52:00,In
0055024,2025-08-14 16:21:00,Out
0078657,2025-08-14 07:31:00,In
0078657,2025-08-14 18:33:00,Out
0748083,2025-08-14 09:57:00,In
0748083,2025-08-14 18:52:00,Out
0673615,2025-08-14 08:23:00,In
0673615,2025-08-14 16:52:00,Out
0193586,2025-08-14 08:58:00,In
0193586,2025-08-14 17:25:00,Out
0479911,2025-08-14 07:32:00,In
0479911,2025-08-14 16:12:00,Out
0084387,2025-08-14 09:10:00,In
0084387,2025-08-14 17:04:00,Out
0416428,2025-08-14 08:31:00,In
0416428,2025-08-14 17:50:00,Out
0511122,2025-08-14 07:28:00,In
0511122,2025-08-14 17:47:00,Out
0777956,2025-08-14 07:04:00,In
0777956,2025-08-14 17:01:00,Out
0462926,2025-08-14 09:20:00,In
0462926,2025-08-14 16:21:00,Out
0884652,2025-08-14 07:29:00,In
0884652,2025-08-14 17:18:00,Out
0185217,2025-08-15 08:24:00,In
0185217,2025-08-15 16:36:00,Out
0804447,2025-08-15 08:21:00,In
0804447,2025-08-15 18:37:00,Out
0813432,2025-08-15 08:14:00,In
0813432,2025-08-15 18:25:00,Out
0055024,2025-08-15 08:49:00,In
0055024,2025-08-15 16:08:00,Out
0078657,2025-08-15 08:13:00,In
0078657,2025-08-15 16:37:00,Out
0748083,2025-08-15 09:40:00,In
0748083,2025-08-15 17:10:00,Out
0673615,2025-08-15 07:14:00,In
0673615,2025-08-15 17:24:00,Out
0193586,2025-08-15 08:48:00,In
0193586,2025-08-15 16:08:00,Out
0479911,2025-08-15 08:46:00,In
0479911,2025-08-15 16:17:00,Out
0084387,2025-08-15 08:23:00,In
0084387,2025-08-15 18:36:00,Out
0416428,2025-08-15 09:44:00,In
0416428,2025-08-15 16:09:00,Out
0511122,2025-08-15 08:01:00,In
0511122,2025-08-15 16:34:00,Out
0777956,2025-08-15 09:44:00,In
0777956,2025-08-15 17:27:00,Out
0462926,2025-08-15 09:39:00,In
0462926,2025-08-15 16:30:00,Out
0884652,2025-08-15 08:36:00,In
0884652,2025-08-15 17:21:00,Out
0185217,2025-08-16 07:20:00,In
0185217,2025-08-16 16:10:00,Out
0804447,2025-08-16 08:51:00,In
0804447,2025-08-16 17:09:00,Out
0813432,2025-08-16 08:13:00,In
0813432,2025-08-16 17:50:00,Out
0055024,2025-08-16 09:56:00,In
0055024,2025-08-16 17:40:00,Out
0078657,2025-08-16 09:44:00,In
0078657,2025-08-16 18:20:00,Out
0748083,2025-08-16 08:43:00,In
0748083,2025-08-16 18:51:00,Out
0673615,2025-08-16 08:02:00,In
0673615,2025-08-16 16:37:00,Out
0193586,2025-08-16 07:35:00,In
0193586,2025-08-16 16:36:00,Out
0479911,2025-08-16 09:30:00,In
0479911,2025-08-16 16:19:00,Out
0084387,2025-08-16 08:25:00,In
0084387,2025-08-16 18:17:00,Out
0416428,2025-08-16 08:05:00,In
0416428,2025-08-16 18:45:00,Out
0511122,2025-08-16 08:49:00,In
0511122,2025-08-16 18:19:00,Out
0777956,2025-08-16 09:28:00,In
0777956,2025-08-16 18:20:00,Out
0462926,2025-08-16 09:43:00,In
0462926,2025-08-16 18:32:00,Out
0884652,2025-08-16 07:30:00,In
0884652,2025-08-16 16:00:00,Out
0185217,2025-08-17 07:01:00,In
0185217,2025-08-17 16:50:00,Out
0804447,2025-08-17 08:27:00,In
0804447,2025-08-17 17:00:00,Out
0813432,2025-08-17 08:16:00,In
0813432,2025-08-17 17:09:00,Out
0055024,2025-08-17 08:58:00,In
0055024,2025-08-17 18:34:00,Out
0078657,2025-08-17 07:00:00,In
0078657,2025-08-17 17:47:00,Out
0748083,2025-08-17 09:49:00,In
0748083,2025-08-17 16:49:00,Out
0673615,2025-08-17 08:13:00,In
0673615,2025-08-17 16:35:00,Out
0193586,2025-08-17 08:54:00,In
0193586,2025-08-17 17:10:00,Out
0479911,2025-08-17 08:47:00,In
0479911,2025-08-17 16:56:00,Out
0084387,2025-08-17 07:09:00,In
0084387,2025-08-17 17:43:00,Out
0416428,2025-08-17 07:27:00,In
0416428,2025-08-17 17:48:00,Out
0511122,2025-08-17 07:29:00,In
0511122,2025-08-17 18:52:00,Out
0777956,2025-08-17 08:54:00,In
0777956,2025-08-17 16:35:00,Out
0462926,2025-08-17 09:05:00,In
0462926,2025-08-17 17:35:00,Out
0884652,2025-08-17 09:05:00,In
0884652,2025-08-17 18:52:00,Out
0185217,2025-08-18 08:51:00,In
0185217,2025-08-18 16:51:00,Out
0804447,2025-08-18 09:54:00,In
0804447,2025-08-18 16:21:00,Out
0813432,2025-08-18 08:04:00,In
0813432,2025-08-18 16:33:00,Out
0055024,2025-08-18 08:09:00,In
0055024,2025-08-18 16:37:00,Out
0078657,2025-08-18 07:30:00,In
0078657,2025-08-18 16:30:00,Out
0748083,2025-08-18 07:20:00,In
0748083,2025-08-18 18:53:00,Out
0673615,2025-08-18 09:30:00,In
0673615,2025-08-18 16:44:00,Out
0193586,2025-08-18 08:03:00,In
0193586,2025-08-18 17:48:00,Out
0479911,2025-08-18 09:23:00,In
0479911,2025-08-18 16:29:00,Out
0084387,2025-08-18 07:29:00,In
0084387,2025-08-18 16:49:00,Out
0416428,2025-08-18 09:00:00,In
0416428,2025-08-18 16:25:00,Out
0511122,2025-08-18 08:21:00,In
0511122,2025-08-18 16:48:00,Out
0777956,2025-08-18 07:22:00,In
0777956,2025-08-18 18:12:00,Out
0462926,2025-08-18 07:56:00,In
0462926,2025-08-18 16:26:00,Out
0884652,2025-08-18 08:03:00,In
0884652,2025-08-18 18:21:00,Out
0185217,2025-08-19 08:01:00,In
0185217,2025-08-19 17:30:00,Out
0804447,2025-08-19 07:56:00,In
0804447,2025-08-19 16:28:00,Out
0813432,2025-08-19 08:17:00,In
0813432,2025-08-19 16:05:00,Out
0055024,2025-08-19 08:06:00,In
0055024,2025-08-19 17:59:00,Out
0078657,2025-08-19 08:28:00,In
0078657,2025-08-19 17:15:00,Out
0748083,2025-08-19 07:02:00,In
0748083,2025-08-19 16:01:00,Out
0673615,2025-08-19 08:56:00,In
0673615,2025-08-19 17:05:00,Out
0193586,2025-08-19 08:19:00,In
0193586,2025-08-19 16:02:00,Out
0479911,2025-08-19 09:25:00,In
0479911,2025-08-19 18:54:00,Out
0084387,2025-08-19 07:11:00,In
0084387,2025-08-19 16:57:00,Out
0416428,2025-08-19 09:47:00,In
0416428,2025-08-19 16:19:00,Out
0511122,2025-08-19 09:24:00,In
0511122,2025-08-19 18:14:00,Out
0777956,2025-08-19 07:41:00,In
0777956,2025-08-19 17:47:00,Out
0462926,2025-08-19 07:05:00,In
0462926,2025-08-19 18:29:00,Out
0884652,2025-08-19 09:11:00,In
0884652,2025-08-19 17:01:00,Out
0185217,2025-08-20 08:17:00,In
0185217,2025-08-20 18:02:00,Out
0804447,2025-08-20 08:10:00,In
0804447,2025-08-20 16:25:00,Out
0813432,2025-08-20 07:30:00,In
0813432,2025-08-20 18:40:00,Out
0055024,2025-08-20 07:31:00,In
0055024,2025-08-20 16:49:00,Out
0078657,2025-08-20 07:43:00,In
0078657,2025-08-20 18:20:00,Out
0748083,2025-08-20 09:39:00,In
0748083,2025-08-20 18:22:00,Out
0673615,2025-08-20 07:41:00,In
0673615,2025-08-20 16:16:00,Out
0193586,2025-08-20 07:21:00,In
0193586,2025-08-20 17:58:00,Out
0479911,2025-08-20 07:11:00,In
0479911,2025-08-20 17:54:00,Out
0084387,2025-08-20 09:46:00,In
0084387,2025-08-20 17:30:00,Out
0416428,2025-08-20 08:29:00,In
0416428,2025-08-20 16:47:00,Out
0511122,2025-08-20 08:18:00,In
0511122,2025-08-20 18:42:00,Out
0777956,2025-08-20 08:19:00,In
0777956,2025-08-20 18:18:00,Out
0462926,2025-08-20 08:00:00,In
0462926,2025-08-20 18:31:00,Out
0884652,2025-08-20 07:50:00,In
0884652,2025-08-20 16:12:00,Out
0185217,2025-08-21 09:20:00,In
0185217,2025-08-21 17:42:00,Out
0804447,2025-08-21 07:23:00,In
0804447,2025-08-21 16:52:00,Out
0813432,2025-08-21 07:55:00,In
0813432,2025-08-21 16:00:00,Out
0055024,2025-08-21 08:51:00,In
0055024,2025-08-21 16:59:00,Out
0078657,2025-08-21 08:22:00,In
0078657,2025-08-21 17:38:00,Out
0748083,2025-08-21 09:48:00,In
0748083,2025-08-21 18:38:00,Out
0673615,2025-08-21 08:55:00,In
0673615,2025-08-21 16:31:00,Out
0193586,2025-08-21 08:43:00,In
0193586,2025-08-21 18:45:00,Out
0479911,2025-08-21 08:16:00,In
0479911,2025-08-21 17:38:00,Out
0084387,2025-08-21 07:54:00,In
0084387,2025-08-21 16:44:00,Out
0416428,2025-08-21 08:51:00,In
0416428,2025-08-21 17:48:00,Out
0511122,2025-08-21 09:09:00,In
0511122,2025-08-21 16:59:00,Out
0777956,2025-08-21 09:22:00,In
0777956,2025-08-21 16:53:00,Out
0462926,2025-08-21 09:37:00,In
0462926,2025-08-21 17:52:00,Out
0884652,2025-08-21 08:16:00,In
0884652,2025-08-21 18:02:00,Out
0185217,2025-08-22 07:53:00,In
0185217,2025-08-22 17:42:00,Out
0804447,2025-08-22 08:14:00,In
0804447,2025-08-22 17:20:00,Out
0813432,2025-08-22 07:42:00,In
0813432,2025-08-22 17:58:00,Out
0055024,2025-08-22 09:31:00,In
0055024,2025-08-22 18:24:00,Out
0078657,2025-08-22 08:02:00,In
0078657,2025-08-22 17:36:00,Out
0748083,2025-08-22 09:59:00,In
0748083,2025-08-22 16:35:00,Out
0673615,2025-08-22 08:56:00,In
0673615,2025-08-22 18:56:00,Out
0193586,2025-08-22 09:23:00,In
0193586,2025-08-22 16:46:00,Out
0479911,2025-08-22 09:15:00,In
0479911,2025-08-22 17:15:00,Out
0084387,2025-08-22 08:20:00,In
0084387,2025-08-22 17:02:00,Out
0416428,2025-08-22 09:52:00,In
0416428,2025-08-22 16:23:00,Out
0511122,2025-08-22 09:13:00,In
0511122,2025-08-22 17:32:00,Out
0777956,2025-08-22 08:09:00,In
0777956,2025-08-22 17:54:00,Out
0462926,2025-08-22 08:20:00,In
0462926,2025-08-22 17:04:00,Out
0884652,2025-08-22 09:14:00,In
0884652,2025-08-22 18:13:00,Out
0185217,2025-08-23 09:38:00,In
0185217,2025-08-23 16:13:00,Out
0804447,2025-08-23 08:40:00,In
0804447,2025-08-23 17:57:00,Out
0813432,2025-08-23 07:24:00,In
0813432,2025-08-23 17:12:00,Out
0055024,2025-08-23 08:17:00,In
0055024,2025-08-23 17:04:00,Out
0078657,2025-08-23 08:03:00,In
0078657,2025-08-23 18:08:00,Out
0748083,2025-08-23 07:40:00,In
0748083,2025-08-23 18:50:00,Out
0673615,2025-08-23 09:20:00,In
0673615,2025-08-23 18:33:00,Out
0193586,2025-08-23 09:37:00,In
0193586,2025-08-23 16:37:00,Out
0479911,2025-08-23 08:24:00,In
0479911,2025-08-23 18:27:00,Out
0084387,2025-08-23 09:29:00,In
0084387,2025-08-23 17:46:00,Out
0416428,2025-08-23 07:37:00,In
0416428,2025-08-23 17:20:00,Out
0511122,2025-08-23 07:15:00,In
0511122,2025-08-23 16:14:00,Out
0777956,2025-08-23 08:24:00,In
0777956,2025-08-23 17:33:00,Out
0462926,2025-08-23 09:49:00,In
0462926,2025-08-23 16:00:00,Out
0884652,2025-08-23 09:16:00,In
0884652,2025-08-23 16:46:00,Out
0185217,2025-08-24 09:24:00,In
0185217,2025-08-24 18:55:00,Out
0804447,2025-08-24 09:54:00,In
0804447,2025-08-24 18:37:00,Out
0813432,2025-08-24 07:04:00,In
0813432,2025-08-24 17:20:00,Out
0055024,2025-08-24 07:18:00,In
0055024,2025-08-24 16:14:00,Out
0078657,2025-08-24 09:24:00,In
0078657,2025-08-24 16:06:00,Out
0748083,2025-08-24 08:32:00,In
0748083,2025-08-24 18:55:00,Out
0673615,2025-08-24 09:44:00,In
0673615,2025-08-24 17:02:00,Out
0193586,2025-08-24 08:34:00,In
0193586,2025-08-24 18:25:00,Out
0479911,2025-08-24 08:17:00,In
0479911,2025-08-24 16:54:00,Out
0084387,2025-08-24 09:33:00,In
0084387,2025-08-24 17:59:00,Out
0416428,2025-08-24 08:01:00,In
0416428,2025-08-24 18:37:00,Out
0511122,2025-08-24 08:31:00,In
0511122,2025-08-24 16:44:00,Out
0777956,2025-08-24 08:14:00,In
0777956,2025-08-24 17:16:00,Out
0462926,2025-08-24 07:16:00,In
0462926,2025-08-24 18:13:00,Out
0884652,2025-08-24 08:59:00,In
0884652,2025-08-24 17:46:00,Out
0185217,2025-08-25 07:57:00,In
0185217,2025-08-25 17:48:00,Out
0804447,2025-08-25 09:50:00,In
0804447,2025-08-25 18:40:00,Out
0813432,2025-08-25 09:43:00,In
0813432,2025-08-25 16:46:00,Out
0055024,2025-08-25 08:28:00,In
0055024,2025-08-25 16:17:00,Out
0078657,2025-08-25 07:51:00,In
0078657,2025-08-25 18:38:00,Out
0748083,2025-08-25 07:43:00,In
0748083,2025-08-25 18:24:00,Out
0673615,2025-08-25 09:09:00,In
0673615,2025-08-25 17:21:00,Out
0193586,2025-08-25 09:45:00,In
0193586,2025-08-25 17:20:00,Out
0479911,2025-08-25 07:49:00,In
0479911,2025-08-25 16:14:00,Out
0084387,2025-08-25 09:59:00,In
0084387,2025-08-25 18:37:00,Out
0416428,2025-08-25 09:44:00,In
0416428,2025-08-25 18:29:00,Out
0511122,2025-08-25 08:12:00,In
0511122,2025-08-25 16:28:00,Out
0777956,2025-08-25 09:20:00,In
0777956,2025-08-25 18:21:00,Out
0462926,2025-08-25 08:14:00,In
0462926,2025-08-25 18:47:00,Out
0884652,2025-08-25 09:54:00,In
0884652,2025-08-25 17:51:00,Out
0185217,2025-08-26 08:44:00,In
0185217,2025-08-26 18:15:00,Out
0804447,2025-08-26 09:44:00,In
0804447,2025-08-26 16:19:00,Out
0813432,2025-08-26 09:53:00,In
0813432,2025-08-26 17:51:00,Out
0055024,2025-08-26 08:24:00,In
0055024,2025-08-26 17:04:00,Out
0078657,2025-08-26 09:08:00,In
0078657,2025-08-26 17:14:00,Out
0748083,2025-08-26 09:18:00,In
0748083,2025-08-26 16:45:00,Out
0673615,2025-08-26 08:55:00,In
0673615,2025-08-26 18:58:00,Out
0193586,2025-08-26 09:38:00,In
0193586,2025-08-26 18:42:00,Out
0479911,2025-08-26 08:13:00,In
0479911,2025-08-26 18:32:00,Out
0084387,2025-08-26 07:58:00,In
0084387,2025-08-26 18:54:00,Out
0416428,2025-08-26 09:39:00,In
0416428,2025-08-26 18:25:00,Out
0511122,2025-08-26 08:32:00,In
0511122,2025-08-26 17:04:00,Out
0777956,2025-08-26 08:47:00,In
0777956,2025-08-26 17:16:00,Out
0462926,2025-08-26 07:23:00,In
0462926,2025-08-26 17:21:00,Out
0884652,2025-08-26 07:43:00,In
0884652,2025-08-26 18:30:00,Out
0185217,2025-08-27 09:35:00,In
0185217,2025-08-27 18:11:00,Out
0804447,2025-08-27 07:42:00,In
0804447,2025-08-27 17:27:00,Out
0813432,2025-08-27 09:31:00,In
0813432,2025-08-27 16:33:00,Out
0055024,2025-08-27 08:03:00,In
0055024,2025-08-27 16:45:00,Out
0078657,2025-08-27 07:55:00,In
0078657,2025-08-27 16:27:00,Out
0748083,2025-08-27 09:46:00,In
0748083,2025-08-27 18:37:00,Out
0673615,2025-08-27 07:31:00,In
0673615,2025-08-27 16:26:00,Out
0193586,2025-08-27 07:51:00,In
0193586,2025-08-27 16:19:00,Out
0479911,2025-08-27 08:54:00,In
0479911,2025-08-27 17:31:00,Out
0084387,2025-08-27 08:19:00,In
0084387,2025-08-27 17:53:00,Out
0416428,2025-08-27 09:02:00,In
0416428,2025-08-27 17:53:00,Out
0511122,2025-08-27 08:52:00,In
0511122,2025-08-27 16:01:00,Out
0777956,2025-08-27 07:11:00,In
0777956,2025-08-27 17:44:00,Out
0462926,2025-08-27 08:14:00,In
0462926,2025-08-27 18:33:00,Out
0884652,2025-08-27 07:16:00,In
0884652,2025-08-27 17:01:00,Out
0185217,2025-08-28 09:16:00,In
0185217,2025-08-28 16:48:00,Out
0804447,2025-08-28 07:27:00,In
0804447,2025-08-28 16:56:00,Out
0813432,2025-08-28 08:23:00,In
0813432,2025-08-28 18:26:00,Out
0055024,2025-08-28 09:53:00,In
0055024,2025-08-28 16:47:00,Out
0078657,2025-08-28 07:39:00,In
0078657,2025-08-28 16:37:00,Out
0748083,2025-08-28 07:29:00,In
0748083,2025-08-28 16:49:00,Out
0673615,2025-08-28 07:07:00,In
0673615,2025-08-28 17:17:00,Out
0193586,2025-08-28 08:11:00,In
0193586,2025-08-28 17:30:00,Out
0479911,2025-08-28 08:12:00,In
0479911,2025-08-28 16:28:00,Out
0084387,2025-08-28 07:06:00,In
0084387,2025-08-28 17:07:00,Out
0416428,2025-08-28 07:57:00,In
0416428,2025-08-28 17:49:00,Out
0511122,2025-08-28 08:03:00,In
0511122,2025-08-28 17:50:00,Out
0777956,2025-08-28 09:25:00,In
0777956,2025-08-28 17:05:00,Out
0462926,2025-08-28 09:12:00,In
0462926,2025-08-28 16:41:00,Out
0884652,2025-08-28 08:40:00,In
0884652,2025-08-28 17:29:00,Out
0185217,2025-08-29 08:49:00,In
0185217,2025-08-29 16:19:00,Out
0804447,2025-08-29 07:16:00,In
0804447,2025-08-29 17:25:00,Out
0813432,2025-08-29 08:54:00,In
0813432,2025-08-29 16:46:00,Out
0055024,2025-08-29 09:05:00,In
0055024,2025-08-29 18:31:00,Out
0078657,2025-08-29 09:37:00,In
0078657,2025-08-29 18:42:00,Out
0748083,2025-08-29 07:49:00,In
0748083,2025-08-29 18:24:00,Out
0673615,2025-08-29 08:47:00,In
0673615,2025-08-29 18:17:00,Out
0193586,2025-08-29 09:13:00,In
0193586,2025-08-29 18:07:00,Out
0479911,2025-08-29 09:50:00,In
0479911,2025-08-29 16:32:00,Out
0084387,2025-08-29 07:37:00,In
0084387,2025-08-29 18:39:00,Out
0416428,2025-08-29 07:03:00,In
0416428,2025-08-29 16:14:00,Out
0511122,2025-08-29 09:37:00,In
0511122,2025-08-29 17:19:00,Out
0777956,2025-08-29 07:46:00,In
0777956,2025-08-29 18:57:00,Out
0462926,2025-08-29 08:15:00,In
0462926,2025-08-29 18:02:00,Out
0884652,2025-08-29 07:44:00,In
0884652,2025-08-29 17:24:00,Out
0185217,2025-08-30 08:57:00,In
0185217,2025-08-30 18:26:00,Out
0804447,2025-08-30 07:03:00,In
0804447,2025-08-30 17:13:00,Out
0813432,2025-08-30 08:30:00,In
0813432,2025-08-30 16:23:00,Out
0055024,2025-08-30 08:26:00,In
0055024,2025-08-30 18:22:00,Out
0078657,2025-08-30 07:56:00,In
0078657,2025-08-30 16:25:00,Out
0748083,2025-08-30 07:32:00,In
0748083,2025-08-30 17:36:00,Out
0673615,2025-08-30 07:48:00,In
0673615,2025-08-30 18:05:00,Out
0193586,2025-08-30 09:06:00,In
0193586,2025-08-30 16:49:00,Out
0479911,2025-08-30 08:04:00,In
0479911,2025-08-30 17:08:00,Out
0084387,2025-08-30 07:01:00,In
0084387,2025-08-30 16:13:00,Out
0416428,2025-08-30 08:18:00,In
0416428,2025-08-30 18:01:00,Out
0511122,2025-08-30 08:40:00,In
0511122,2025-08-30 16:41:00,Out
0777956,2025-08-30 09:39:00,In
0777956,2025-08-30 17:26:00,Out
0462926,2025-08-30 09:11:00,In
0462926,2025-08-30 17:38:00,Out
0884652,2025-08-30 08:58:00,In
0884652,2025-08-30 16:29:00,Out
0185217,2025-08-31 07:49:00,In
0185217,2025-08-31 18:32:00,Out
0804447,2025-08-31 07:01:00,In
0804447,2025-08-31 16:02:00,Out
0813432,2025-08-31 08:02:00,In
0813432,2025-08-31 16:07:00,Out
0055024,2025-08-31 09:48:00,In
0055024,2025-08-31 17:41:00,Out
0078657,2025-08-31 07:34:00,In
0078657,2025-08-31 18:15:00,Out
0748083,2025-08-31 09:31:00,In
0748083,2025-08-31 17:47:00,Out
0673615,2025-08-31 09:43:00,In
0673615,2025-08-31 18:45:00,Out
0193586,2025-08-31 07:39:00,In
0193586,2025-08-31 17:15:00,Out
0479911,2025-08-31 08:24:00,In
0479911,2025-08-31 16:20:00,Out
0084387,2025-08-31 08:39:00,In
0084387,2025-08-31 18:19:00,Out
0416428,2025-08-31 09:10:00,In
0416428,2025-08-31 16:43:00,Out
0511122,2025-08-31 08:38:00,In
0511122,2025-08-31 16:01:00,Out
0777956,2025-08-31 09:38:00,In
0777956,2025-08-31 16:49:00,Out
0462926,2025-08-31 08:01:00,In
0462926,2025-08-31 18:50:00,Out
0884652,2025-08-31 07:10:00,In
0884652,2025-08-31 18:20:00,Out
0185217,2025-09-01 08:07:00,In
0185217,2025-09-01 18:09:00,Out
0804447,2025-09-01 08:06:00,In
0804447,2025-09-01 18:37:00,Out
0813432,2025-09-01 07:26:00,In
0813432,2025-09-01 17:57:00,Out
0055024,2025-09-01 07:05:00,In
0055024,2025-09-01 17:48:00,Out
0078657,2025-09-01 07:47:00,In
0078657,2025-09-01 17:56:00,Out
0748083,2025-09-01 07:21:00,In
0748083,2025-09-01 18:20:00,Out
0673615,2025-09-01 09:48:00,In
0673615,2025-09-01 17:34:00,Out
0193586,2025-09-01 07:15:00,In
0193586,2025-09-01 16:42:00,Out
0479911,2025-09-01 08:19:00,In
0479911,2025-09-01 17:50:00,Out
0084387,2025-09-01 08:16:00,In
0084387,2025-09-01 18:20:00,Out
0416428,2025-09-01 08:04:00,In
0416428,2025-09-01 16:37:00,Out
0511122,2025-09-01 09:08:00,In
0511122,2025-09-01 16:33:00,Out
0777956,2025-09-01 08:22:00,In
0777956,2025-09-01 18:28:00,Out
0462926,2025-09-01 08:20:00,In
0462926,2025-09-01 16:07:00,Out
0884652,2025-09-01 09:50:00,In
0884652,2025-09-01 18:38:00,Out
0185217,2025-09-02 07:42:00,In
0185217,2025-09-02 18:26:00,Out
0804447,2025-09-02 07:15:00,In
0804447,2025-09-02 18:39:00,Out
0813432,2025-09-02 07:40:00,In
0813432,2025-09-02 16:20:00,Out
0055024,2025-09-02 09:55:00,In
0055024,2025-09-02 18:26:00,Out
0078657,2025-09-02 07:20:00,In
0078657,2025-09-02 18:38:00,Out
0748083,2025-09-02 08:00:00,In
0748083,2025-09-02 16:31:00,Out
0673615,2025-09-02 08:33:00,In
0673615,2025-09-02 16:28:00,Out
0193586,2025-09-02 07:46:00,In
0193586,2025-09-02 18:14:00,Out
0479911,2025-09-02 07:48:00,In
0479911,2025-09-02 16:59:00,Out
0084387,2025-09-02 09:10:00,In
0084387,2025-09-02 17:30:00,Out
0416428,2025-09-02 09:24:00,In
0416428,2025-09-02 16:42:00,Out
0511122,2025-09-02 07:53:00,In
0511122,2025-09-02 16:55:00,Out
0777956,2025-09-02 08:37:00,In
0777956,2025-09-02 17:25:00,Out
0462926,2025-09-02 07:37:00,In
0462926,2025-09-02 17:37:00,Out
0884652,2025-09-02 09:18:00,In
0884652,2025-09-02 17:42:00,Out
0185217,2025-09-03 07:25:00,In
0185217,2025-09-03 18:02:00,Out
0804447,2025-09-03 08:06:00,In
0804447,2025-09-03 17:43:00,Out
0813432,2025-09-03 08:58:00,In
0813432,2025-09-03 18:31:00,Out
0055024,2025-09-03 08:38:00,In
0055024,2025-09-03 18:17:00,Out
0078657,2025-09-03 09:35:00,In
0078657,2025-09-03 18:33:00,Out
0748083,2025-09-03 08:27:00,In
0748083,2025-09-03 18:58:00,Out
0673615,2025-09-03 08:18:00,In
0673615,2025-09-03 18:11:00,Out
0193586,2025-09-03 09:15:00,In
0193586,2025-09-03 17:03:00,Out
0479911,2025-09-03 08:43:00,In
0479911,2025-09-03 17:15:00,Out
0084387,2025-09-03 09:32:00,In
0084387,2025-09-03 18:24:00,Out
0416428,2025-09-03 09:26:00,In
0416428,2025-09-03 16:51:00,Out
0511122,2025-09-03 07:57:00,In
0511122,2025-09-03 18:03:00,Out
0777956,2025-09-03 07:40:00,In
0777956,2025-09-03 17:57:00,Out
0462926,2025-09-03 07:05:00,In
0462926,2025-09-03 18:37:00,Out
0884652,2025-09-03 07:59:00,In
0884652,2025-09-03 17:54:00,Out
0185217,2025-09-04 07:48:00,In
0185217,2025-09-04 18:18:00,Out
0804447,2025-09-04 09:58:00,In
0804447,2025-09-04 16:17:00,Out
0813432,2025-09-04 08:08:00,In
0813432,2025-09-04 17:13:00,Out
0055024,2025-09-04 09:51:00,In
0055024,2025-09-04 18:29:00,Out
0078657,2025-09-04 07:28:00,In
0078657,2025-09-04 17:55:00,Out
0748083,2025-09-04 09:41:00,In
0748083,2025-09-04 17:03:00,Out
0673615,2025-09-04 09:47:00,In
0673615,2025-09-04 17:40:00,Out
0193586,2025-09-04 08:58:00,In
0193586,2025-09-04 16:58:00,Out
0479911,2025-09-04 08:03:00,In
0479911,2025-09-04 16:37:00,Out
0084387,2025-09-04 08:45:00,In
0084387,2025-09-04 17:58:00,Out
0416428,2025-09-04 09:58:00,In
0416428,2025-09-04 17:04:00,Out
0511122,2025-09-04 09:02:00,In
0511122,2025-09-04 18:52:00,Out
0777956,2025-09-04 08:41:00,In
0777956,2025-09-04 17:47:00,Out
0462926,2025-09-04 08:40:00,In
0462926,2025-09-04 17:41:00,Out
0884652,2025-09-04 08:11:00,In
0884652,2025-09-04 18:37:00,Out
0185217,2025-09-05 08:30:00,In
0185217,2025-09-05 17:58:00,Out
0804447,2025-09-05 08:45:00,In
0804447,2025-09-05 17:08:00,Out
0813432,2025-09-05 07:24:00,In
0813432,2025-09-05 16:11:00,Out
0055024,2025-09-05 08:26:00,In
0055024,2025-09-05 16:02:00,Out
0078657,2025-09-05 08:04:00,In
0078657,2025-09-05 17:01:00,Out
0748083,2025-09-05 08:27:00,In
0748083,2025-09-05 16:10:00,Out
0673615,2025-09-05 09:50:00,In
0673615,2025-09-05 17:26:00,Out
0193586,2025-09-05 08:32:00,In
0193586,2025-09-05 16:23:00,Out
0479911,2025-09-05 09:30:00,In
0479911,2025-09-05 18:02:00,Out
0084387,2025-09-05 09:40:00,In
0084387,2025-09-05 18:50:00,Out
0416428,2025-09-05 08:44:00,In
0416428,2025-09-05 16:15:00,Out
0511122,2025-09-05 07:43:00,In
0511122,2025-09-05 16:53:00,Out
0777956,2025-09-05 09:50:00,In
0777956,2025-09-05 18:21:00,Out
0462926,2025-09-05 08:03:00,In
0462926,2025-09-05 18:54:00,Out
0884652,2025-09-05 07:34:00,In
0884652,2025-09-05 16:16:00,Out
0185217,2025-09-06 07:01:00,In
0185217,2025-09-06 16:08:00,Out
0804447,2025-09-06 09:34:00,In
0804447,2025-09-06 16:43:00,Out
0813432,2025-09-06 07:35:00,In
0813432,2025-09-06 17:14:00,Out
0055024,2025-09-06 08:53:00,In
0055024,2025-09-06 17:12:00,Out
0078657,2025-09-06 07:49:00,In
0078657,2025-09-06 16:36:00,Out
0748083,2025-09-06 07:25:00,In
0748083,2025-09-06 16:52:00,Out
0673615,2025-09-06 07:23:00,In
0673615,2025-09-06 17:58:00,Out
0193586,2025-09-06 09:43:00,In
0193586,2025-09-06 17:31:00,Out
0479911,2025-09-06 07:42:00,In
0479911,2025-09-06 18:55:00,Out
0084387,2025-09-06 07:49:00,In
0084387,2025-09-06 16:22:00,Out
0416428,2025-09-06 08:00:00,In
0416428,2025-09-06 18:15:00,Out
0511122,2025-09-06 08:50:00,In
0511122,2025-09-06 18:31:00,Out
0777956,2025-09-06 09:40:00,In
0777956,2025-09-06 16:40:00,Out
0462926,2025-09-06 09:11:00,In
0462926,2025-09-06 16:57:00,Out
0884652,2025-09-06 09:12:00,In
0884652,2025-09-06 16:39:00,Out
0185217,2025-09-07 07:32:00,In
0185217,2025-09-07 16:36:00,Out
0804447,2025-09-07 08:57:00,In
0804447,2025-09-07 16:53:00,Out
0813432,2025-09-07 09:05:00,In
0813432,2025-09-07 18:40:00,Out
0055024,2025-09-07 07:53:00,In
0055024,2025-09-07 17:53:00,Out
0078657,2025-09-07 09:14:00,In
0078657,2025-09-07 16:42:00,Out
0748083,2025-09-07 08:14:00,In
0748083,2025-09-07 16:56:00,Out
0673615,2025-09-07 07:52:00,In
0673615,2025-09-07 16:31:00,Out
0193586,2025-09-07 07:14:00,In
0193586,2025-09-07 17:17:00,Out
0479911,2025-09-07 07:53:00,In
0479911,2025-09-07 18:00:00,Out
0084387,2025-09-07 09:46:00,In
0084387,2025-09-07 18:19:00,Out
0416428,2025-09-07 09:51:00,In
0416428,2025-09-07 18:42:00,Out
0511122,2025-09-07 07:54:00,In
0511122,2025-09-07 18:44:00,Out
0777956,2025-09-07 09:05:00,In
0777956,2025-09-07 18:30:00,Out
0462926,2025-09-07 08:11:00,In
0462926,2025-09-07 16:28:00,Out
0884652,2025-09-07 07:39:00,In
0884652,2025-09-07 16:23:00,Out
0185217,2025-09-08 08:15:00,In
0185217,2025-09-08 18:28:00,Out
0804447,2025-09-08 07:15:00,In
0804447,2025-09-08 18:29:00,Out
0813432,2025-09-08 07:52:00,In
0813432,2025-09-08 18:03:00,Out
0055024,2025-09-08 09:15:00,In
0055024,2025-09-08 17:12:00,Out
0078657,2025-09-08 08:02:00,In
0078657,2025-09-08 17:02:00,Out
0748083,2025-09-08 09:20:00,In
0748083,2025-09-08 16:33:00,Out
0673615,2025-09-08 08:16:00,In
0673615,2025-09-08 16:56:00,Out
0193586,2025-09-08 09:07:00,In
0193586,2025-09-08 18:09:00,Out
0479911,2025-09-08 09:52:00,In
0479911,2025-09-08 18:12:00,Out
0084387,2025-09-08 08:12:00,In
0084387,2025-09-08 17:52:00,Out
0416428,2025-09-08 09:29:00,In
0416428,2025-09-08 17:52:00,Out
0511122,2025-09-08 08:37:00,In
0511122,2025-09-08 18:56:00,Out
0777956,2025-09-08 08:50:00,In
0777956,2025-09-08 17:49:00,Out
0462926,2025-09-08 09:18:00,In
0462926,2025-09-08 16:17:00,Out
0884652,2025-09-08 07:13:00,In
0884652,2025-09-08 16:55:00,Out
0185217,2025-09-09 09:13:00,In
0185217,2025-09-09 18:45:00,Out
0804447,2025-09-09 07:04:00,In
0804447,2025-09-09 17:33:00,Out
0813432,2025-09-09 07:29:00,In
0813432,2025-09-09 17:44:00,Out
0055024,2025-09-09 08:17:00,In
0055024,2025-09-09 16:46:00,Out
0078657,2025-09-09 07:05:00,In
0078657,2025-09-09 17:07:00,Out
0748083,2025-09-09 09:11:00,In
0748083,2025-09-09 17:13:00,Out
0673615,2025-09-09 09:27:00,In
0673615,2025-09-09 18:54:00,Out
0193586,2025-09-09 08:01:00,In
0193586,2025-09-09 17:09:00,Out
0479911,2025-09-09 07:54:00,In
0479911,2025-09-09 16:17:00,Out
0084387,2025-09-09 08:32:00,In
0084387,2025-09-09 17:38:00,Out
0416428,2025-09-09 09:13:00,In
0416428,2025-09-09 17:03:00,Out
0511122,2025-09-09 08:24:00,In
0511122,2025-09-09 17:34:00,Out
0777956,2025-09-09 08:36:00,In
0777956,2025-09-09 18:19:00,Out
0462926,2025-09-09 09:45:00,In
0462926,2025-09-09 16:07:00,Out
0884652,2025-09-09 09:27:00,In
0884652,2025-09-09 16:26:00,Out
0185217,2025-09-10 09:22:00,In
0185217,2025-09-10 18:12:00,Out
0804447,2025-09-10 09:53:00,In
0804447,2025-09-10 17:40:00,Out
0813432,2025-09-10 09:48:00,In
0813432,2025-09-10 18:30:00,Out
0055024,2025-09-10 07:28:00,In
0055024,2025-09-10 17:06:00,Out
0078657,2025-09-10 07:06:00,In
0078657,2025-09-10 18:01:00,Out
0748083,2025-09-10 09:08:00,In
0748083,2025-09-10 18:03:00,Out
0673615,2025-09-10 09:33:00,In
0673615,2025-09-10 17:28:00,Out
0193586,2025-09-10 08:22:00,In
0193586,2025-09-10 17:52:00,Out
0479911,2025-09-10 07:03:00,In
0479911,2025-09-10 17:45:00,Out
0084387,2025-09-10 08:47:00,In
0084387,2025-09-10 17:44:00,Out
0416428,2025-09-10 07:58:00,In
0416428,2025-09-10 17:42:00,Out
0511122,2025-09-10 07:35:00,In
0511122,2025-09-10 17:29:00,Out
0777956,2025-09-10 08:58:00,In
0777956,2025-09-10 16:10:00,Out
0462926,2025-09-10 09:22:00,In
0462926,2025-09-10 18:35:00,Out
0884652,2025-09-10 08:11:00,In
0884652,2025-09-10 16:26:00,Out
0185217,2025-09-11 07:11:00,In
0185217,2025-09-11 17:02:00,Out
0804447,2025-09-11 09:41:00,In
0804447,2025-09-11 16:52:00,Out
0813432,2025-09-11 09:17:00,In
0813432,2025-09-11 16:11:00,Out
0055024,2025-09-11 08:14:00,In
0055024,2025-09-11 16:38:00,Out
0078657,2025-09-11 07:16:00,In
0078657,2025-09-11 17:47:00,Out
0748083,2025-09-11 08:27:00,In
0748083,2025-09-11 17:54:00,Out
0673615,2025-09-11 07:48:00,In
0673615,2025-09-11 16:43:00,Out
0193586,2025-09-11 07:17:00,In
0193586,2025-09-11 17:46:00,Out
0479911,2025-09-11 08:11:00,In
0479911,2025-09-11 17:28:00,Out
0084387,2025-09-11 07:20:00,In
0084387,2025-09-11 17:11:00,Out
0416428,2025-09-11 09:03:00,In
0416428,2025-09-11 16:42:00,Out
0511122,2025-09-11 09:55:00,In
0511122,2025-09-11 16:09:00,Out
0777956,2025-09-11 07:30:00,In
0777956,2025-09-11 16:03:00,Out
0462926,2025-09-11 08:47:00,In
0462926,2025-09-11 17:05:00,Out
0884652,2025-09-11 09:52:00,In
0884652,2025-09-11 17:34:00,Out
0185217,2025-09-12 07:31:00,In
0185217,2025-09-12 17:21:00,Out
0804447,2025-09-12 08:55:00,In
0804447,2025-09-12 17:01:00,Out
0813432,2025-09-12 08:06:00,In
0813432,2025-09-12 17:20:00,Out
0055024,2025-09-12 09:50:00,In
0055024,2025-09-12 17:37:00,Out
0078657,2025-09-12 07:14:00,In
0078657,2025-09-12 17:13:00,Out
0748083,2025-09-12 07:11:00,In
0748083,2025-09-12 16:22:00,Out
0673615,2025-09-12 08:16:00,In
0673615,2025-09-12 17:52:00,Out
0193586,2025-09-12 08:56:00,In
0193586,2025-09-12 18:05:00,Out
0479911,2025-09-12 08:53:00,In
0479911,2025-09-12 17:34:00,Out
0084387,2025-09-12 07:40:00,In
0084387,2025-09-12 16:44:00,Out
0416428,2025-09-12 09:38:00,In
0416428,2025-09-12 17:16:00,Out
0511122,2025-09-12 09:05:00,In
0511122,2025-09-12 16:28:00,Out
0777956,2025-09-12 08:01:00,In
0777956,2025-09-12 17:48:00,Out
0462926,2025-09-12 09:23:00,In
0462926,2025-09-12 18:12:00,Out
0884652,2025-09-12 08:12:00,In
0884652,2025-09-12 18:43:00,Out
0185217,2025-09-13 08:48:00,In
0185217,2025-09-13 16:17:00,Out
0804447,2025-09-13 09:36:00,In
0804447,2025-09-13 16:16:00,Out
0813432,2025-09-13 07:25:00,In
0813432,2025-09-13 17:10:00,Out
0055024,2025-09-13 07:56:00,In
0055024,2025-09-13 16:00:00,Out
0078657,2025-09-13 09:35:00,In
0078657,2025-09-13 16:42:00,Out
0748083,2025-09-13 08:28:00,In
0748083,2025-09-13 18:07:00,Out
0673615,2025-09-13 08:15:00,In
0673615,2025-09-13 17:43:00,Out
0193586,2025-09-13 07:37:00,In
0193586,2025-09-13 18:50:00,Out
0479911,2025-09-13 09:57:00,In
0479911,2025-09-13 17:16:00,Out
0084387,2025-09-13 07:04:00,In
0084387,2025-09-13 18:29:00,Out
0416428,2025-09-13 07:27:00,In
0416428,2025-09-13 16:38:00,Out
0511122,2025-09-13 08:16:00,In
0511122,2025-09-13 17:49:00,Out
0777956,2025-09-13 08:54:00,In
0777956,2025-09-13 18:22:00,Out
0462926,2025-09-13 08:59:00,In
0462926,2025-09-13 18:55:00,Out
0884652,2025-09-13 09:38:00,In
0884652,2025-09-13 16:06:00,Out
0185217,2025-09-14 09:49:00,In
0185217,2025-09-14 16:08:00,Out
0804447,2025-09-14 08:47:00,In
0804447,2025-09-14 17:30:00,Out
0813432,2025-09-14 08:49:00,In
0813432,2025-09-14 17:26:00,Out
0055024,2025-09-14 08:11:00,In
0055024,2025-09-14 16:58:00,Out
0078657,2025-09-14 08:59:00,In
0078657,2025-09-14 16:00:00,Out
0748083,2025-09-14 08:59:00,In
0748083,2025-09-14 18:44:00,Out
0673615,2025-09-14 07:53:00,In
0673615,2025-09-14 18:36:00,Out
0193586,2025-09-14 09:59:00,In
0193586,2025-09-14 18:49:00,Out
0479911,2025-09-14 07:26:00,In
0479911,2025-09-14 16:09:00,Out
0084387,2025-09-14 07:57:00,In
0084387,2025-09-14 17:59:00,Out
0416428,2025-09-14 07:21:00,In
0416428,2025-09-14 17:48:00,Out
0511122,2025-09-14 08:01:00,In
0511122,2025-09-14 18:12:00,Out
0777956,2025-09-14 07:06:00,In
0777956,2025-09-14 18:45:00,Out
0462926,2025-09-14 07:29:00,In
0462926,2025-09-14 16:18:00,Out
0884652,2025-09-14 08:06:00,In
0884652,2025-09-14 17:20:00,Out
0185217,2025-09-15 09:25:00,In
0185217,2025-09-15 16:44:00,Out
0804447,2025-09-15 08:36:00,In
0804447,2025-09-15 16:47:00,Out
0813432,2025-09-15 07:27:00,In
0813432,2025-09-15 16:43:00,Out
0055024,2025-09-15 08:45:00,In
0055024,2025-09-15 18:17:00,Out
0078657,2025-09-15 07:04:00,In
0078657,2025-09-15 16:29:00,Out
0748083,2025-09-15 09:17:00,In
0748083,2025-09-15 17:00:00,Out
0673615,2025-09-15 09:46:00,In
0673615,2025-09-15 17:14:00,Out
0193586,2025-09-15 09:08:00,In
0193586,2025-09-15 18:15:00,Out
0479911,2025-09-15 08:06:00,In
0479911,2025-09-15 18:31:00,Out
0084387,2025-09-15 09:31:00,In
0084387,2025-09-15 17:28:00,Out
0416428,2025-09-15 07:34:00,In
0416428,2025-09-15 16:17:00,Out
0511122,2025-09-15 07:53:00,In
0511122,2025-09-15 16:22:00,Out
0777956,2025-09-15 09:28:00,In
0777956,2025-09-15 16:36:00,Out
0462926,2025-09-15 07:32:00,In
0462926,2025-09-15 17:07:00,Out
0884652,2025-09-15 07:23:00,In
0884652,2025-09-15 16:16:00,Out
0185217,2025-09-16 09:33:00,In
0185217,2025-09-16 18:27:00,Out
0804447,2025-09-16 07:12:00,In
0804447,2025-09-16 16:59:00,Out
0813432,2025-09-16 07:54:00,In
0813432,2025-09-16 17:38:00,Out
0055024,2025-09-16 07:07:00,In
0055024,2025-09-16 17:29:00,Out
0078657,2025-09-16 07:07:00,In
0078657,2025-09-16 17:54:00,Out
0748083,2025-09-16 09:32:00,In
0748083,2025-09-16 17:00:00,Out
0673615,2025-09-16 08:36:00,In
0673615,2025-09-16 17:50:00,Out
0193586,2025-09-16 07:23:00,In
0193586,2025-09-16 16:42:00,Out
0479911,2025-09-16 09:05:00,In
0479911,2025-09-16 18:22:00,Out
0084387,2025-09-16 07:25:00,In
0084387,2025-09-16 16:16:00,Out
0416428,2025-09-16 08:33:00,In
0416428,2025-09-16 17:21:00,Out
0511122,2025-09-16 08:16:00,In
0511122,2025-09-16 16:58:00,Out
0777956,2025-09-16 08:43:00,In
0777956,2025-09-16 17:24:00,Out
0462926,2025-09-16 08:31:00,In
0462926,2025-09-16 16:42:00,Out
0884652,2025-09-16 07:03:00,In
0884652,2025-09-16 17:21:00,Out
0185217,2025-09-17 09:02:00,In
0185217,2025-09-17 18:17:00,Out
0804447,2025-09-17 07:33:00,In
0804447,2025-09-17 17:39:00,Out
0813432,2025-09-17 07:43:00,In
0813432,2025-09-17 17:54:00,Out
0055024,2025-09-17 08:47:00,In
0055024,2025-09-17 18:50:00,Out
0078657,2025-09-17 08:42:00,In
0078657,2025-09-17 18:21:00,Out
0748083,2025-09-17 09:19:00,In
0748083,2025-09-17 16:57:00,Out
0673615,2025-09-17 08:30:00,In
0673615,2025-09-17 18:45:00,Out
0193586,2025-09-17 09:51:00,In
0193586,2025-09-17 18:11:00,Out
0479911,2025-09-17 08:35:00,In
0479911,2025-09-17 16:35:00,Out
0084387,2025-09-17 07:12:00,In
0084387,2025-09-17 18:42:00,Out
0416428,2025-09-17 09:35:00,In
0416428,2025-09-17 16:41:00,Out
0511122,2025-09-17 07:46:00,In
0511122,2025-09-17 17:27:00,Out
0777956,2025-09-17 07:56:00,In
0777956,2025-09-17 16:36:00,Out
0462926,2025-09-17 09:56:00,In
0462926,2025-09-17 16:31:00,Out
0884652,2025-09-17 07:44:00,In
0884652,2025-09-17 17:48:00,Out
0185217,2025-09-18 07:59:00,In
0185217,2025-09-18 18:29:00,Out
0804447,2025-09-18 07:24:00,In
0804447,2025-09-18 17:34:00,Out
0813432,2025-09-18 08:50:00,In
0813432,2025-09-18 16:22:00,Out
0055024,2025-09-18 08:48:00,In
0055024,2025-09-18 16:51:00,Out
0078657,2025-09-18 08:26:00,In
0078657,2025-09-18 17:36:00,Out
0748083,2025-09-18 08:18:00,In
0748083,2025-09-18 16:47:00,Out
0673615,2025-09-18 07:01:00,In
0673615,2025-09-18 16:37:00,Out
0193586,2025-09-18 08:54:00,In
0193586,2025-09-18 17:03:00,Out
0479911,2025-09-18 08:45:00,In
0479911,2025-09-18 17:06:00,Out
0084387,2025-09-18 08:40:00,In
0084387,2025-09-18 18:39:00,Out
0416428,2025-09-18 07:08:00,In
0416428,2025-09-18 16:34:00,Out
0511122,2025-09-18 09:44:00,In
0511122,2025-09-18 18:55:00,Out
0777956,2025-09-18 09:14:00,In
0777956,2025-09-18 16:39:00,Out
0462926,2025-09-18 08:14:00,In
0462926,2025-09-18 17:33:00,Out
0884652,2025-09-18 08:55:00,In
0884652,2025-09-18 17:45:00,Out
0185217,2025-09-19 08:46:00,In
0185217,2025-09-19 16:11:00,Out
0804447,2025-09-19 08:53:00,In
0804447,2025-09-19 16:48:00,Out
0813432,2025-09-19 07:26:00,In
0813432,2025-09-19 16:12:00,Out
0055024,2025-09-19 09:25:00,In
0055024,2025-09-19 16:59:00,Out
0078657,2025-09-19 08:56:00,In
0078657,2025-09-19 16:53:00,Out
0748083,2025-09-19 09:25:00,In
0748083,2025-09-19 16:05:00,Out
0673615,2025-09-19 07:15:00,In
0673615,2025-09-19 16:34:00,Out
0193586,2025-09-19 09:23:00,In
0193586,2025-09-19 18:47:00,Out
0479911,2025-09-19 09:41:00,In
0479911,2025-09-19 16:55:00,Out
0084387,2025-09-19 07:46:00,In
0084387,2025-09-19 16:42:00,Out
0416428,2025-09-19 08:34:00,In
0416428,2025-09-19 17:36:00,Out
0511122,2025-09-19 07:33:00,In
0511122,2025-09-19 18:35:00,Out
0777956,2025-09-19 08:44:00,In
0777956,2025-09-19 17:30:00,Out
0462926,2025-09-19 08:01:00,In
0462926,2025-09-19 17:33:00,Out
0884652,2025-09-19 09:44:00,In
0884652,2025-09-19 18:39:00,Out
0185217,2025-09-20 09:45:00,In
0185217,2025-09-20 18:02:00,Out
0804447,2025-09-20 08:07:00,In
0804447,2025-09-20 16:33:00,Out
0813432,2025-09-20 08:17:00,In
0813432,2025-09-20 16:58:00,Out
0055024,2025-09-20 09:46:00,In
0055024,2025-09-20 16:41:00,Out
0078657,2025-09-20 07:37:00,In
0078657,2025-09-20 17:39:00,Out
0748083,2025-09-20 08:24:00,In
0748083,2025-09-20 16:45:00,Out
0673615,2025-09-20 08:49:00,In
0673615,2025-09-20 16:05:00,Out
0193586,2025-09-20 09:27:00,In
0193586,2025-09-20 17:32:00,Out
0479911,2025-09-20 07:06:00,In
0479911,2025-09-20 16:33:00,Out
0084387,2025-09-20 07:46:00,In
0084387,2025-09-20 16:00:00,Out
0416428,2025-09-20 07:24:00,In
0416428,2025-09-20 17:31:00,Out
0511122,2025-09-20 08:30:00,In
0511122,2025-09-20 16:44:00,Out
0777956,2025-09-20 09:17:00,In
0777956,2025-09-20 17:12:00,Out
0462926,2025-09-20 08:18:00,In
0462926,2025-09-20 18:49:00,Out
0884652,2025-09-20 09:05:00,In
0884652,2025-09-20 16:30:00,Out
0185217,2025-09-21 09:08:00,In
0185217,2025-09-21 17:17:00,Out
0804447,2025-09-21 07:21:00,In
0804447,2025-09-21 17:35:00,Out
0813432,2025-09-21 07:37:00,In
0813432,2025-09-21 18:07:00,Out
0055024,2025-09-21 07:08:00,In
0055024,2025-09-21 18:24:00,Out
0078657,2025-09-21 08:16:00,In
0078657,2025-09-21 16:25:00,Out
0748083,2025-09-21 09:16:00,In
0748083,2025-09-21 16:02:00,Out
0673615,2025-09-21 09:57:00,In
0673615,2025-09-21 17:40:00,Out
0193586,2025-09-21 09:02:00,In
0193586,2025-09-21 17:57:00,Out
0479911,2025-09-21 09:16:00,In
0479911,2025-09-21 17:11:00,Out
0084387,2025-09-21 08:09:00,In
0084387,2025-09-21 17:47:00,Out
0416428,2025-09-21 08:23:00,In
0416428,2025-09-21 16:25:00,Out
0511122,2025-09-21 09:52:00,In
0511122,2025-09-21 18:20:00,Out
0777956,2025-09-21 07:49:00,In
0777956,2025-09-21 17:55:00,Out
0462926,2025-09-21 07:20:00,In
0462926,2025-09-21 16:53:00,Out
0884652,2025-09-21 09:13:00,In
0884652,2025-09-21 17:03:00,Out
0185217,2025-09-22 08:19:00,In
0185217,2025-09-22 17:10:00,Out
0804447,2025-09-22 09:00:00,In
0804447,2025-09-22 17:07:00,Out
0813432,2025-09-22 09:06:00,In
0813432,2025-09-22 16:26:00,Out
0055024,2025-09-22 08:02:00,In
0055024,2025-09-22 18:40:00,Out
0078657,2025-09-22 08:54:00,In
0078657,2025-09-22 16:50:00,Out
0748083,2025-09-22 08:32:00,In
0748083,2025-09-22 18:57:00,Out
0673615,2025-09-22 09:49:00,In
0673615,2025-09-22 17:10:00,Out
0193586,2025-09-22 08:25:00,In
0193586,2025-09-22 17:54:00,Out
0479911,2025-09-22 09:47:00,In
0479911,2025-09-22 16:47:00,Out
0084387,2025-09-22 08:17:00,In
0084387,2025-09-22 16:34:00,Out
0416428,2025-09-22 09:12:00,In
0416428,2025-09-22 18:30:00,Out
0511122,2025-09-22 09:39:00,In
0511122,2025-09-22 17:54:00,Out
0777956,2025-09-22 08:00:00,In
0777956,2025-09-22 17:41:00,Out
0462926,2025-09-22 08:25:00,In
0462926,2025-09-22 16:20:00,Out
0884652,2025-09-22 07:30:00,In
0884652,2025-09-22 18:40:00,Out
0185217,2025-09-23 08:46:00,In
0185217,2025-09-23 18:13:00,Out
0804447,2025-09-23 08:02:00,In
0804447,2025-09-23 16:44:00,Out
0813432,2025-09-23 08:22:00,In
0813432,2025-09-23 18:23:00,Out
0055024,2025-09-23 07:27:00,In
0055024,2025-09-23 17:59:00,Out
0078657,2025-09-23 09:39:00,In
0078657,2025-09-23 18:56:00,Out
0748083,2025-09-23 08:55:00,In
0748083,2025-09-23 18:00:00,Out
0673615,2025-09-23 09:13:00,In
0673615,2025-09-23 18:54:00,Out
0193586,2025-09-23 07:45:00,In
0193586,2025-09-23 16:04:00,Out
0479911,2025-09-23 07:11:00,In
0479911,2025-09-23 18:20:00,Out
0084387,2025-09-23 09:44:00,In
0084387,2025-09-23 16:51:00,Out
0416428,2025-09-23 08:21:00,In
0416428,2025-09-23 18:35:00,Out
0511122,2025-09-23 07:21:00,In
0511122,2025-09-23 17:14:00,Out
0777956,2025-09-23 09:32:00,In
0777956,2025-09-23 16:20:00,Out
0462926,2025-09-23 09:37:00,In
0462926,2025-09-23 16:07:00,Out
0884652,2025-09-23 07:29:00,In
0884652,2025-09-23 16:01:00,Out
0185217,2025-09-24 07:46:00,In
0185217,2025-09-24 18:16:00,Out
0804447,2025-09-24 08:18:00,In
0804447,2025-09-24 18:39:00,Out
0813432,2025-09-24 09:49:00,In
0813432,2025-09-24 17:51:00,Out
0055024,2025-09-24 08:41:00,In
0055024,2025-09-24 16:00:00,Out
0078657,2025-09-24 09:13:00,In
0078657,2025-09-24 16:24:00,Out
0748083,2025-09-24 08:13:00,In
0748083,2025-09-24 17:39:00,Out
0673615,2025-09-24 08:48:00,In
0673615,2025-09-24 16:30:00,Out
0193586,2025-09-24 09:15:00,In
0193586,2025-09-24 18:11:00,Out
0479911,2025-09-24 07:15:00,In
0479911,2025-09-24 16:20:00,Out
0084387,2025-09-24 08:54:00,In
0084387,2025-09-24 18:40:00,Out
0416428,2025-09-24 08:20:00,In
0416428,2025-09-24 18:21:00,Out
0511122,2025-09-24 07:18:00,In
0511122,2025-09-24 17:03:00,Out
0777956,2025-09-24 09:46:00,In
0777956,2025-09-24 18:41:00,Out
0462926,2025-09-24 09:58:00,In
0462926,2025-09-24 18:31:00,Out
0884652,2025-09-24 09:35:00,In
0884652,2025-09-24 17:01:00,Out
0185217,2025-09-25 08:11:00,In
0185217,2025-09-25 17:27:00,Out
0804447,2025-09-25 09:17:00,In
0804447,2025-09-25 17:18:00,Out
0813432,2025-09-25 09:40:00,In
0813432,2025-09-25 17:28:00,Out
0055024,2025-09-25 07:59:00,In
0055024,2025-09-25 16:13:00,Out
0078657,2025-09-25 07:25:00,In
0078657,2025-09-25 16:18:00,Out
0748083,2025-09-25 09:46:00,In
0748083,2025-09-25 17:00:00,Out
0673615,2025-09-25 09:18:00,In
0673615,2025-09-25 18:38:00,Out
0193586,2025-09-25 09:13:00,In
0193586,2025-09-25 18:06:00,Out
0479911,2025-09-25 08:51:00,In
0479911,2025-09-25 18:49:00,Out
0084387,2025-09-25 07:41:00,In
0084387,2025-09-25 17:29:00,Out
0416428,2025-09-25 08:16:00,In
0416428,2025-09-25 16:44:00,Out
0511122,2025-09-25 09:54:00,In
0511122,2025-09-25 17:27:00,Out
0777956,2025-09-25 08:42:00,In
0777956,2025-09-25 18:51:00,Out
0462926,2025-09-25 08:06:00,In
0462926,2025-09-25 17:37:00,Out
0884652,2025-09-25 07:14:00,In
0884652,2025-09-25 17:26:00,Out
0185217,2025-09-26 07:28:00,In
0185217,2025-09-26 16:49:00,Out
0804447,2025-09-26 08:48:00,In
0804447,2025-09-26 16:49:00,Out
0813432,2025-09-26 08:58:00,In
0813432,2025-09-26 16:08:00,Out
0055024,2025-09-26 09:45:00,In
0055024,2025-09-26 17:51:00,Out
0078657,2025-09-26 09:13:00,In
0078657,2025-09-26 16:19:00,Out
0748083,2025-09-26 07:45:00,In
0748083,2025-09-26 17:12:00,Out
0673615,2025-09-26 07:35:00,In
0673615,2025-09-26 18:43:00,Out
0193586,2025-09-26 07:58:00,In
0193586,2025-09-26 17:59:00,Out
0479911,2025-09-26 09:39:00,In
0479911,2025-09-26 17:22:00,Out
0084387,2025-09-26 07:16:00,In
0084387,2025-09-26 17:36:00,Out
0416428,2025-09-26 08:01:00,In
0416428,2025-09-26 16:01:00,Out
0511122,2025-09-26 07:27:00,In
0511122,2025-09-26 17:59:00,Out
0777956,2025-09-26 08:55:00,In
0777956,2025-09-26 18:43:00,Out
0462926,2025-09-26 09:53:00,In
0462926,2025-09-26 16:08:00,Out
0884652,2025-09-26 07:46:00,In
0884652,2025-09-26 18:04:00,Out
0185217,2025-09-27 07:34:00,In
0185217,2025-09-27 18:59:00,Out
0804447,2025-09-27 07:02:00,In
0804447,2025-09-27 16:41:00,Out
0813432,2025-09-27 09:39:00,In
0813432,2025-09-27 16:12:00,Out
0055024,2025-09-27 07:13:00,In
0055024,2025-09-27 16:01:00,Out
0078657,2025-09-27 08:05:00,In
0078657,2025-09-27 17:45:00,Out
0748083,2025-09-27 09:09:00,In
0748083,2025-09-27 18:39:00,Out
0673615,2025-09-27 09:57:00,In
0673615,2025-09-27 17:13:00,Out
0193586,2025-09-27 08:25:00,In
0193586,2025-09-27 17:25:00,Out
0479911,2025-09-27 07:52:00,In
0479911,2025-09-27 18:53:00,Out
0084387,2025-09-27 07:32:00,In
0084387,2025-09-27 18:34:00,Out
0416428,2025-09-27 09:18:00,In
0416428,2025-09-27 18:01:00,Out
0511122,2025-09-27 09:41:00,In
0511122,2025-09-27 18:59:00,Out
0777956,2025-09-27 07:17:00,In
0777956,2025-09-27 17:48:00,Out
0462926,2025-09-27 07:49:00,In
0462926,2025-09-27 16:27:00,Out
0884652,2025-09-27 07:40:00,In
0884652,2025-09-27 17:03:00,Out
0185217,2025-09-28 09:27:00,In
0185217,2025-09-28 16:44:00,Out
0804447,2025-09-28 08:20:00,In
0804447,2025-09-28 18:00:00,Out
0813432,2025-09-28 09:48:00,In
0813432,2025-09-28 17:57:00,Out
0055024,2025-09-28 07:29:00,In
0055024,2025-09-28 17:36:00,Out
0078657,2025-09-28 08:00:00,In
0078657,2025-09-28 16:37:00,Out
0748083,2025-09-28 07:00:00,In
0748083,2025-09-28 16:49:00,Out
0673615,2025-09-28 09:23:00,In
0673615,2025-09-28 16:35:00,Out
0193586,2025-09-28 07:44:00,In
0193586,2025-09-28 16:36:00,Out
0479911,2025-09-28 09:37:00,In
0479911,2025-09-28 16:53:00,Out
0084387,2025-09-28 07:36:00,In
0084387,2025-09-28 16:15:00,Out
0416428,2025-09-28 07:53:00,In
0416428,2025-09-28 17:46:00,Out
0511122,2025-09-28 09:26:00,In
0511122,2025-09-28 17:24:00,Out
0777956,2025-09-28 09:31:00,In
0777956,2025-09-28 16:50:00,Out
0462926,2025-09-28 09:25:00,In
0462926,2025-09-28 17:59:00,Out
0884652,2025-09-28 09:34:00,In
0884652,2025-09-28 16:38:00,Out
0185217,2025-09-29 09:28:00,In
0185217,2025-09-29 16:44:00,Out
0804447,2025-09-29 08:55:00,In
0804447,2025-09-29 18:59:00,Out
0813432,2025-09-29 09:32:00,In
0813432,2025-09-29 17:35:00,Out
0055024,2025-09-29 07:33:00,In
0055024,2025-09-29 17:22:00,Out
0078657,2025-09-29 07:59:00,In
0078657,2025-09-29 17:24:00,Out
0748083,2025-09-29 07:06:00,In
0748083,2025-09-29 16:12:00,Out
0673615,2025-09-29 09:48:00,In
0673615,2025-09-29 18:04:00,Out
0193586,2025-09-29 07:05:00,In
0193586,2025-09-29 18:15:00,Out
0479911,2025-09-29 09:28:00,In
0479911,2025-09-29 17:45:00,Out
0084387,2025-09-29 07:01:00,In
0084387,2025-09-29 16:25:00,Out
0416428,2025-09-29 09:20:00,In
0416428,2025-09-29 18:14:00,Out
0511122,2025-09-29 09:55:00,In
0511122,2025-09-29 17:44:00,Out
0777956,2025-09-29 08:37:00,In
0777956,2025-09-29 17:47:00,Out
0462926,2025-09-29 07:56:00,In
0462926,2025-09-29 18:00:00,Out
0884652,2025-09-29 09:25:00,In
0884652,2025-09-29 17:05:00,Out
0185217,2025-09-30 09:58:00,In
0185217,2025-09-30 17:43:00,Out
0804447,2025-09-30 09:01:00,In
0804447,2025-09-30 16:22:00,Out
0813432,2025-09-30 08:45:00,In
0813432,2025-09-30 17:36:00,Out
0055024,2025-09-30 08:17:00,In
0055024,2025-09-30 18:23:00,Out
0078657,2025-09-30 08:32:00,In
0078657,2025-09-30 17:00:00,Out
0748083,2025-09-30 07:02:00,In
0748083,2025-09-30 17:17:00,Out
0673615,2025-09-30 09:27:00,In
0673615,2025-09-30 17:25:00,Out
0193586,2025-09-30 09:12:00,In
0193586,2025-09-30 16:53:00,Out
0479911,2025-09-30 08:35:00,In
0479911,2025-09-30 17:43:00,Out
0084387,2025-09-30 08:15:00,In
0084387,2025-09-30 16:35:00,Out
0416428,2025-09-30 07:52:00,In
0416428,2025-09-30 18:35:00,Out
0511122,2025-09-30 08:24:00,In
0511122,2025-09-30 18:04:00,Out
0777956,2025-09-30 09:31:00,In
0777956,2025-09-30 18:04:00,Out
0462926,2025-09-30 08:46:00,In
0462926,2025-09-30 18:15:00,Out
0884652,2025-09-30 08:29:00,In
0884652,2025-09-30 16:44:00,Out
0185217,2025-10-01 07:36:00,In
0185217,2025-10-01 18:55:00,Out
0804447,2025-10-01 09:14:00,In
0804447,2025-10-01 16:57:00,Out
0813432,2025-10-01 08:40:00,In
0813432,2025-10-01 16:17:00,Out
0055024,2025-10-01 08:28:00,In
0055024,2025-10-01 17:15:00,Out
0078657,2025-10-01 07:29:00,In
0078657,2025-10-01 17:53:00,Out
0748083,2025-10-01 07:41:00,In
0748083,2025-10-01 18:10:00,Out
0673615,2025-10-01 09:51:00,In
0673615,2025-10-01 17:05:00,Out
0193586,2025-10-01 09:08:00,In
0193586,2025-10-01 17:46:00,Out
0479911,2025-10-01 08:40:00,In
0479911,2025-10-01 18:11:00,Out
0084387,2025-10-01 08:15:00,In
0084387,2025-10-01 18:23:00,Out
0416428,2025-10-01 08:09:00,In
0416428,2025-10-01 16:38:00,Out
0511122,2025-10-01 09:28:00,In
0511122,2025-10-01 16:15:00,Out
0777956,2025-10-01 07:01:00,In
0777956,2025-10-01 17:10:00,Out
0462926,2025-10-01 07:45:00,In
0462926,2025-10-01 17:53:00,Out
0884652,2025-10-01 08:41:00,In
0884652,2025-10-01 16:44:00,Out
0185217,2025-10-02 07:18:00,In
0185217,2025-10-02 17:32:00,Out
0804447,2025-10-02 08:28:00,In
0804447,2025-10-02 17:05:00,Out
0813432,2025-10-02 07:59:00,In
0813432,2025-10-02 16:18:00,Out
0055024,2025-10-02 09:29:00,In
0055024,2025-10-02 16:23:00,Out
0078657,2025-10-02 09:38:00,In
0078657,2025-10-02 17:15:00,Out
0748083,2025-10-02 09:53:00,In
0748083,2025-10-02 17:32:00,Out
0673615,2025-10-02 08:07:00,In
0673615,2025-10-02 17:27:00,Out
0193586,2025-10-02 08:39:00,In
0193586,2025-10-02 17:17:00,Out
0479911,2025-10-02 09:52:00,In
0479911,2025-10-02 16:48:00,Out
0084387,2025-10-02 07:24:00,In
0084387,2025-10-02 17:39:00,Out
0416428,2025-10-02 07:35:00,In
0416428,2025-10-02 17:43:00,Out
0511122,2025-10-02 09:39:00,In
0511122,2025-10-02 18:39:00,Out
0777956,2025-10-02 09:46:00,In
0777956,2025-10-02 16:26:00,Out
0462926,2025-10-02 07:55:00,In
0462926,2025-10-02 18:50:00,Out
0884652,2025-10-02 08:48:00,In
0884652,2025-10-02 17:32:00,Out
0185217,2025-10-03 09:14:00,In
0185217,2025-10-03 18:16:00,Out
0804447,2025-10-03 07:07:00,In
0804447,2025-10-03 16:55:00,Out
0813432,2025-10-03 08:34:00,In
0813432,2025-10-03 16:39:00,Out
0055024,2025-10-03 07:27:00,In
0055024,2025-10-03 16:39:00,Out
0078657,2025-10-03 08:17:00,In
0078657,2025-10-03 18:27:00,Out
0748083,2025-10-03 08:45:00,In
0748083,2025-10-03 18:59:00,Out
0673615,2025-10-03 07:52:00,In
0673615,2025-10-03 17:18:00,Out
0193586,2025-10-03 08:06:00,In
0193586,2025-10-03 17:56:00,Out
0479911,2025-10-03 09:57:00,In
0479911,2025-10-03 18:01:00,Out
0084387,2025-10-03 07:53:00,In
0084387,2025-10-03 17:15:00,Out
0416428,2025-10-03 07:08:00,In
0416428,2025-10-03 16:39:00,Out
0511122,2025-10-03 07:30:00,In
0511122,2025-10-03 16:35:00,Out
0777956,2025-10-03 09:55:00,In
0777956,2025-10-03 17:42:00,Out
0462926,2025-10-03 08:42:00,In
0462926,2025-10-03 16:43:00,Out
0884652,2025-10-03 08:22:00,In
0884652,2025-10-03 16:45:00,Out
0185217,2025-10-04 07:27:00,In
0185217,2025-10-04 16:43:00,Out
0804447,2025-10-04 07:50:00,In
0804447,2025-10-04 16:57:00,Out
0813432,2025-10-04 08:10:00,In
0813432,2025-10-04 18:11:00,Out
0055024,2025-10-04 08:49:00,In
0055024,2025-10-04 18:22:00,Out
0078657,2025-10-04 08:01:00,In
0078657,2025-10-04 16:53:00,Out
0748083,2025-10-04 09:01:00,In
0748083,2025-10-04 17:21:00,Out
0673615,2025-10-04 07:08:00,In
0673615,2025-10-04 18:25:00,Out
0193586,2025-10-04 09:36:00,In
0193586,2025-10-04 16:00:00,Out
0479911,2025-10-04 08:54:00,In
0479911,2025-10-04 16:33:00,Out
0084387,2025-10-04 07:09:00,In
0084387,2025-10-04 18:56:00,Out
0416428,2025-10-04 09:24:00,In
0416428,2025-10-04 17:45:00,Out
0511122,2025-10-04 08:49:00,In
0511122,2025-10-04 18:17:00,Out
0777956,2025-10-04 08:55:00,In
0777956,2025-10-04 17:46:00,Out
0462926,2025-10-04 08:30:00,In
0462926,2025-10-04 16:18:00,Out
0884652,2025-10-04 08:55:00,In
0884652,2025-10-04 16:53:00,Out
0185217,2025-10-05 09:10:00,In
0185217,2025-10-05 18:43:00,Out
0804447,2025-10-05 08:02:00,In
0804447,2025-10-05 16:59:00,Out
0813432,2025-10-05 07:35:00,In
0813432,2025-10-05 18:45:00,Out
0055024,2025-10-05 09:45:00,In
0055024,2025-10-05 16:14:00,Out
0078657,2025-10-05 07:56:00,In
0078657,2025-10-05 17:55:00,Out
0748083,2025-10-05 07:02:00,In
0748083,2025-10-05 16:15:00,Out
0673615,2025-10-05 08:10:00,In
0673615,2025-10-05 18:38:00,Out
0193586,2025-10-05 07:18:00,In
0193586,2025-10-05 16:20:00,Out
0479911,2025-10-05 08:50:00,In
0479911,2025-10-05 16:40:00,Out
0084387,2025-10-05 08:33:00,In
0084387,2025-10-05 17:15:00,Out
0416428,2025-10-05 07:23:00,In
0416428,2025-10-05 18:59:00,Out
0511122,2025-10-05 09:15:00,In
0511122,2025-10-05 18:55:00,Out
0777956,2025-10-05 08:14:00,In
0777956,2025-10-05 17:12:00,Out
0462926,2025-10-05 08:33:00,In
0462926,2025-10-05 18:23:00,Out
0884652,2025-10-05 09:01:00,In
0884652,2025-10-05 18:48:00,Out
0185217,2025-10-06 09:09:00,In
0185217,2025-10-06 17:54:00,Out
0804447,2025-10-06 09:19:00,In
0804447,2025-10-06 16:55:00,Out
0813432,2025-10-06 08:06:00,In
0813432,2025-10-06 18:01:00,Out
0055024,2025-10-06 07:25:00,In
0055024,2025-10-06 16:15:00,Out
0078657,2025-10-06 08:02:00,In
0078657,2025-10-06 17:47:00,Out
0748083,2025-10-06 07:50:00,In
0748083,2025-10-06 17:16:00,Out
0673615,2025-10-06 07:15:00,In
0673615,2025-10-06 18:27:00,Out
0193586,2025-10-06 08:51:00,In
0193586,2025-10-06 17:10:00,Out
0479911,2025-10-06 08:01:00,In
0479911,2025-10-06 16:35:00,Out
0084387,2025-10-06 09:40:00,In
0084387,2025-10-06 17:47:00,Out
0416428,2025-10-06 07:06:00,In
0416428,2025-10-06 16:30:00,Out
0511122,2025-10-06 07:12:00,In
0511122,2025-10-06 18:36:00,Out
0777956,2025-10-06 09:32:00,In
0777956,2025-10-06 17:23:00,Out
0462926,2025-10-06 07:58:00,In
0462926,2025-10-06 16:32:00,Out
0884652,2025-10-06 09:22:00,In
0884652,2025-10-06 17:07:00,Out
0185217,2025-10-07 08:32:00,In
0185217,2025-10-07 17:52:00,Out
0804447,2025-10-07 09:04:00,In
0804447,2025-10-07 16:09:00,Out
0813432,2025-10-07 08:12:00,In
0813432,2025-10-07 18:34:00,Out
0055024,2025-10-07 09:31:00,In
0055024,2025-10-07 16:26:00,Out
0078657,2025-10-07 08:12:00,In
0078657,2025-10-07 18:58:00,Out
0748083,2025-10-07 09:35:00,In
0748083,2025-10-07 16:05:00,Out
0673615,2025-10-07 07:02:00,In
0673615,2025-10-07 16:17:00,Out
0193586,2025-10-07 08:49:00,In
0193586,2025-10-07 17:47:00,Out
0479911,2025-10-07 09:22:00,In
0479911,2025-10-07 17:48:00,Out
0084387,2025-10-07 07:17:00,In
0084387,2025-10-07 16:10:00,Out
0416428,2025-10-07 07:03:00,In
0416428,2025-10-07 18:58:00,Out
0511122,2025-10-07 09:09:00,In
0511122,2025-10-07 16:52:00,Out
0777956,2025-10-07 07:10:00,In
0777956,2025-10-07 18:22:00,Out
0462926,2025-10-07 08:21:00,In
0462926,2025-10-07 17:05:00,Out
0884652,2025-10-07 07:37:00,In
0884652,2025-10-07 17:15:00,Out
0185217,2025-10-08 09:36:00,In
0185217,2025-10-08 16:56:00,Out
0804447,2025-10-08 08:09:00,In
0804447,2025-10-08 17:30:00,Out
0813432,2025-10-08 09:01:00,In
0813432,2025-10-08 17:27:00,Out
0055024,2025-10-08 08:44:00,In
0055024,2025-10-08 16:38:00,Out
0078657,2025-10-08 08:16:00,In
0078657,2025-10-08 17:11:00,Out
0748083,2025-10-08 07:09:00,In
0748083,2025-10-08 18:46:00,Out
0673615,2025-10-08 08:39:00,In
0673615,2025-10-08 18:03:00,Out
0193586,2025-10-08 09:28:00,In
0193586,2025-10-08 18:04:00,Out
0479911,2025-10-08 07:44:00,In
0479911,2025-10-08 16:41:00,Out
0084387,2025-10-08 08:01:00,In
0084387,2025-10-08 17:45:00,Out
0416428,2025-10-08 08:43:00,In
0416428,2025-10-08 17:35:00,Out
0511122,2025-10-08 07:14:00,In
0511122,2025-10-08 18:50:00,Out
0777956,2025-10-08 08:03:00,In
0777956,2025-10-08 18:15:00,Out
0462926,2025-10-08 09:50:00,In
0462926,2025-10-08 16:22:00,Out
0884652,2025-10-08 08:16:00,In
0884652,2025-10-08 16:40:00,Out
0185217,2025-10-09 07:13:00,In
0185217,2025-10-09 18:16:00,Out
0804447,2025-10-09 08:10:00,In
0804447,2025-10-09 18:40:00,Out
0813432,2025-10-09 07:59:00,In
0813432,2025-10-09 16:47:00,Out
0055024,2025-10-09 09:59:00,In
0055024,2025-10-09 18:30:00,Out
0078657,2025-10-09 08:21:00,In
0078657,2025-10-09 16:15:00,Out
0748083,2025-10-09 08:26:00,In
0748083,2025-10-09 17:33:00,Out
0673615,2025-10-09 08:27:00,In
0673615,2025-10-09 17:21:00,Out
0193586,2025-10-09 07:34:00,In
0193586,2025-10-09 16:28:00,Out
0479911,2025-10-09 08:25:00,In
0479911,2025-10-09 17:40:00,Out
0084387,2025-10-09 07:56:00,In
0084387,2025-10-09 18:46:00,Out
0416428,2025-10-09 08:01:00,In
0416428,2025-10-09 16:19:00,Out
0511122,2025-10-09 09:41:00,In
0511122,2025-10-09 17:55:00,Out
0777956,2025-10-09 08:15:00,In
0777956,2025-10-09 17:27:00,Out
0462926,2025-10-09 08:56:00,In
0462926,2025-10-09 16:59:00,Out
0884652,2025-10-09 09:25:00,In
0884652,2025-10-09 18:22:00,Out
0185217,2025-10-10 09:44:00,In
0185217,2025-10-10 16:42:00,Out
0804447,2025-10-10 08:24:00,In
0804447,2025-10-10 18:47:00,Out
0813432,2025-10-10 09:34:00,In
0813432,2025-10-10 17:13:00,Out
0055024,2025-10-10 09:13:00,In
0055024,2025-10-10 16:54:00,Out
0078657,2025-10-10 09:43:00,In
0078657,2025-10-10 17:29:00,Out
0748083,2025-10-10 07:17:00,In
0748083,2025-10-10 17:06:00,Out
0673615,2025-10-10 08:41:00,In
0673615,2025-10-10 16:54:00,Out
0193586,2025-10-10 09:31:00,In
0193586,2025-10-10 17:42:00,Out
0479911,2025-10-10 07:10:00,In
0479911,2025-10-10 17:40:00,Out
0084387,2025-10-10 08:12:00,In
0084387,2025-10-10 16:03:00,Out
0416428,2025-10-10 09:18:00,In
0416428,2025-10-10 17:11:00,Out
0511122,2025-10-10 08:00:00,In
0511122,2025-10-10 16:51:00,Out
0777956,2025-10-10 07:06:00,In
0777956,2025-10-10 17:47:00,Out
0462926,2025-10-10 08:12:00,In
0462926,2025-10-10 18:42:00,Out
0884652,2025-10-10 09:24:00,In
0884652,2025-10-10 18:55:00,Out
0185217,2025-10-11 08:54:00,In
0185217,2025-10-11 16:31:00,Out
0804447,2025-10-11 07:19:00,In
0804447,2025-10-11 17:17:00,Out
0813432,2025-10-11 07:32:00,In
0813432,2025-10-11 18:25:00,Out
0055024,2025-10-11 09:57:00,In
0055024,2025-10-11 18:54:00,Out
0078657,2025-10-11 07:28:00,In
0078657,2025-10-11 18:32:00,Out
0748083,2025-10-11 07:51:00,In
0748083,2025-10-11 16:44:00,Out
0673615,2025-10-11 07:01:00,In
0673615,2025-10-11 16:14:00,Out
0193586,2025-10-11 07:23:00,In
0193586,2025-10-11 18:19:00,Out
0479911,2025-10-11 08:45:00,In
0479911,2025-10-11 18:44:00,Out
0084387,2025-10-11 09:38:00,In
0084387,2025-10-11 16:21:00,Out
0416428,2025-10-11 09:30:00,In
0416428,2025-10-11 16:41:00,Out
0511122,2025-10-11 07:21:00,In
0511122,2025-10-11 17:14:00,Out
0777956,2025-10-11 08:29:00,In
0777956,2025-10-11 16:38:00,Out
0462926,2025-10-11 09:37:00,In
0462926,2025-10-11 18:45:00,Out
0884652,2025-10-11 08:38:00,In
0884652,2025-10-11 18:14:00,Out
0185217,2025-10-12 09:50:00,In
0185217,2025-10-12 17:29:00,Out
0804447,2025-10-12 08:01:00,In
0804447,2025-10-12 18:07:00,Out
0813432,2025-10-12 09:09:00,In
0813432,2025-10-12 18:46:00,Out
0055024,2025-10-12 08:59:00,In
0055024,2025-10-12 16:16:00,Out
0078657,2025-10-12 07:17:00,In
0078657,2025-10-12 16:19:00,Out
0748083,2025-10-12 07:32:00,In
0748083,2025-10-12 16:53:00,Out
0673615,2025-10-12 08:56:00,In
0673615,2025-10-12 18:35:00,Out
0193586,2025-10-12 08:36:00,In
0193586,2025-10-12 18:16:00,Out
0479911,2025-10-12 07:03:00,In
0479911,2025-10-12 16:10:00,Out
0084387,2025-10-12 09:24:00,In
0084387,2025-10-12 18:29:00,Out
0416428,2025-10-12 08:22:00,In
0416428,2025-10-12 17:07:00,Out
0511122,2025-10-12 08:24:00,In
0511122,2025-10-12 18:58:00,Out
0777956,2025-10-12 07:29:00,In
0777956,2025-10-12 18:15:00,Out
0462926,2025-10-12 09:29:00,In
0462926,2025-10-12 18:17:00,Out
0884652,2025-10-12 08:14:00,In
0884652,2025-10-12 16:54:00,Out
0185217,2025-10-13 08:31:00,In
0185217,2025-10-13 17:53:00,Out
0804447,2025-10-13 08:07:00,In
0804447,2025-10-13 18:56:00,Out
0813432,2025-10-13 09:46:00,In
0813432,2025-10-13 16:48:00,Out
0055024,2025-10-13 08:09:00,In
0055024,2025-10-13 16:38:00,Out
0078657,2025-10-13 09:01:00,In
0078657,2025-10-13 17:55:00,Out
0748083,2025-10-13 09:00:00,In
0748083,2025-10-13 17:05:00,Out
0673615,2025-10-13 09:49:00,In
0673615,2025-10-13 16:46:00,Out
0193586,2025-10-13 08:36:00,In
0193586,2025-10-13 17:25:00,Out
0479911,2025-10-13 08:58:00,In
0479911,2025-10-13 16:43:00,Out
0084387,2025-10-13 09:22:00,In
0084387,2025-10-13 17:37:00,Out
0416428,2025-10-13 09:16:00,In
0416428,2025-10-13 18:21:00,Out
0511122,2025-10-13 08:43:00,In
0511122,2025-10-13 17:54:00,Out
0777956,2025-10-13 07:05:00,In
0777956,2025-10-13 16:20:00,Out
0462926,2025-10-13 08:36:00,In
0462926,2025-10-13 17:04:00,Out
0884652,2025-10-13 08:41:00,In
0884652,2025-10-13 17:48:00,Out
0185217,2025-10-14 09:47:00,In
0185217,2025-10-14 16:17:00,Out
0804447,2025-10-14 09:35:00,In
0804447,2025-10-14 16:29:00,Out
0813432,2025-10-14 07:42:00,In
0813432,2025-10-14 16:08:00,Out
0055024,2025-10-14 08:10:00,In
0055024,2025-10-14 16:14:00,Out
0078657,2025-10-14 08:34:00,In
0078657,2025-10-14 18:23:00,Out
0748083,2025-10-14 08:52:00,In
0748083,2025-10-14 16:59:00,Out
0673615,2025-10-14 09:34:00,In
0673615,2025-10-14 17:11:00,Out
0193586,2025-10-14 09:28:00,In
0193586,2025-10-14 17:45:00,Out
0479911,2025-10-14 09:55:00,In
0479911,2025-10-14 16:25:00,Out
0084387,2025-10-14 07:52:00,In
0084387,2025-10-14 16:19:00,Out
0416428,2025-10-14 08:56:00,In
0416428,2025-10-14 16:57:00,Out
0511122,2025-10-14 09:50:00,In
0511122,2025-10-14 17:11:00,Out
0777956,2025-10-14 08:28:00,In
0777956,2025-10-14 17:07:00,Out
0462926,2025-10-14 08:51:00,In
0462926,2025-10-14 18:20:00,Out
0884652,2025-10-14 08:05:00,In
0884652,2025-10-14 16:50:00,Out
0185217,2025-10-15 07:19:00,In
0185217,2025-10-15 17:48:00,Out
0804447,2025-10-15 09:43:00,In
0804447,2025-10-15 16:11:00,Out
0813432,2025-10-15 07:58:00,In
0813432,2025-10-15 18:08:00,Out
0055024,2025-10-15 07:09:00,In
0055024,2025-10-15 17:35:00,Out
0078657,2025-10-15 09:36:00,In
0078657,2025-10-15 18:52:00,Out
0748083,2025-10-15 09:12:00,In
0748083,2025-10-15 17:30:00,Out
0673615,2025-10-15 07:30:00,In
0673615,2025-10-15 17:36:00,Out
0193586,2025-10-15 09:53:00,In
0193586,2025-10-15 17:28:00,Out
0479911,2025-10-15 08:09:00,In
0479911,2025-10-15 18:20:00,Out
0084387,2025-10-15 08:55:00,In
0084387,2025-10-15 16:19:00,Out
0416428,2025-10-15 07:12:00,In
0416428,2025-10-15 16:39:00,Out
0511122,2025-10-15 08:39:00,In
0511122,2025-10-15 17:08:00,Out
0777956,2025-10-15 09:29:00,In
0777956,2025-10-15 16:44:00,Out
0462926,2025-10-15 08:58:00,In
0462926,2025-10-15 17:02:00,Out
0884652,2025-10-15 07:44:00,In
0884652,2025-10-15 17:43:00,Out
0185217,2025-10-16 09:03:00,In
0185217,2025-10-16 18:35:00,Out
0804447,2025-10-16 07:38:00,In
0804447,2025-10-16 16:19:00,Out
0813432,2025-10-16 09:49:00,In
0813432,2025-10-16 16:58:00,Out
0055024,2025-10-16 07:01:00,In
0055024,2025-10-16 18:24:00,Out
0078657,2025-10-16 09:42:00,In
0078657,2025-10-16 17:53:00,Out
0748083,2025-10-16 08:58:00,In
0748083,2025-10-16 16:16:00,Out
0673615,2025-10-16 07:01:00,In
0673615,2025-10-16 17:09:00,Out
0193586,2025-10-16 09:36:00,In
0193586,2025-10-16 18:58:00,Out
0479911,2025-10-16 07:26:00,In
0479911,2025-10-16 17:09:00,Out
0084387,2025-10-16 08:03:00,In
0084387,2025-10-16 18:34:00,Out
0416428,2025-10-16 09:02:00,In
0416428,2025-10-16 17:13:00,Out
0511122,2025-10-16 07:44:00,In
0511122,2025-10-16 18:19:00,Out
0777956,2025-10-16 09:08:00,In
0777956,2025-10-16 18:55:00,Out
0462926,2025-10-16 07:19:00,In
0462926,2025-10-16 18:22:00,Out
0884652,2025-10-16 07:45:00,In
0884652,2025-10-16 16:26:00,Out
0185217,2025-10-17 07:00:00,In
0185217,2025-10-17 17:39:00,Out
0804447,2025-10-17 08:35:00,In
0804447,2025-10-17 16:03:00,Out
0813432,2025-10-17 08:24:00,In
0813432,2025-10-17 16:59:00,Out
0055024,2025-10-17 09:05:00,In
0055024,2025-10-17 17:01:00,Out
0078657,2025-10-17 09:01:00,In
0078657,2025-10-17 18:38:00,Out
0748083,2025-10-17 09:17:00,In
0748083,2025-10-17 18:56:00,Out
0673615,2025-10-17 07:12:00,In
0673615,2025-10-17 16:47:00,Out
0193586,2025-10-17 08:59:00,In
0193586,2025-10-17 17:19:00,Out
0479911,2025-10-17 08:14:00,In
0479911,2025-10-17 17:18:00,Out
0084387,2025-10-17 08:06:00,In
0084387,2025-10-17 16:35:00,Out
0416428,2025-10-17 07:18:00,In
0416428,2025-10-17 18:06:00,Out
0511122,2025-10-17 09:43:00,In
0511122,2025-10-17 17:04:00,Out
0777956,2025-10-17 07:50:00,In
0777956,2025-10-17 18:47:00,Out
0462926,2025-10-17 09:51:00,In
0462926,2025-10-17 18:47:00,Out
0884652,2025-10-17 08:17:00,In
0884652,2025-10-17 17:50:00,Out
0185217,2025-10-18 07:10:00,In
0185217,2025-10-18 16:53:00,Out
0804447,2025-10-18 09:24:00,In
0804447,2025-10-18 16:34:00,Out
0813432,2025-10-18 09:30:00,In
0813432,2025-10-18 17:19:00,Out
0055024,2025-10-18 09:53:00,In
0055024,2025-10-18 16:40:00,Out
0078657,2025-10-18 07:55:00,In
0078657,2025-10-18 18:04:00,Out
0748083,2025-10-18 09:37:00,In
0748083,2025-10-18 17:28:00,Out
0673615,2025-10-18 07:47:00,In
0673615,2025-10-18 18:32:00,Out
0193586,2025-10-18 07:57:00,In
0193586,2025-10-18 16:29:00,Out
0479911,2025-10-18 09:49:00,In
0479911,2025-10-18 16:32:00,Out
0084387,2025-10-18 08:05:00,In
0084387,2025-10-18 17:49:00,Out
0416428,2025-10-18 08:54:00,In
0416428,2025-10-18 17:25:00,Out
0511122,2025-10-18 07:45:00,In
0511122,2025-10-18 17:47:00,Out
0777956,2025-10-18 09:29:00,In
0777956,2025-10-18 16:47:00,Out
0462926,2025-10-18 07:29:00,In
0462926,2025-10-18 16:24:00,Out
0884652,2025-10-18 09:52:00,In
0884652,2025-10-18 18:39:00,Out
0185217,2025-10-19 07:00:00,In
0185217,2025-10-19 17:40:00,Out
0804447,2025-10-19 09:01:00,In
0804447,2025-10-19 18:38:00,Out
0813432,2025-10-19 07:47:00,In
0813432,2025-10-19 16:57:00,Out
0055024,2025-10-19 08:16:00,In
0055024,2025-10-19 17:06:00,Out
0078657,2025-10-19 08:32:00,In
0078657,2025-10-19 18:51:00,Out
0748083,2025-10-19 07:57:00,In
0748083,2025-10-19 17:40:00,Out
0673615,2025-10-19 08:59:00,In
0673615,2025-10-19 18:48:00,Out
0193586,2025-10-19 08:40:00,In
0193586,2025-10-19 17:02:00,Out
0479911,2025-10-19 09:52:00,In
0479911,2025-10-19 17:45:00,Out
0084387,2025-10-19 07:06:00,In
0084387,2025-10-19 17:14:00,Out
0416428,2025-10-19 08:26:00,In
0416428,2025-10-19 17:04:00,Out
0511122,2025-10-19 09:01:00,In
0511122,2025-10-19 16:35:00,Out
0777956,2025-10-19 08:43:00,In
0777956,2025-10-19 17:07:00,Out
0462926,2025-10-19 08:54:00,In
0462926,2025-10-19 18:25:00,Out
0884652,2025-10-19 07:25:00,In
0884652,2025-10-19 17:52:00,Out
0185217,2025-10-20 07:04:00,In
0185217,2025-10-20 18:38:00,Out
0804447,2025-10-20 08:06:00,In
0804447,2025-10-20 18:30:00,Out
0813432,2025-10-20 07:43:00,In
0813432,2025-10-20 16:54:00,Out
0055024,2025-10-20 08:15:00,In
0055024,2025-10-20 16:37:00,Out
0078657,2025-10-20 09:19:00,In
0078657,2025-10-20 16:58:00,Out
0748083,2025-10-20 08:15:00,In
0748083,2025-10-20 18:00:00,Out
0673615,2025-10-20 09:49:00,In
0673615,2025-10-20 16:23:00,Out
0193586,2025-10-20 07:04:00,In
0193586,2025-10-20 16:07:00,Out
0479911,2025-10-20 09:19:00,In
0479911,2025-10-20 16:43:00,Out
0084387,2025-10-20 09:42:00,In
0084387,2025-10-20 18:00:00,Out
0416428,2025-10-20 07:38:00,In
0416428,2025-10-20 18:29:00,Out
0511122,2025-10-20 07:19:00,In
0511122,2025-10-20 18:57:00,Out
0777956,2025-10-20 09:11:00,In
0777956,2025-10-20 18:10:00,Out
0462926,2025-10-20 07:11:00,In
0462926,2025-10-20 17:19:00,Out
0884652,2025-10-20 07:20:00,In
0884652,2025-10-20 18:18:00,Out
0185217,2025-10-21 07:36:00,In
0185217,2025-10-21 17:51:00,Out
0804447,2025-10-21 09:19:00,In
0804447,2025-10-21 16:27:00,Out
0813432,2025-10-21 07:50:00,In
0813432,2025-10-21 16:25:00,Out
0055024,2025-10-21 07:37:00,In
0055024,2025-10-21 16:48:00,Out
0078657,2025-10-21 07:25:00,In
0078657,2025-10-21 17:01:00,Out
0748083,2025-10-21 08:28:00,In
0748083,2025-10-21 17:20:00,Out
0673615,2025-10-21 08:54:00,In
0673615,2025-10-21 16:41:00,Out
0193586,2025-10-21 09:04:00,In
0193586,2025-10-21 18:12:00,Out
0479911,2025-10-21 09:08:00,In
0479911,2025-10-21 18:05:00,Out
0084387,2025-10-21 07:13:00,In
0084387,2025-10-21 16:31:00,Out
0416428,2025-10-21 09:21:00,In
0416428,2025-10-21 17:19:00,Out
0511122,2025-10-21 08:27:00,In
0511122,2025-10-21 16:42:00,Out
0777956,2025-10-21 08:34:00,In
0777956,2025-10-21 17:07:00,Out
0462926,2025-10-21 09:58:00,In
0462926,2025-10-21 17:00:00,Out
0884652,2025-10-21 09:57:00,In
0884652,2025-10-21 17:27:00,Out
0185217,2025-10-22 07:29:00,In
0185217,2025-10-22 18:13:00,Out
0804447,2025-10-22 08:00:00,In
0804447,2025-10-22 17:25:00,Out
0813432,2025-10-22 09:08:00,In
0813432,2025-10-22 17:10:00,Out
0055024,2025-10-22 09:59:00,In
0055024,2025-10-22 17:00:00,Out
0078657,2025-10-22 07:22:00,In
0078657,2025-10-22 17:20:00,Out
0748083,2025-10-22 08:53:00,In
0748083,2025-10-22 18:01:00,Out
0673615,2025-10-22 07:14:00,In
0673615,2025-10-22 16:16:00,Out
0193586,2025-10-22 07:40:00,In
0193586,2025-10-22 16:12:00,Out
0479911,2025-10-22 07:54:00,In
0479911,2025-10-22 17:02:00,Out
0084387,2025-10-22 09:12:00,In
0084387,2025-10-22 17:46:00,Out
0416428,2025-10-22 08:28:00,In
0416428,2025-10-22 18:20:00,Out
0511122,2025-10-22 07:26:00,In
0511122,2025-10-22 18:57:00,Out
0777956,2025-10-22 08:19:00,In
0777956,2025-10-22 16:32:00,Out
0462926,2025-10-22 08:30:00,In
0462926,2025-10-22 18:27:00,Out
0884652,2025-10-22 09:05:00,In
0884652,2025-10-22 16:18:00,Out
0185217,2025-10-23 09:23:00,In
0185217,2025-10-23 16:53:00,Out
0804447,2025-10-23 09:13:00,In
0804447,2025-10-23 16:59:00,Out
0813432,2025-10-23 08:43:00,In
0813432,2025-10-23 17:00:00,Out
0055024,2025-10-23 09:30:00,In
0055024,2025-10-23 18:32:00,Out
0078657,2025-10-23 09:21:00,In
0078657,2025-10-23 17:07:00,Out
0748083,2025-10-23 09:04:00,In
0748083,2025-10-23 17:26:00,Out
0673615,2025-10-23 07:58:00,In
0673615,2025-10-23 16:40:00,Out
0193586,2025-10-23 09:20:00,In
0193586,2025-10-23 16:28:00,Out
0479911,2025-10-23 09:20:00,In
0479911,2025-10-23 17:49:00,Out
0084387,2025-10-23 07:27:00,In
0084387,2025-10-23 17:26:00,Out
0416428,2025-10-23 07:49:00,In
0416428,2025-10-23 16:08:00,Out
0511122,2025-10-23 09:39:00,In
0511122,2025-10-23 17:10:00,Out
0777956,2025-10-23 08:56:00,In
0777956,2025-10-23 17:37:00,Out
0462926,2025-10-23 07:35:00,In
0462926,2025-10-23 18:13:00,Out
0884652,2025-10-23 08:10:00,In
0884652,2025-10-23 17:59:00,Out
0185217,2025-10-24 09:13:00,In
0185217,2025-10-24 16:35:00,Out
0804447,2025-10-24 09:15:00,In
0804447,2025-10-24 17:36:00,Out
0813432,2025-10-24 09:07:00,In
0813432,2025-10-24 17:17:00,Out
0055024,2025-10-24 09:55:00,In
0055024,2025-10-24 17:41:00,Out
0078657,2025-10-24 09:39:00,In
0078657,2025-10-24 18:26:00,Out
0748083,2025-10-24 07:32:00,In
0748083,2025-10-24 17:38:00,Out
0673615,2025-10-24 07:58:00,In
0673615,2025-10-24 17:56:00,Out
0193586,2025-10-24 07:32:00,In
0193586,2025-10-24 18:43:00,Out
0479911,2025-10-24 07:23:00,In
0479911,2025-10-24 16:39:00,Out
0084387,2025-10-24 07:30:00,In
0084387,2025-10-24 17:25:00,Out
0416428,2025-10-24 09:03:00,In
0416428,2025-10-24 17:04:00,Out
0511122,2025-10-24 09:11:00,In
0511122,2025-10-24 18:56:00,Out
0777956,2025-10-24 08:04:00,In
0777956,2025-10-24 16:00:00,Out
0462926,2025-10-24 08:55:00,In
0462926,2025-10-24 18:26:00,Out
0884652,2025-10-24 09:19:00,In
0884652,2025-10-24 16:53:00,Out
0185217,2025-10-25 09:35:00,In
0185217,2025-10-25 17:28:00,Out
0804447,2025-10-25 09:12:00,In
0804447,2025-10-25 17:09:00,Out
0813432,2025-10-25 07:22:00,In
0813432,2025-10-25 16:52:00,Out
0055024,2025-10-25 09:51:00,In
0055024,2025-10-25 16:42:00,Out
0078657,2025-10-25 07:14:00,In
0078657,2025-10-25 18:47:00,Out
0748083,2025-10-25 07:32:00,In
0748083,2025-10-25 16:32:00,Out
0673615,2025-10-25 07:36:00,In
0673615,2025-10-25 16:20:00,Out
0193586,2025-10-25 08:37:00,In
0193586,2025-10-25 17:01:00,Out
0479911,2025-10-25 08:29:00,In
0479911,2025-10-25 17:42:00,Out
0084387,2025-10-25 09:48:00,In
0084387,2025-10-25 17:52:00,Out
0416428,2025-10-25 07:30:00,In
0416428,2025-10-25 18:56:00,Out
0511122,2025-10-25 07:08:00,In
0511122,2025-10-25 16:55:00,Out
0777956,2025-10-25 08:37:00,In
0777956,2025-10-25 17:22:00,Out
0462926,2025-10-25 07:59:00,In
0462926,2025-10-25 16:33:00,Out
0884652,2025-10-25 07:46:00,In
0884652,2025-10-25 17:34:00,Out
0185217,2025-10-26 07:55:00,In
0185217,2025-10-26 17:04:00,Out
0804447,2025-10-26 09:26:00,In
0804447,2025-10-26 16:51:00,Out
0813432,2025-10-26 07:57:00,In
0813432,2025-10-26 17:41:00,Out
0055024,2025-10-26 09:42:00,In
0055024,2025-10-26 16:49:00,Out
0078657,2025-10-26 09:37:00,In
0078657,2025-10-26 18:58:00,Out
0748083,2025-10-26 09:35:00,In
0748083,2025-10-26 17:11:00,Out
0673615,2025-10-26 07:41:00,In
0673615,2025-10-26 16:27:00,Out
0193586,2025-10-26 07:01:00,In
0193586,2025-10-26 18:26:00,Out
0479911,2025-10-26 08:37:00,In
0479911,2025-10-26 18:18:00,Out
0084387,2025-10-26 08:04:00,In
0084387,2025-10-26 18:25:00,Out
0416428,2025-10-26 07:58:00,In
0416428,2025-10-26 16:43:00,Out
0511122,2025-10-26 08:25:00,In
0511122,2025-10-26 17:59:00,Out
0777956,2025-10-26 09:06:00,In
0777956,2025-10-26 16:56:00,Out
0462926,2025-10-26 07:33:00,In
0462926,2025-10-26 18:25:00,Out
0884652,2025-10-26 09:24:00,In
0884652,2025-10-26 16:34:00,Out
0185217,2025-10-27 09:26:00,In
0185217,2025-10-27 16:52:00,Out
0804447,2025-10-27 07:13:00,In
0804447,2025-10-27 18:54:00,Out
0813432,2025-10-27 09:22:00,In
0813432,2025-10-27 17:08:00,Out
0055024,2025-10-27 07:46:00,In
0055024,2025-10-27 16:22:00,Out
0078657,2025-10-27 07:28:00,In
0078657,2025-10-27 17:09:00,Out
0748083,2025-10-27 07:23:00,In
0748083,2025-10-27 18:29:00,Out
0673615,2025-10-27 09:18:00,In
0673615,2025-10-27 16:43:00,Out
0193586,2025-10-27 08:49:00,In
0193586,2025-10-27 17:33:00,Out
0479911,2025-10-27 07:27:00,In
0479911,2025-10-27 16:51:00,Out
0084387,2025-10-27 08:00:00,In
0084387,2025-10-27 17:24:00,Out
0416428,2025-10-27 07:59:00,In
0416428,2025-10-27 18:41:00,Out
0511122,2025-10-27 08:10:00,In
0511122,2025-10-27 16:30:00,Out
0777956,2025-10-27 08:05:00,In
0777956,2025-10-27 17:35:00,Out
0462926,2025-10-27 07:37:00,In
0462926,2025-10-27 16:52:00,Out
0884652,2025-10-27 07:58:00,In
0884652,2025-10-27 16:37:00,Out
0185217,2025-10-28 08:36:00,In
0185217,2025-10-28 18:10:00,Out
0804447,2025-10-28 08:47:00,In
0804447,2025-10-28 17:55:00,Out
0813432,2025-10-28 07:10:00,In
0813432,2025-10-28 18:01:00,Out
0055024,2025-10-28 08:00:00,In
0055024,2025-10-28 18:17:00,Out
0078657,2025-10-28 07:55:00,In
0078657,2025-10-28 17:40:00,Out
0748083,2025-10-28 07:41:00,In
0748083,2025-10-28 17:02:00,Out
0673615,2025-10-28 07:02:00,In
0673615,2025-10-28 17:41:00,Out
0193586,2025-10-28 07:09:00,In
0193586,2025-10-28 17:49:00,Out
0479911,2025-10-28 08:55:00,In
0479911,2025-10-28 18:58:00,Out
0084387,2025-10-28 09:41:00,In
0084387,2025-10-28 16:45:00,Out
0416428,2025-10-28 09:41:00,In
0416428,2025-10-28 16:28:00,Out
0511122,2025-10-28 07:06:00,In
0511122,2025-10-28 18:33:00,Out
0777956,2025-10-28 09:37:00,In
0777956,2025-10-28 18:56:00,Out
0462926,2025-10-28 08:58:00,In
0462926,2025-10-28 18:39:00,Out
0884652,2025-10-28 07:55:00,In
0884652,2025-10-28 18:35:00,Out
0185217,2025-10-29 09:49:00,In
0185217,2025-10-29 17:46:00,Out
0804447,2025-10-29 08:50:00,In
0804447,2025-10-29 16:13:00,Out
0813432,2025-10-29 07:33:00,In
0813432,2025-10-29 18:59:00,Out
0055024,2025-10-29 07:53:00,In
0055024,2025-10-29 17:18:00,Out
0078657,2025-10-29 08:40:00,In
0078657,2025-10-29 18:00:00,Out
0748083,2025-10-29 09:14:00,In
0748083,2025-10-29 18:14:00,Out
0673615,2025-10-29 09:17:00,In
0673615,2025-10-29 18:17:00,Out
0193586,2025-10-29 07:15:00,In
0193586,2025-10-29 18:11:00,Out
0479911,2025-10-29 07:21:00,In
0479911,2025-10-29 17:51:00,Out
0084387,2025-10-29 07:34:00,In
0084387,2025-10-29 17:15:00,Out
0416428,2025-10-29 09:39:00,In
0416428,2025-10-29 17:40:00,Out
0511122,2025-10-29 09:45:00,In
0511122,2025-10-29 17:25:00,Out
0777956,2025-10-29 08:54:00,In
0777956,2025-10-29 18:44:00,Out
0462926,2025-10-29 09:15:00,In
0462926,2025-10-29 16:41:00,Out
0884652,2025-10-29 07:17:00,In
0884652,2025-10-29 17:03:00,Out
0185217,2025-10-30 08:24:00,In
0185217,2025-10-30 18:24:00,Out
0804447,2025-10-30 07:40:00,In
0804447,2025-10-30 17:38:00,Out
0813432,2025-10-30 09:58:00,In
0813432,2025-10-30 17:10:00,Out
0055024,2025-10-30 09:04:00,In
0055024,2025-10-30 18:49:00,Out
0078657,2025-10-30 09:35:00,In
0078657,2025-10-30 16:28:00,Out
0748083,2025-10-30 07:48:00,In
0748083,2025-10-30 18:51:00,Out
0673615,2025-10-30 07:18:00,In
0673615,2025-10-30 18:34:00,Out
0193586,2025-10-30 08:48:00,In
0193586,2025-10-30 18:28:00,Out
0479911,2025-10-30 08:41:00,In
0479911,2025-10-30 16:55:00,Out
0084387,2025-10-30 08:04:00,In
0084387,2025-10-30 18:47:00,Out
0416428,2025-10-30 09:55:00,In
0416428,2025-10-30 18:41:00,Out
0511122,2025-10-30 07:53:00,In
0511122,2025-10-30 16:26:00,Out
0777956,2025-10-30 09:10:00,In
0777956,2025-10-30 18:01:00,Out
0462926,2025-10-30 07:03:00,In
0462926,2025-10-30 16:33:00,Out
0884652,2025-10-30 09:28:00,In
0884652,2025-10-30 18:55:00,Out
0185217,2025-10-31 09:06:00,In
0185217,2025-10-31 17:38:00,Out
0804447,2025-10-31 09:33:00,In
0804447,2025-10-31 18:24:00,Out
0813432,2025-10-31 07:48:00,In
0813432,2025-10-31 18:52:00,Out
0055024,2025-10-31 08:01:00,In
0055024,2025-10-31 16:48:00,Out
0078657,2025-10-31 08:23:00,In
0078657,2025-10-31 16:56:00,Out
0748083,2025-10-31 09:20:00,In
0748083,2025-10-31 18:52:00,Out
0673615,2025-10-31 07:34:00,In
0673615,2025-10-31 17:28:00,Out
0193586,2025-10-31 09:12:00,In
0193586,2025-10-31 18:19:00,Out
0479911,2025-10-31 09:34:00,In
0479911,2025-10-31 18:32:00,Out
0084387,2025-10-31 08:57:00,In
0084387,2025-10-31 18:42:00,Out
0416428,2025-10-31 08:12:00,In
0416428,2025-10-31 18:54:00,Out
0511122,2025-10-31 08:22:00,In
0511122,2025-10-31 17:26:00,Out
0777956,2025-10-31 08:21:00,In
0777956,2025-10-31 18:08:00,Out
0462926,2025-10-31 09:42:00,In
0462926,2025-10-31 17:13:00,Out
0884652,2025-10-31 07:32:00,In
0884652,2025-10-31 16:07:00,Out
0185217,2025-11-01 07:08:00,In
0185217,2025-11-01 17:15:00,Out
0804447,2025-11-01 09:36:00,In
0804447,2025-11-01 18:22:00,Out
0813432,2025-11-01 08:10:00,In
0813432,2025-11-01 16:20:00,Out
0055024,2025-11-01 09:40:00,In
0055024,2025-11-01 18:00:00,Out
0078657,2025-11-01 09:58:00,In
0078657,2025-11-01 17:53:00,Out
0748083,2025-11-01 08:22:00,In
0748083,2025-11-01 18:23:00,Out
0673615,2025-11-01 08:36:00,In
0673615,2025-11-01 17:55:00,Out
0193586,2025-11-01 09:44:00,In
0193586,2025-11-01 16:53:00,Out
0479911,2025-11-01 09:40:00,In
0479911,2025-11-01 18:12:00,Out
0084387,2025-11-01 08:07:00,In
0084387,2025-11-01 18:51:00,Out
0416428,2025-11-01 07:45:00,In
0416428,2025-11-01 17:38:00,Out
0511122,2025-11-01 07:27:00,In
0511122,2025-11-01 18:41:00,Out
0777956,2025-11-01 07:34:00,In
0777956,2025-11-01 17:25:00,Out
0462926,2025-11-01 07:00:00,In
0462926,2025-11-01 17:38:00,Out
0884652,2025-11-01 07:12:00,In
0884652,2025-11-01 16:12:00,Out
0185217,2025-11-02 07:55:00,In
0185217,2025-11-02 16:02:00,Out
0804447,2025-11-02 08:49:00,In
0804447,2025-11-02 17:31:00,Out
0813432,2025-11-02 07:55:00,In
0813432,2025-11-02 18:55:00,Out
0055024,2025-11-02 08:31:00,In
0055024,2025-11-02 16:17:00,Out
0078657,2025-11-02 07:22:00,In
0078657,2025-11-02 17:35:00,Out
0748083,2025-11-02 07:17:00,In
0748083,2025-11-02 17:31:00,Out
0673615,2025-11-02 09:42:00,In
0673615,2025-11-02 18:31:00,Out
0193586,2025-11-02 08:49:00,In
0193586,2025-11-02 18:17:00,Out
0479911,2025-11-02 07:23:00,In
0479911,2025-11-02 17:45:00,Out
0084387,2025-11-02 07:44:00,In
0084387,2025-11-02 16:08:00,Out
0416428,2025-11-02 09:48:00,In
0416428,2025-11-02 18:20:00,Out
0511122,2025-11-02 07:28:00,In
0511122,2025-11-02 18:17:00,Out
0777956,2025-11-02 08:47:00,In
0777956,2025-11-02 16:23:00,Out
0462926,2025-11-02 08:55:00,In
0462926,2025-11-02 17:30:00,Out
0884652,2025-11-02 08:57:00,In
0884652,2025-11-02 16:36:00,Out
0185217,2025-11-03 07:29:00,In
0185217,2025-11-03 17:22:00,Out
0804447,2025-11-03 08:22:00,In
0804447,2025-11-03 17:45:00,Out
0813432,2025-11-03 07:03:00,In
0813432,2025-11-03 18:42:00,Out
0055024,2025-11-03 09:40:00,In
0055024,2025-11-03 18:03:00,Out
0078657,2025-11-03 07:58:00,In
0078657,2025-11-03 18:24:00,Out
0748083,2025-11-03 08:08:00,In
0748083,2025-11-03 18:04:00,Out
0673615,2025-11-03 07:04:00,In
0673615,2025-11-03 18:35:00,Out
0193586,2025-11-03 09:33:00,In
0193586,2025-11-03 18:23:00,Out
0479911,2025-11-03 07:51:00,In
0479911,2025-11-03 18:42:00,Out
0084387,2025-11-03 08:02:00,In
0084387,2025-11-03 16:33:00,Out
0416428,2025-11-03 07:48:00,In
0416428,2025-11-03 18:37:00,Out
0511122,2025-11-03 09:36:00,In
0511122,2025-11-03 17:52:00,Out
0777956,2025-11-03 09:19:00,In
0777956,2025-11-03 18:44:00,Out
0462926,2025-11-03 08:05:00,In
0462926,2025-11-03 18:38:00,Out
0884652,2025-11-03 07:02:00,In
0884652,2025-11-03 16:03:00,Out
0185217,2025-11-04 08:25:00,In
0185217,2025-11-04 16:39:00,Out
0804447,2025-11-04 09:18:00,In
0804447,2025-11-04 18:27:00,Out
0813432,2025-11-04 08:20:00,In
0813432,2025-11-04 17:59:00,Out
0055024,2025-11-04 07:18:00,In
0055024,2025-11-04 18:49:00,Out
0078657,2025-11-04 07:11:00,In
0078657,2025-11-04 17:49:00,Out
0748083,2025-11-04 09:39:00,In
0748083,2025-11-04 17:50:00,Out
0673615,2025-11-04 07:31:00,In
0673615,2025-11-04 18:36:00,Out
0193586,2025-11-04 09:48:00,In
0193586,2025-11-04 16:10:00,Out
0479911,2025-11-04 08:47:00,In
0479911,2025-11-04 17:10:00,Out
0084387,2025-11-04 08:02:00,In
0084387,2025-11-04 16:04:00,Out
0416428,2025-11-04 07:16:00,In
0416428,2025-11-04 18:34:00,Out
0511122,2025-11-04 08:56:00,In
0511122,2025-11-04 18:45:00,Out
0777956,2025-11-04 07:30:00,In
0777956,2025-11-04 16:35:00,Out
0462926,2025-11-04 09:30:00,In
0462926,2025-11-04 16:57:00,Out
0884652,2025-11-04 07:05:00,In
0884652,2025-11-04 18:54:00,Out
0185217,2025-11-05 09:43:00,In
0185217,2025-11-05 17:58:00,Out
0804447,2025-11-05 07:36:00,In
0804447,2025-11-05 17:58:00,Out
0813432,2025-11-05 07:13:00,In
0813432,2025-11-05 16:33:00,Out
0055024,2025-11-05 07:28:00,In
0055024,2025-11-05 17:37:00,Out
0078657,2025-11-05 08:36:00,In
0078657,2025-11-05 18:38:00,Out
0748083,2025-11-05 09:57:00,In
0748083,2025-11-05 18:46:00,Out
0673615,2025-11-05 07:37:00,In
0673615,2025-11-05 17:22:00,Out
0193586,2025-11-05 08:46:00,In
0193586,2025-11-05 18:52:00,Out
0479911,2025-11-05 09:27:00,In
0479911,2025-11-05 17:52:00,Out
0084387,2025-11-05 08:20:00,In
0084387,2025-11-05 17:10:00,Out
0416428,2025-11-05 08:06:00,In
0416428,2025-11-05 17:15:00,Out
0511122,2025-11-05 07:36:00,In
0511122,2025-11-05 16:19:00,Out
0777956,2025-11-05 09:45:00,In
0777956,2025-11-05 16:55:00,Out
0462926,2025-11-05 07:59:00,In
0462926,2025-11-05 18:28:00,Out
0884652,2025-11-05 08:52:00,In
0884652,2025-11-05 16:13:00,Out
0185217,2025-11-06 08:00:00,In
0185217,2025-11-06 16:25:00,Out
0804447,2025-11-06 07:50:00,In
0804447,2025-11-06 18:56:00,Out
0813432,2025-11-06 08:27:00,In
0813432,2025-11-06 17:37:00,Out
0055024,2025-11-06 09:27:00,In
0055024,2025-11-06 18:23:00,Out
0078657,2025-11-06 07:53:00,In
0078657,2025-11-06 17:45:00,Out
0748083,2025-11-06 07:44:00,In
0748083,2025-11-06 16:44:00,Out
0673615,2025-11-06 09:58:00,In
0673615,2025-11-06 16:20:00,Out
0193586,2025-11-06 09:46:00,In
0193586,2025-11-06 17:32:00,Out
0479911,2025-11-06 07:53:00,In
0479911,2025-11-06 16:58:00,Out
0084387,2025-11-06 07:29:00,In
0084387,2025-11-06 17:29:00,Out
0416428,2025-11-06 07:20:00,In
0416428,2025-11-06 17:02:00,Out
0511122,2025-11-06 09:21:00,In
0511122,2025-11-06 18:06:00,Out
0777956,2025-11-06 09:02:00,In
0777956,2025-11-06 18:06:00,Out
0462926,2025-11-06 07:24:00,In
0462926,2025-11-06 17:06:00,Out
0884652,2025-11-06 08:34:00,In
0884652,2025-11-06 17:13:00,Out
0185217,2025-11-07 09:35:00,In
0185217,2025-11-07 17:03:00,Out
0804447,2025-11-07 09:48:00,In
0804447,2025-11-07 18:29:00,Out
0813432,2025-11-07 08:04:00,In
0813432,2025-11-07 16:13:00,Out
0055024,2025-11-07 08:42:00,In
0055024,2025-11-07 18:39:00,Out
0078657,2025-11-07 08:28:00,In
0078657,2025-11-07 17:43:00,Out
0748083,2025-11-07 08:06:00,In
0748083,2025-11-07 17:56:00,Out
0673615,2025-11-07 07:49:00,In
0673615,2025-11-07 16:32:00,Out
0193586,2025-11-07 07:28:00,In
0193586,2025-11-07 16:00:00,Out
0479911,2025-11-07 09:54:00,In
0479911,2025-11-07 17:26:00,Out
0084387,2025-11-07 09:33:00,In
0084387,2025-11-07 17:30:00,Out
0416428,2025-11-07 09:52:00,In
0416428,2025-11-07 16:29:00,Out
0511122,2025-11-07 08:54:00,In
0511122,2025-11-07 17:06:00,Out
0777956,2025-11-07 09:38:00,In
0777956,2025-11-07 16:15:00,Out
0462926,2025-11-07 09:23:00,In
0462926,2025-11-07 18:54:00,Out
0884652,2025-11-07 07:30:00,In
0884652,2025-11-07 16:11:00,Out
0185217,2025-11-08 09:37:00,In
0185217,2025-11-08 18:30:00,Out
0804447,2025-11-08 07:31:00,In
0804447,2025-11-08 18:32:00,Out
0813432,2025-11-08 07:49:00,In
0813432,2025-11-08 18:23:00,Out
0055024,2025-11-08 08:19:00,In
0055024,2025-11-08 18:02:00,Out
0078657,2025-11-08 08:09:00,In
0078657,2025-11-08 18:17:00,Out
0748083,2025-11-08 07:24:00,In
0748083,2025-11-08 17:46:00,Out
0673615,2025-11-08 07:12:00,In
0673615,2025-11-08 17:27:00,Out
0193586,2025-11-08 08:33:00,In
0193586,2025-11-08 17:13:00,Out
0479911,2025-11-08 09:50:00,In
0479911,2025-11-08 18:58:00,Out
0084387,2025-11-08 09:56:00,In
0084387,2025-11-08 16:32:00,Out
0416428,2025-11-08 07:23:00,In
0416428,2025-11-08 16:50:00,Out
0511122,2025-11-08 07:28:00,In
0511122,2025-11-08 16:46:00,Out
0777956,2025-11-08 07:09:00,In
0777956,2025-11-08 17:44:00,Out
0462926,2025-11-08 09:59:00,In
0462926,2025-11-08 17:34:00,Out
0884652,2025-11-08 09:17:00,In
0884652,2025-11-08 18:53:00,Out
0185217,2025-11-09 08:52:00,In
0185217,2025-11-09 18:24:00,Out
0804447,2025-11-09 09:20:00,In
0804447,2025-11-09 17:25:00,Out
0813432,2025-11-09 07:20:00,In
0813432,2025-11-09 17:25:00,Out
0055024,2025-11-09 07:56:00,In
0055024,2025-11-09 17:04:00,Out
0078657,2025-11-09 08:32:00,In
0078657,2025-11-09 18:17:00,Out
0748083,2025-11-09 07:02:00,In
0748083,2025-11-09 17:25:00,Out
0673615,2025-11-09 09:50:00,In
0673615,2025-11-09 17:13:00,Out
0193586,2025-11-09 09:45:00,In
0193586,2025-11-09 16:41:00,Out
0479911,2025-11-09 07:45:00,In
0479911,2025-11-09 17:11:00,Out
0084387,2025-11-09 09:23:00,In
0084387,2025-11-09 18:57:00,Out
0416428,2025-11-09 09:26:00,In
0416428,2025-11-09 18:26:00,Out
0511122,2025-11-09 08:57:00,In
0511122,2025-11-09 17:06:00,Out
0777956,2025-11-09 08:06:00,In
0777956,2025-11-09 16:07:00,Out
0462926,2025-11-09 08:28:00,In
0462926,2025-11-09 18:06:00,Out
0884652,2025-11-09 09:16:00,In
0884652,2025-11-09 18:40:00,Out
0185217,2025-11-10 08:02:00,In
0185217,2025-11-10 17:00:00,Out
0804447,2025-11-10 07:55:00,In
0804447,2025-11-10 17:47:00,Out
0813432,2025-11-10 07:16:00,In
0813432,2025-11-10 18:13:00,Out
0055024,2025-11-10 07:07:00,In
0055024,2025-11-10 18:14:00,Out
0078657,2025-11-10 08:44:00,In
0078657,2025-11-10 16:33:00,Out
0748083,2025-11-10 09:42:00,In
0748083,2025-11-10 17:15:00,Out
0673615,2025-11-10 08:50:00,In
0673615,2025-11-10 17:23:00,Out
0193586,2025-11-10 08:33:00,In
0193586,2025-11-10 17:49:00,Out
0479911,2025-11-10 08:12:00,In
0479911,2025-11-10 17:28:00,Out
0084387,2025-11-10 09:19:00,In
0084387,2025-11-10 18:53:00,Out
0416428,2025-11-10 08:34:00,In
0416428,2025-11-10 17:48:00,Out
0511122,2025-11-10 09:38:00,In
0511122,2025-11-10 16:51:00,Out
0777956,2025-11-10 09:19:00,In
0777956,2025-11-10 17:12:00,Out
0462926,2025-11-10 07:43:00,In
0462926,2025-11-10 16:44:00,Out
0884652,2025-11-10 08:20:00,In
0884652,2025-11-10 18:20:00,Out
0185217,2025-11-11 09:04:00,In
0185217,2025-11-11 17:06:00,Out
0804447,2025-11-11 07:07:00,In
0804447,2025-11-11 16:06:00,Out
0813432,2025-11-11 07:06:00,In
0813432,2025-11-11 18:58:00,Out
0055024,2025-11-11 09:43:00,In
0055024,2025-11-11 16:37:00,Out
0078657,2025-11-11 08:02:00,In
0078657,2025-11-11 16:18:00,Out
0748083,2025-11-11 08:15:00,In
0748083,2025-11-11 16:05:00,Out
0673615,2025-11-11 09:56:00,In
0673615,2025-11-11 17:27:00,Out
0193586,2025-11-11 07:18:00,In
0193586,2025-11-11 16:07:00,Out
0479911,2025-11-11 07:03:00,In
0479911,2025-11-11 17:24:00,Out
0084387,2025-11-11 09:28:00,In
0084387,2025-11-11 16:06:00,Out
0416428,2025-11-11 08:58:00,In
0416428,2025-11-11 18:47:00,Out
0511122,2025-11-11 07:21:00,In
0511122,2025-11-11 17:39:00,Out
0777956,2025-11-11 07:05:00,In
0777956,2025-11-11 17:00:00,Out
0462926,2025-11-11 09:32:00,In
0462926,2025-11-11 16:24:00,Out
0884652,2025-11-11 07:01:00,In
0884652,2025-11-11 17:34:00,Out
0185217,2025-11-12 09:02:00,In
0185217,2025-11-12 18:29:00,Out
0804447,2025-11-12 07:01:00,In
0804447,2025-11-12 17:18:00,Out
0813432,2025-11-12 08:59:00,In
0813432,2025-11-12 17:37:00,Out
0055024,2025-11-12 07:35:00,In
0055024,2025-11-12 16:12:00,Out
0078657,2025-11-12 08:42:00,In
0078657,2025-11-12 17:13:00,Out
0748083,2025-11-12 08:02:00,In
0748083,2025-11-12 18:54:00,Out
0673615,2025-11-12 07:36:00,In
0673615,2025-11-12 18:59:00,Out
0193586,2025-11-12 07:22:00,In
0193586,2025-11-12 17:23:00,Out
0479911,2025-11-12 07:45:00,In
0479911,2025-11-12 18:10:00,Out
0084387,2025-11-12 09:07:00,In
0084387,2025-11-12 18:44:00,Out
0416428,2025-11-12 08:03:00,In
0416428,2025-11-12 18:18:00,Out
0511122,2025-11-12 08:21:00,In
0511122,2025-11-12 16:34:00,Out
0777956,2025-11-12 09:57:00,In
0777956,2025-11-12 16:32:00,Out
0462926,2025-11-12 08:35:00,In
0462926,2025-11-12 18:00:00,Out
0884652,2025-11-12 07:15:00,In
0884652,2025-11-12 16:06:00,Out
0185217,2025-11-13 08:04:00,In
0185217,2025-11-13 16:09:00,Out
0804447,2025-11-13 07:44:00,In
0804447,2025-11-13 17:59:00,Out
0813432,2025-11-13 07:59:00,In
0813432,2025-11-13 17:46:00,Out
0055024,2025-11-13 08:53:00,In
0055024,2025-11-13 16:16:00,Out
0078657,2025-11-13 08:32:00,In
0078657,2025-11-13 16:58:00,Out
0748083,2025-11-13 08:20:00,In
0748083,2025-11-13 16:19:00,Out
0673615,2025-11-13 07:56:00,In
0673615,2025-11-13 18:11:00,Out
0193586,2025-11-13 09:13:00,In
0193586,2025-11-13 17:21:00,Out
0479911,2025-11-13 08:12:00,In
0479911,2025-11-13 17:50:00,Out
0084387,2025-11-13 08:18:00,In
0084387,2025-11-13 18:18:00,Out
0416428,2025-11-13 08:50:00,In
0416428,2025-11-13 16:31:00,Out
0511122,2025-11-13 07:57:00,In
0511122,2025-11-13 17:28:00,Out
0777956,2025-11-13 08:14:00,In
0777956,2025-11-13 17:08:00,Out
0462926,2025-11-13 09:53:00,In
0462926,2025-11-13 18:58:00,Out
0884652,2025-11-13 09:37:00,In
0884652,2025-11-13 17:00:00,Out
0185217,2025-11-14 08:02:00,In
0185217,2025-11-14 17:55:00,Out
0804447,2025-11-14 09:14:00,In
0804447,2025-11-14 16:32:00,Out
0813432,2025-11-14 07:32:00,In
0813432,2025-11-14 17:59:00,Out
0055024,2025-11-14 08:18:00,In
0055024,2025-11-14 18:50:00,Out
0078657,2025-11-14 09:01:00,In
0078657,2025-11-14 18:04:00,Out
0748083,2025-11-14 09:44:00,In
0748083,2025-11-14 18:12:00,Out
0673615,2025-11-14 08:54:00,In
0673615,2025-11-14 16:09:00,Out
0193586,2025-11-14 09:52:00,In
0193586,2025-11-14 16:03:00,Out
0479911,2025-11-14 09:41:00,In
0479911,2025-11-14 18:11:00,Out
0084387,2025-11-14 08:46:00,In
0084387,2025-11-14 16:49:00,Out
0416428,2025-11-14 07:16:00,In
0416428,2025-11-14 17:25:00,Out
0511122,2025-11-14 08:05:00,In
0511122,2025-11-14 17:30:00,Out
0777956,2025-11-14 08:50:00,In
0777956,2025-11-14 16:35:00,Out
0462926,2025-11-14 08:09:00,In
0462926,2025-11-14 17:37:00,Out
0884652,2025-11-14 09:08:00,In
0884652,2025-11-14 16:21:00,Out
0185217,2025-11-15 07:12:00,In
0185217,2025-11-15 16:55:00,Out
0804447,2025-11-15 08:05:00,In
0804447,2025-11-15 17:49:00,Out
0813432,2025-11-15 09:19:00,In
0813432,2025-11-15 17:41:00,Out
0055024,2025-11-15 08:35:00,In
0055024,2025-11-15 17:01:00,Out
0078657,2025-11-15 09:03:00,In
0078657,2025-11-15 18:46:00,Out
0748083,2025-11-15 07:38:00,In
0748083,2025-11-15 17:55:00,Out
0673615,2025-11-15 09:36:00,In
0673615,2025-11-15 16:14:00,Out
0193586,2025-11-15 09:42:00,In
0193586,2025-11-15 18:04:00,Out
0479911,2025-11-15 08:04:00,In
0479911,2025-11-15 16:07:00,Out
0084387,2025-11-15 08:26:00,In
0084387,2025-11-15 18:07:00,Out
0416428,2025-11-15 09:36:00,In
0416428,2025-11-15 17:17:00,Out
0511122,2025-11-15 07:49:00,In
0511122,2025-11-15 17:19:00,Out
0777956,2025-11-15 08:35:00,In
0777956,2025-11-15 17:22:00,Out
0462926,2025-11-15 09:36:00,In
0462926,2025-11-15 17:50:00,Out
0884652,2025-11-15 08:36:00,In
0884652,2025-11-15 18:49:00,Out
0185217,2025-11-16 08:40:00,In
0185217,2025-11-16 17:37:00,Out
0804447,2025-11-16 07:24:00,In
0804447,2025-11-16 18:38:00,Out
0813432,2025-11-16 08:14:00,In
0813432,2025-11-16 16:26:00,Out
0055024,2025-11-16 09:52:00,In
0055024,2025-11-16 18:38:00,Out
0078657,2025-11-16 07:19:00,In
0078657,2025-11-16 17:09:00,Out
0748083,2025-11-16 08:46:00,In
0748083,2025-11-16 16:06:00,Out
0673615,2025-11-16 07:13:00,In
0673615,2025-11-16 17:08:00,Out
0193586,2025-11-16 09:37:00,In
0193586,2025-11-16 18:23:00,Out
0479911,2025-11-16 09:52:00,In
0479911,2025-11-16 17:06:00,Out
0084387,2025-11-16 09:55:00,In
0084387,2025-11-16 16:19:00,Out
0416428,2025-11-16 09:17:00,In
0416428,2025-11-16 17:44:00,Out
0511122,2025-11-16 09:58:00,In
0511122,2025-11-16 17:32:00,Out
0777956,2025-11-16 07:08:00,In
0777956,2025-11-16 18:40:00,Out
0462926,2025-11-16 09:42:00,In
0462926,2025-11-16 17:28:00,Out
0884652,2025-11-16 08:51:00,In
0884652,2025-11-16 16:39:00,Out
0185217,2025-11-17 08:35:00,In
0185217,2025-11-17 16:18:00,Out
0804447,2025-11-17 08:28:00,In
0804447,2025-11-17 16:44:00,Out
0813432,2025-11-17 09:19:00,In
0813432,2025-11-17 16:29:00,Out
0055024,2025-11-17 09:25:00,In
0055024,2025-11-17 16:26:00,Out
0078657,2025-11-17 07:12:00,In
0078657,2025-11-17 17:40:00,Out
0748083,2025-11-17 08:15:00,In
0748083,2025-11-17 17:50:00,Out
0673615,2025-11-17 08:19:00,In
0673615,2025-11-17 17:18:00,Out
0193586,2025-11-17 07:23:00,In
0193586,2025-11-17 16:56:00,Out
0479911,2025-11-17 08:28:00,In
0479911,2025-11-17 18:24:00,Out
0084387,2025-11-17 07:10:00,In
0084387,2025-11-17 17:23:00,Out
0416428,2025-11-17 09:05:00,In
0416428,2025-11-17 17:41:00,Out
0511122,2025-11-17 07:43:00,In
0511122,2025-11-17 16:39:00,Out
0777956,2025-11-17 07:15:00,In
0777956,2025-11-17 18:37:00,Out
0462926,2025-11-17 09:53:00,In
0462926,2025-11-17 18:11:00,Out
0884652,2025-11-17 07:16:00,In
0884652,2025-11-17 18:33:00,Out
0185217,2025-11-18 07:56:00,In
0185217,2025-11-18 17:14:00,Out
0804447,2025-11-18 08:12:00,In
0804447,2025-11-18 18:16:00,Out
0813432,2025-11-18 08:44:00,In
0813432,2025-11-18 17:17:00,Out
0055024,2025-11-18 07:21:00,In
0055024,2025-11-18 18:20:00,Out
0078657,2025-11-18 07:17:00,In
0078657,2025-11-18 18:27:00,Out
0748083,2025-11-18 08:34:00,In
0748083,2025-11-18 16:22:00,Out
0673615,2025-11-18 08:00:00,In
0673615,2025-11-18 18:08:00,Out
0193586,2025-11-18 07:51:00,In
0193586,2025-11-18 17:41:00,Out
0479911,2025-11-18 08:39:00,In
0479911,2025-11-18 16:08:00,Out
0084387,2025-11-18 08:20:00,In
0084387,2025-11-18 17:02:00,Out
0416428,2025-11-18 09:21:00,In
0416428,2025-11-18 18:15:00,Out
0511122,2025-11-18 09:15:00,In
0511122,2025-11-18 16:27:00,Out
0777956,2025-11-18 08:11:00,In
0777956,2025-11-18 17:00:00,Out
0462926,2025-11-18 09:07:00,In
0462926,2025-11-18 18:03:00,Out
0884652,2025-11-18 07:06:00,In
0884652,2025-11-18 17:02:00,Out
0185217,2025-11-19 09:19:00,In
0185217,2025-11-19 16:18:00,Out
0804447,2025-11-19 07:16:00,In
0804447,2025-11-19 17:36:00,Out
0813432,2025-11-19 09:20:00,In
0813432,2025-11-19 16:06:00,Out
0055024,2025-11-19 09:32:00,In
0055024,2025-11-19 16:56:00,Out
0078657,2025-11-19 09:16:00,In
0078657,2025-11-19 17:43:00,Out
0748083,2025-11-19 07:19:00,In
0748083,2025-11-19 18:52:00,Out
0673615,2025-11-19 08:49:00,In
0673615,2025-11-19 17:39:00,Out
0193586,2025-11-19 07:54:00,In
0193586,2025-11-19 17:32:00,Out
0479911,2025-11-19 09:40:00,In
0479911,2025-11-19 17:24:00,Out
0084387,2025-11-19 07:03:00,In
0084387,2025-11-19 18:03:00,Out
0416428,2025-11-19 07:25:00,In
0416428,2025-11-19 16:11:00,Out
0511122,2025-11-19 07:09:00,In
0511122,2025-11-19 17:27:00,Out
0777956,2025-11-19 09:41:00,In
0777956,2025-11-19 17:20:00,Out
0462926,2025-11-19 07:53:00,In
0462926,2025-11-19 17:30:00,Out
0884652,2025-11-19 08:23:00,In
0884652,2025-11-19 16:18:00,Out
0185217,2025-11-20 09:28:00,In
0185217,2025-11-20 17:06:00,Out
0804447,2025-11-20 09:20:00,In
0804447,2025-11-20 17:57:00,Out
0813432,2025-11-20 09:06:00,In
0813432,2025-11-20 18:55:00,Out
0055024,2025-11-20 08:30:00,In
0055024,2025-11-20 18:12:00,Out
0078657,2025-11-20 07:13:00,In
0078657,2025-11-20 16:48:00,Out
0748083,2025-11-20 09:36:00,In
0748083,2025-11-20 18:36:00,Out
0673615,2025-11-20 07:35:00,In
0673615,2025-11-20 18:13:00,Out
0193586,2025-11-20 07:05:00,In
0193586,2025-11-20 17:17:00,Out
0479911,2025-11-20 07:37:00,In
0479911,2025-11-20 18:28:00,Out
0084387,2025-11-20 08:30:00,In
0084387,2025-11-20 17:33:00,Out
0416428,2025-11-20 09:21:00,In
0416428,2025-11-20 18:57:00,Out
0511122,2025-11-20 09:03:00,In
0511122,2025-11-20 18:59:00,Out
0777956,2025-11-20 07:57:00,In
0777956,2025-11-20 18:10:00,Out
0462926,2025-11-20 09:45:00,In
0462926,2025-11-20 16:04:00,Out
0884652,2025-11-20 07:09:00,In
0884652,2025-11-20 16:36:00,Out
0185217,2025-11-21 09:01:00,In
0185217,2025-11-21 17:43:00,Out
0804447,2025-11-21 09:07:00,In
0804447,2025-11-21 17:53:00,Out
0813432,2025-11-21 09:58:00,In
0813432,2025-11-21 18:27:00,Out
0055024,2025-11-21 07:50:00,In
0055024,2025-11-21 17:21:00,Out
0078657,2025-11-21 09:01:00,In
0078657,2025-11-21 17:02:00,Out
0748083,2025-11-21 07:56:00,In
0748083,2025-11-21 18:31:00,Out
0673615,2025-11-21 08:21:00,In
0673615,2025-11-21 17:56:00,Out
0193586,2025-11-21 08:27:00,In
0193586,2025-11-21 16:29:00,Out
0479911,2025-11-21 08:49:00,In
0479911,2025-11-21 16:00:00,Out
0084387,2025-11-21 07:02:00,In
0084387,2025-11-21 18:11:00,Out
0416428,2025-11-21 08:23:00,In
0416428,2025-11-21 17:45:00,Out
0511122,2025-11-21 08:59:00,In
0511122,2025-11-21 17:01:00,Out
0777956,2025-11-21 07:17:00,In
0777956,2025-11-21 17:03:00,Out
0462926,2025-11-21 07:14:00,In
0462926,2025-11-21 18:07:00,Out
0884652,2025-11-21 09:42:00,In
0884652,2025-11-21 18:56:00,Out
0185217,2025-11-22 09:23:00,In
0185217,2025-11-22 16:56:00,Out
0804447,2025-11-22 09:08:00,In
0804447,2025-11-22 17:28:00,Out
0813432,2025-11-22 08:05:00,In
0813432,2025-11-22 16:39:00,Out
0055024,2025-11-22 08:11:00,In
0055024,2025-11-22 17:32:00,Out
0078657,2025-11-22 08:39:00,In
0078657,2025-11-22 18:06:00,Out
0748083,2025-11-22 08:22:00,In
0748083,2025-11-22 16:47:00,Out
0673615,2025-11-22 08:32:00,In
0673615,2025-11-22 18:18:00,Out
0193586,2025-11-22 09:14:00,In
0193586,2025-11-22 17:13:00,Out
0479911,2025-11-22 09:55:00,In
0479911,2025-11-22 18:39:00,Out
0084387,2025-11-22 09:48:00,In
0084387,2025-11-22 16:35:00,Out
0416428,2025-11-22 07:30:00,In
0416428,2025-11-22 18:31:00,Out
0511122,2025-11-22 09:58:00,In
0511122,2025-11-22 16:13:00,Out
0777956,2025-11-22 07:38:00,In
0777956,2025-11-22 18:21:00,Out
0462926,2025-11-22 09:36:00,In
0462926,2025-11-22 18:39:00,Out
0884652,2025-11-22 09:08:00,In
0884652,2025-11-22 18:12:00,Out
0185217,2025-11-23 08:39:00,In
0185217,2025-11-23 18:32:00,Out
0804447,2025-11-23 09:23:00,In
0804447,2025-11-23 17:26:00,Out
0813432,2025-11-23 07:18:00,In
0813432,2025-11-23 17:02:00,Out
0055024,2025-11-23 08:43:00,In
0055024,2025-11-23 16:21:00,Out
0078657,2025-11-23 09:47:00,In
0078657,2025-11-23 16:02:00,Out
0748083,2025-11-23 09:34:00,In
0748083,2025-11-23 17:46:00,Out
0673615,2025-11-23 08:45:00,In
0673615,2025-11-23 18:35:00,Out
0193586,2025-11-23 08:09:00,In
0193586,2025-11-23 17:19:00,Out
0479911,2025-11-23 07:32:00,In
0479911,2025-11-23 18:23:00,Out
0084387,2025-11-23 09:23:00,In
0084387,2025-11-23 16:48:00,Out
0416428,2025-11-23 09:02:00,In
0416428,2025-11-23 17:34:00,Out
0511122,2025-11-23 07:19:00,In
0511122,2025-11-23 16:37:00,Out
0777956,2025-11-23 07:24:00,In
0777956,2025-11-23 16:25:00,Out
0462926,2025-11-23 08:08:00,In
0462926,2025-11-23 18:53:00,Out
0884652,2025-11-23 07:58:00,In
0884652,2025-11-23 18:06:00,Out
0185217,2025-11-24 09:45:00,In
0185217,2025-11-24 17:52:00,Out
0804447,2025-11-24 08:41:00,In
0804447,2025-11-24 16:15:00,Out
0813432,2025-11-24 07:33:00,In
0813432,2025-11-24 18:40:00,Out
0055024,2025-11-24 07:51:00,In
0055024,2025-11-24 17:45:00,Out
0078657,2025-11-24 07:51:00,In
0078657,2025-11-24 18:04:00,Out
0748083,2025-11-24 09:16:00,In
0748083,2025-11-24 18:36:00,Out
0673615,2025-11-24 09:14:00,In
0673615,2025-11-24 16:28:00,Out
0193586,2025-11-24 07:02:00,In
0193586,2025-11-24 16:11:00,Out
0479911,2025-11-24 07:22:00,In
0479911,2025-11-24 16:21:00,Out
0084387,2025-11-24 09:40:00,In
0084387,2025-11-24 18:08:00,Out
0416428,2025-11-24 07:54:00,In
0416428,2025-11-24 16:43:00,Out
0511122,2025-11-24 07:09:00,In
0511122,2025-11-24 17:25:00,Out
0777956,2025-11-24 07:04:00,In
0777956,2025-11-24 17:45:00,Out
0462926,2025-11-24 07:38:00,In
0462926,2025-11-24 16:45:00,Out
0884652,2025-11-24 09:06:00,In
0884652,2025-11-24 16:42:00,Out
0185217,2025-11-25 07:46:00,In
0185217,2025-11-25 17:34:00,Out
0804447,2025-11-25 08:57:00,In
0804447,2025-11-25 18:35:00,Out
0813432,2025-11-25 09:30:00,In
0813432,2025-11-25 18:57:00,Out
0055024,2025-11-25 07:23:00,In
0055024,2025-11-25 16:36:00,Out
0078657,2025-11-25 09:18:00,In
0078657,2025-11-25 17:31:00,Out
0748083,2025-11-25 08:22:00,In
0748083,2025-11-25 18:03:00,Out
0673615,2025-11-25 07:57:00,In
0673615,2025-11-25 18:29:00,Out
0193586,2025-11-25 09:32:00,In
0193586,2025-11-25 18:45:00,Out
0479911,2025-11-25 09:09:00,In
0479911,2025-11-25 18:21:00,Out
0084387,2025-11-25 07:07:00,In
0084387,2025-11-25 18:42:00,Out
0416428,2025-11-25 08:35:00,In
0416428,2025-11-25 18:10:00,Out
0511122,2025-11-25 08:57:00,In
0511122,2025-11-25 18:41:00,Out
0777956,2025-11-25 08:32:00,In
0777956,2025-11-25 18:29:00,Out
0462926,2025-11-25 07:14:00,In
0462926,2025-11-25 18:15:00,Out
0884652,2025-11-25 09:20:00,In
0884652,2025-11-25 18:59:00,Out
0185217,2025-11-26 09:56:00,In
0185217,2025-11-26 17:42:00,Out
0804447,2025-11-26 08:34:00,In
0804447,2025-11-26 16:27:00,Out
0813432,2025-11-26 09:49:00,In
0813432,2025-11-26 17:17:00,Out
0055024,2025-11-26 08:56:00,In
0055024,2025-11-26 18:15:00,Out
0078657,2025-11-26 09:09:00,In
0078657,2025-11-26 17:26:00,Out
0748083,2025-11-26 08:39:00,In
0748083,2025-11-26 16:44:00,Out
0673615,2025-11-26 07:13:00,In
0673615,2025-11-26 18:49:00,Out
0193586,2025-11-26 09:01:00,In
0193586,2025-11-26 18:17:00,Out
0479911,2025-11-26 08:02:00,In
0479911,2025-11-26 16:10:00,Out
0084387,2025-11-26 08:31:00,In
0084387,2025-11-26 18:29:00,Out
0416428,2025-11-26 09:30:00,In
0416428,2025-11-26 17:20:00,Out
0511122,2025-11-26 09:20:00,In
0511122,2025-11-26 16:57:00,Out
0777956,2025-11-26 08:13:00,In
0777956,2025-11-26 16:15:00,Out
0462926,2025-11-26 08:49:00,In
0462926,2025-11-26 16:29:00,Out
0884652,2025-11-26 09:16:00,In
0884652,2025-11-26 16:00:00,Out
0185217,2025-11-27 09:07:00,In
0185217,2025-11-27 17:37:00,Out
0804447,2025-11-27 07:12:00,In
0804447,2025-11-27 18:29:00,Out
0813432,2025-11-27 07:11:00,In
0813432,2025-11-27 17:51:00,Out
0055024,2025-11-27 07:04:00,In
0055024,2025-11-27 18:32:00,Out
0078657,2025-11-27 08:43:00,In
0078657,2025-11-27 18:29:00,Out
0748083,2025-11-27 07:19:00,In
0748083,2025-11-27 17:07:00,Out
0673615,2025-11-27 07:26:00,In
0673615,2025-11-27 17:11:00,Out
0193586,2025-11-27 08:11:00,In
0193586,2025-11-27 17:27:00,Out
0479911,2025-11-27 07:32:00,In
0479911,2025-11-27 17:14:00,Out
0084387,2025-11-27 09:58:00,In
0084387,2025-11-27 16:12:00,Out
0416428,2025-11-27 07:26:00,In
0416428,2025-11-27 17:54:00,Out
0511122,2025-11-27 07:22:00,In
0511122,2025-11-27 18:22:00,Out
0777956,2025-11-27 07:46:00,In
0777956,2025-11-27 18:24:00,Out
0462926,2025-11-27 09:06:00,In
0462926,2025-11-27 17:46:00,Out
0884652,2025-11-27 08:02:00,In
0884652,2025-11-27 16:34:00,Out
0185217,2025-11-28 08:22:00,In
0185217,2025-11-28 16:08:00,Out
0804447,2025-11-28 09:38:00,In
0804447,2025-11-28 18:09:00,Out
0813432,2025-11-28 08:52:00,In
0813432,2025-11-28 17:59:00,Out
0055024,2025-11-28 07:01:00,In
0055024,2025-11-28 18:32:00,Out
0078657,2025-11-28 09:27:00,In
0078657,2025-11-28 16:30:00,Out
0748083,2025-11-28 09:08:00,In
0748083,2025-11-28 18:34:00,Out
0673615,2025-11-28 09:32:00,In
0673615,2025-11-28 17:17:00,Out
0193586,2025-11-28 09:16:00,In
0193586,2025-11-28 17:19:00,Out
0479911,2025-11-28 07:14:00,In
0479911,2025-11-28 17:26:00,Out
0084387,2025-11-28 08:37:00,In
0084387,2025-11-28 17:55:00,Out
0416428,2025-11-28 07:23:00,In
0416428,2025-11-28 17:16:00,Out
0511122,2025-11-28 07:53:00,In
0511122,2025-11-28 17:08:00,Out
0777956,2025-11-28 08:55:00,In
0777956,2025-11-28 18:15:00,Out
0462926,2025-11-28 08:46:00,In
0462926,2025-11-28 17:22:00,Out
0884652,2025-11-28 09:06:00,In
0884652,2025-11-28 18:58:00,Out
0185217,2025-11-29 07:50:00,In
0185217,2025-11-29 18:22:00,Out
0804447,2025-11-29 08:29:00,In
0804447,2025-11-29 18:11:00,Out
0813432,2025-11-29 08:20:00,In
0813432,2025-11-29 18:08:00,Out
0055024,2025-11-29 08:03:00,In
0055024,2025-11-29 16:31:00,Out
0078657,2025-11-29 07:41:00,In
0078657,2025-11-29 16:38:00,Out
0748083,2025-11-29 07:45:00,In
0748083,2025-11-29 17:54:00,Out
0673615,2025-11-29 08:10:00,In
0673615,2025-11-29 16:40:00,Out
0193586,2025-11-29 08:17:00,In
0193586,2025-11-29 18:22:00,Out
0479911,2025-11-29 07:17:00,In
0479911,2025-11-29 16:51:00,Out
0084387,2025-11-29 09:07:00,In
0084387,2025-11-29 18:32:00,Out
0416428,2025-11-29 07:42:00,In
0416428,2025-11-29 16:42:00,Out
0511122,2025-11-29 07:25:00,In
0511122,2025-11-29 17:40:00,Out
0777956,2025-11-29 08:46:00,In
0777956,2025-11-29 16:00:00,Out
0462926,2025-11-29 09:41:00,In
0462926,2025-11-29 18:10:00,Out
0884652,2025-11-29 09:23:00,In
0884652,2025-11-29 18:26:00,Out
0185217,2025-11-30 08:39:00,In
0185217,2025-11-30 17:01:00,Out
0804447,2025-11-30 08:16:00,In
0804447,2025-11-30 18:26:00,Out
0813432,2025-11-30 09:11:00,In
0813432,2025-11-30 17:57:00,Out
0055024,2025-11-30 07:10:00,In
0055024,2025-11-30 18:53:00,Out
0078657,2025-11-30 08:26:00,In
0078657,2025-11-30 18:09:00,Out
0748083,2025-11-30 08:26:00,In
0748083,2025-11-30 16:50:00,Out
0673615,2025-11-30 07:22:00,In
0673615,2025-11-30 17:06:00,Out
0193586,2025-11-30 09:53:00,In
0193586,2025-11-30 16:55:00,Out
0479911,2025-11-30 09:13:00,In
0479911,2025-11-30 18:14:00,Out
0084387,2025-11-30 09:48:00,In
0084387,2025-11-30 18:13:00,Out
0416428,2025-11-30 07:19:00,In
0416428,2025-11-30 17:02:00,Out
0511122,2025-11-30 09:40:00,In
0511122,2025-11-30 16:38:00,Out
0777956,2025-11-30 08:36:00,In
0777956,2025-11-30 16:14:00,Out
0462926,2025-11-30 09:25:00,In
0462926,2025-11-30 17:24:00,Out
0884652,2025-11-30 07:36:00,In
0884652,2025-11-30 18:12:00,Out
0185217,2025-12-01 09:35:00,In
0185217,2025-12-01 16:37:00,Out
0804447,2025-12-01 08:45:00,In
0804447,2025-12-01 17:28:00,Out
0813432,2025-12-01 07:21:00,In
0813432,2025-12-01 16:43:00,Out
0055024,2025-12-01 09:20:00,In
0055024,2025-12-01 18:42:00,Out
0078657,2025-12-01 08:05:00,In
0078657,2025-12-01 16:42:00,Out
0748083,2025-12-01 08:16:00,In
0748083,2025-12-01 16:07:00,Out
0673615,2025-12-01 09:40:00,In
0673615,2025-12-01 16:36:00,Out
0193586,2025-12-01 08:28:00,In
0193586,2025-12-01 16:11:00,Out
0479911,2025-12-01 08:24:00,In
0479911,2025-12-01 17:31:00,Out
0084387,2025-12-01 08:37:00,In
0084387,2025-12-01 17:49:00,Out
0416428,2025-12-01 09:24:00,In
0416428,2025-12-01 18:40:00,Out
0511122,2025-12-01 08:43:00,In
0511122,2025-12-01 16:58:00,Out
0777956,2025-12-01 08:37:00,In
0777956,2025-12-01 17:14:00,Out
0462926,2025-12-01 09:19:00,In
0462926,2025-12-01 18:31:00,Out
0884652,2025-12-01 07:27:00,In
0884652,2025-12-01 17:20:00,Out
0185217,2025-12-02 07:45:00,In
0185217,2025-12-02 17:50:00,Out
0804447,2025-12-02 07:55:00,In
0804447,2025-12-02 18:02:00,Out
0813432,2025-12-02 09:11:00,In
0813432,2025-12-02 17:38:00,Out
0055024,2025-12-02 09:22:00,In
0055024,2025-12-02 18:01:00,Out
0078657,2025-12-02 08:52:00,In
0078657,2025-12-02 17:35:00,Out
0748083,2025-12-02 07:57:00,In
0748083,2025-12-02 18:36:00,Out
0673615,2025-12-02 07:47:00,In
0673615,2025-12-02 18:11:00,Out
0193586,2025-12-02 09:45:00,In
0193586,2025-12-02 17:51:00,Out
0479911,2025-12-02 09:30:00,In
0479911,2025-12-02 17:43:00,Out
0084387,2025-12-02 07:52:00,In
0084387,2025-12-02 17:53:00,Out
0416428,2025-12-02 07:17:00,In
0416428,2025-12-02 16:55:00,Out
0511122,2025-12-02 08:25:00,In
0511122,2025-12-02 16:29:00,Out
0777956,2025-12-02 07:43:00,In
0777956,2025-12-02 18:59:00,Out
0462926,2025-12-02 07:44:00,In
0462926,2025-12-02 18:39:00,Out
0884652,2025-12-02 09:33:00,In
0884652,2025-12-02 18:34:00,Out
0185217,2025-12-03 09:08:00,In
0185217,2025-12-03 18:12:00,Out
0804447,2025-12-03 08:55:00,In
0804447,2025-12-03 18:34:00,Out
0813432,2025-12-03 08:20:00,In
0813432,2025-12-03 16:30:00,Out
0055024,2025-12-03 08:31:00,In
0055024,2025-12-03 18:11:00,Out
0078657,2025-12-03 09:15:00,In
0078657,2025-12-03 18:37:00,Out
0748083,2025-12-03 09:37:00,In
0748083,2025-12-03 17:54:00,Out
0673615,2025-12-03 08:06:00,In
0673615,2025-12-03 17:51:00,Out
0193586,2025-12-03 09:59:00,In
0193586,2025-12-03 16:50:00,Out
0479911,2025-12-03 07:52:00,In
0479911,2025-12-03 18:54:00,Out
0084387,2025-12-03 09:41:00,In
0084387,2025-12-03 17:06:00,Out
0416428,2025-12-03 08:25:00,In
0416428,2025-12-03 16:49:00,Out
0511122,2025-12-03 09:14:00,In
0511122,2025-12-03 16:38:00,Out
0777956,2025-12-03 07:30:00,In
0777956,2025-12-03 17:18:00,Out
0462926,2025-12-03 07:43:00,In
0462926,2025-12-03 17:58:00,Out
0884652,2025-12-03 08:35:00,In
0884652,2025-12-03 18:35:00,Out
0185217,2025-12-04 08:44:00,In
0185217,2025-12-04 18:28:00,Out
0804447,2025-12-04 08:46:00,In
0804447,2025-12-04 18:07:00,Out
0813432,2025-12-04 08:30:00,In
0813432,2025-12-04 18:11:00,Out
0055024,2025-12-04 09:45:00,In
0055024,2025-12-04 18:03:00,Out
0078657,2025-12-04 08:43:00,In
0078657,2025-12-04 17:08:00,Out
0748083,2025-12-04 09:02:00,In
0748083,2025-12-04 18:37:00,Out
0673615,2025-12-04 09:42:00,In
0673615,2025-12-04 17:54:00,Out
0193586,2025-12-04 07:17:00,In
0193586,2025-12-04 17:55:00,Out
0479911,2025-12-04 09:18:00,In
0479911,2025-12-04 17:52:00,Out
0084387,2025-12-04 09:01:00,In
0084387,2025-12-04 17:33:00,Out
0416428,2025-12-04 09:58:00,In
0416428,2025-12-04 18:11:00,Out
0511122,2025-12-04 09:43:00,In
0511122,2025-12-04 16:11:00,Out
0777956,2025-12-04 09:22:00,In
0777956,2025-12-04 17:09:00,Out
0462926,2025-12-04 07:34:00,In
0462926,2025-12-04 16:11:00,Out
0884652,2025-12-04 07:29:00,In
0884652,2025-12-04 16:42:00,Out
0185217,2025-12-05 07:14:00,In
0185217,2025-12-05 17:14:00,Out
0804447,2025-12-05 08:08:00,In
0804447,2025-12-05 17:01:00,Out
0813432,2025-12-05 09:57:00,In
0813432,2025-12-05 16:07:00,Out
0055024,2025-12-05 08:46:00,In
0055024,2025-12-05 18:43:00,Out
0078657,2025-12-05 08:44:00,In
0078657,2025-12-05 17:13:00,Out
0748083,2025-12-05 09:15:00,In
0748083,2025-12-05 17:54:00,Out
0673615,2025-12-05 08:05:00,In
0673615,2025-12-05 17:46:00,Out
0193586,2025-12-05 09:51:00,In
0193586,2025-12-05 18:58:00,Out
0479911,2025-12-05 08:44:00,In
0479911,2025-12-05 18:01:00,Out
0084387,2025-12-05 07:23:00,In
0084387,2025-12-05 17:03:00,Out
0416428,2025-12-05 09:47:00,In
0416428,2025-12-05 16:39:00,Out
0511122,2025-12-05 09:57:00,In
0511122,2025-12-05 18:42:00,Out
0777956,2025-12-05 08:07:00,In
0777956,2025-12-05 16:04:00,Out
0462926,2025-12-05 07:18:00,In
0462926,2025-12-05 18:02:00,Out
0884652,2025-12-05 07:55:00,In
0884652,2025-12-05 18:49:00,Out
0185217,2025-12-06 09:07:00,In
0185217,2025-12-06 16:26:00,Out
0804447,2025-12-06 08:37:00,In
0804447,2025-12-06 17:41:00,Out
0813432,2025-12-06 08:06:00,In
0813432,2025-12-06 16:51:00,Out
0055024,2025-12-06 09:21:00,In
0055024,2025-12-06 17:05:00,Out
0078657,2025-12-06 09:46:00,In
0078657,2025-12-06 17:59:00,Out
0748083,2025-12-06 08:21:00,In
0748083,2025-12-06 17:14:00,Out
0673615,2025-12-06 08:04:00,In
0673615,2025-12-06 16:11:00,Out
0193586,2025-12-06 08:50:00,In
0193586,2025-12-06 17:58:00,Out
0479911,2025-12-06 08:55:00,In
0479911,2025-12-06 17:18:00,Out
0084387,2025-12-06 07:00:00,In
0084387,2025-12-06 17:17:00,Out
0416428,2025-12-06 08:25:00,In
0416428,2025-12-06 16:06:00,Out
0511122,2025-12-06 09:25:00,In
0511122,2025-12-06 16:25:00,Out
0777956,2025-12-06 07:56:00,In
0777956,2025-12-06 18:16:00,Out
0462926,2025-12-06 09:17:00,In
0462926,2025-12-06 18:34:00,Out
0884652,2025-12-06 09:38:00,In
0884652,2025-12-06 18:57:00,Out
0185217,2025-12-07 09:14:00,In
0185217,2025-12-07 16:44:00,Out
0804447,2025-12-07 09:36:00,In
0804447,2025-12-07 18:21:00,Out
0813432,2025-12-07 08:04:00,In
0813432,2025-12-07 18:41:00,Out
0055024,2025-12-07 08:19:00,In
0055024,2025-12-07 18:23:00,Out
0078657,2025-12-07 07:09:00,In
0078657,2025-12-07 16:33:00,Out
0748083,2025-12-07 09:28:00,In
0748083,2025-12-07 16:48:00,Out
0673615,2025-12-07 07:07:00,In
0673615,2025-12-07 17:12:00,Out
0193586,2025-12-07 07:26:00,In
0193586,2025-12-07 18:42:00,Out
0479911,2025-12-07 07:13:00,In
0479911,2025-12-07 18:29:00,Out
0084387,2025-12-07 08:01:00,In
0084387,2025-12-07 16:41:00,Out
0416428,2025-12-07 07:09:00,In
0416428,2025-12-07 16:38:00,Out
0511122,2025-12-07 09:15:00,In
0511122,2025-12-07 18:09:00,Out
0777956,2025-12-07 07:55:00,In
0777956,2025-12-07 18:05:00,Out
0462926,2025-12-07 09:48:00,In
0462926,2025-12-07 16:03:00,Out
0884652,2025-12-07 09:36:00,In
0884652,2025-12-07 18:15:00,Out
0185217,2025-12-08 09:37:00,In
0185217,2025-12-08 16:50:00,Out
0804447,2025-12-08 07:21:00,In
0804447,2025-12-08 16:00:00,Out
0813432,2025-12-08 08:34:00,In
0813432,2025-12-08 16:29:00,Out
0055024,2025-12-08 08:23:00,In
0055024,2025-12-08 16:53:00,Out
0078657,2025-12-08 08:18:00,In
0078657,2025-12-08 18:06:00,Out
0748083,2025-12-08 08:16:00,In
0748083,2025-12-08 16:10:00,Out
0673615,2025-12-08 08:26:00,In
0673615,2025-12-08 16:01:00,Out
0193586,2025-12-08 09:44:00,In
0193586,2025-12-08 17:37:00,Out
0479911,2025-12-08 07:30:00,In
0479911,2025-12-08 16:31:00,Out
0084387,2025-12-08 07:34:00,In
0084387,2025-12-08 16:25:00,Out
0416428,2025-12-08 09:12:00,In
0416428,2025-12-08 17:54:00,Out
0511122,2025-12-08 09:22:00,In
0511122,2025-12-08 18:06:00,Out
0777956,2025-12-08 09:21:00,In
0777956,2025-12-08 17:34:00,Out
0462926,2025-12-08 08:56:00,In
0462926,2025-12-08 17:50:00,Out
0884652,2025-12-08 08:55:00,In
0884652,2025-12-08 17:29:00,Out
0185217,2025-12-09 09:04:00,In
0185217,2025-12-09 17:49:00,Out
0804447,2025-12-09 08:38:00,In
0804447,2025-12-09 18:05:00,Out
0813432,2025-12-09 07:04:00,In
0813432,2025-12-09 18:02:00,Out
0055024,2025-12-09 08:27:00,In
0055024,2025-12-09 17:23:00,Out
0078657,2025-12-09 08:04:00,In
0078657,2025-12-09 18:46:00,Out
0748083,2025-12-09 08:42:00,In
0748083,2025-12-09 17:46:00,Out
0673615,2025-12-09 08:42:00,In
0673615,2025-12-09 16:14:00,Out
0193586,2025-12-09 09:40:00,In
0193586,2025-12-09 18:25:00,Out
0479911,2025-12-09 07:47:00,In
0479911,2025-12-09 17:10:00,Out
0084387,2025-12-09 07:41:00,In
0084387,2025-12-09 17:58:00,Out
0416428,2025-12-09 09:10:00,In
0416428,2025-12-09 17:55:00,Out
0511122,2025-12-09 09:16:00,In
0511122,2025-12-09 18:09:00,Out
0777956,2025-12-09 08:58:00,In
0777956,2025-12-09 16:42:00,Out
0462926,2025-12-09 08:17:00,In
0462926,2025-12-09 18:49:00,Out
0884652,2025-12-09 09:26:00,In
0884652,2025-12-09 18:15:00,Out
0185217,2025-12-10 07:57:00,In
0185217,2025-12-10 17:04:00,Out
0804447,2025-12-10 08:38:00,In
0804447,2025-12-10 16:02:00,Out
0813432,2025-12-10 09:28:00,In
0813432,2025-12-10 16:08:00,Out
0055024,2025-12-10 08:42:00,In
0055024,2025-12-10 17:56:00,Out
0078657,2025-12-10 07:36:00,In
0078657,2025-12-10 17:12:00,Out
0748083,2025-12-10 08:56:00,In
0748083,2025-12-10 17:33:00,Out
0673615,2025-12-10 08:26:00,In
0673615,2025-12-10 17:43:00,Out
0193586,2025-12-10 07:37:00,In
0193586,2025-12-10 17:57:00,Out
0479911,2025-12-10 07:22:00,In
0479911,2025-12-10 16:45:00,Out
0084387,2025-12-10 07:38:00,In
0084387,2025-12-10 16:47:00,Out
0416428,2025-12-10 08:28:00,In
0416428,2025-12-10 18:32:00,Out
0511122,2025-12-10 08:14:00,In
0511122,2025-12-10 17:14:00,Out
0777956,2025-12-10 08:39:00,In
0777956,2025-12-10 16:02:00,Out
0462926,2025-12-10 09:29:00,In
0462926,2025-12-10 17:09:00,Out
0884652,2025-12-10 08:18:00,In
0884652,2025-12-10 17:41:00,Out
0185217,2025-12-11 07:24:00,In
0185217,2025-12-11 17:58:00,Out
0804447,2025-12-11 09:48:00,In
0804447,2025-12-11 18:18:00,Out
0813432,2025-12-11 07:40:00,In
0813432,2025-12-11 18:29:00,Out
0055024,2025-12-11 09:20:00,In
0055024,2025-12-11 16:23:00,Out
0078657,2025-12-11 08:12:00,In
0078657,2025-12-11 18:12:00,Out
0748083,2025-12-11 07:37:00,In
0748083,2025-12-11 17:09:00,Out
0673615,2025-12-11 09:02:00,In
0673615,2025-12-11 17:26:00,Out
0193586,2025-12-11 09:55:00,In
0193586,2025-12-11 16:53:00,Out
0479911,2025-12-11 08:51:00,In
0479911,2025-12-11 18:58:00,Out
0084387,2025-12-11 08:56:00,In
0084387,2025-12-11 18:03:00,Out
0416428,2025-12-11 09:01:00,In
0416428,2025-12-11 17:18:00,Out
0511122,2025-12-11 09:06:00,In
0511122,2025-12-11 18:02:00,Out
0777956,2025-12-11 09:43:00,In
0777956,2025-12-11 17:19:00,Out
0462926,2025-12-11 07:56:00,In
0462926,2025-12-11 17:04:00,Out
0884652,2025-12-11 09:32:00,In
0884652,2025-12-11 16:05:00,Out
0185217,2025-12-12 07:35:00,In
0185217,2025-12-12 18:01:00,Out
0804447,2025-12-12 09:59:00,In
0804447,2025-12-12 18:39:00,Out
0813432,2025-12-12 08:59:00,In
0813432,2025-12-12 17:45:00,Out
0055024,2025-12-12 09:58:00,In
0055024,2025-12-12 16:00:00,Out
0078657,2025-12-12 07:12:00,In
0078657,2025-12-12 17:17:00,Out
0748083,2025-12-12 09:08:00,In
0748083,2025-12-12 16:51:00,Out
0673615,2025-12-12 07:15:00,In
0673615,2025-12-12 16:02:00,Out
0193586,2025-12-12 08:04:00,In
0193586,2025-12-12 18:44:00,Out
0479911,2025-12-12 07:00:00,In
0479911,2025-12-12 16:38:00,Out
0084387,2025-12-12 08:38:00,In
0084387,2025-12-12 18:11:00,Out
0416428,2025-12-12 07:42:00,In
0416428,2025-12-12 17:17:00,Out
0511122,2025-12-12 07:42:00,In
0511122,2025-12-12 18:59:00,Out
0777956,2025-12-12 09:26:00,In
0777956,2025-12-12 18:05:00,Out
0462926,2025-12-12 09:35:00,In
0462926,2025-12-12 16:10:00,Out
0884652,2025-12-12 07:36:00,In
0884652,2025-12-12 18:46:00,Out
0185217,2025-12-13 09:10:00,In
0185217,2025-12-13 18:55:00,Out
0804447,2025-12-13 08:36:00,In
0804447,2025-12-13 18:15:00,Out
0813432,2025-12-13 09:40:00,In
0813432,2025-12-13 17:43:00,Out
0055024,2025-12-13 09:53:00,In
0055024,2025-12-13 16:51:00,Out
0078657,2025-12-13 07:08:00,In
0078657,2025-12-13 18:46:00,Out
0748083,2025-12-13 09:08:00,In
0748083,2025-12-13 16:37:00,Out
0673615,2025-12-13 08:23:00,In
0673615,2025-12-13 17:07:00,Out
0193586,2025-12-13 08:06:00,In
0193586,2025-12-13 18:14:00,Out
0479911,2025-12-13 08:15:00,In
0479911,2025-12-13 18:46:00,Out
0084387,2025-12-13 09:00:00,In
0084387,2025-12-13 18:40:00,Out
0416428,2025-12-13 07:35:00,In
0416428,2025-12-13 16:48:00,Out
0511122,2025-12-13 08:31:00,In
0511122,2025-12-13 16:02:00,Out
0777956,2025-12-13 08:50:00,In
0777956,2025-12-13 17:57:00,Out
0462926,2025-12-13 07:07:00,In
0462926,2025-12-13 18:32:00,Out
0884652,2025-12-13 08:44:00,In
0884652,2025-12-13 18:27:00,Out
0185217,2025-12-14 08:34:00,In
0185217,2025-12-14 18:52:00,Out
0804447,2025-12-14 09:55:00,In
0804447,2025-12-14 17:52:00,Out
0813432,2025-12-14 09:30:00,In
0813432,2025-12-14 17:28:00,Out
0055024,2025-12-14 08:29:00,In
0055024,2025-12-14 18:45:00,Out
0078657,2025-12-14 09:18:00,In
0078657,2025-12-14 16:37:00,Out
0748083,2025-12-14 08:23:00,In
0748083,2025-12-14 17:09:00,Out
0673615,2025-12-14 07:58:00,In
0673615,2025-12-14 17:19:00,Out
0193586,2025-12-14 08:23:00,In
0193586,2025-12-14 18:48:00,Out
0479911,2025-12-14 07:27:00,In
0479911,2025-12-14 18:19:00,Out
0084387,2025-12-14 08:56:00,In
0084387,2025-12-14 18:52:00,Out
0416428,2025-12-14 07:28:00,In
0416428,2025-12-14 18:34:00,Out
0511122,2025-12-14 07:06:00,In
0511122,2025-12-14 18:41:00,Out
0777956,2025-12-14 08:20:00,In
0777956,2025-12-14 18:08:00,Out
0462926,2025-12-14 09:50:00,In
0462926,2025-12-14 16:52:00,Out
0884652,2025-12-14 07:48:00,In
0884652,2025-12-14 18:36:00,Out
0185217,2025-12-15 08:24:00,In
0185217,2025-12-15 17:00:00,Out
0804447,2025-12-15 09:44:00,In
0804447,2025-12-15 16:23:00,Out
0813432,2025-12-15 07:45:00,In
0813432,2025-12-15 18:25:00,Out
0055024,2025-12-15 09:10:00,In
0055024,2025-12-15 17:10:00,Out
0078657,2025-12-15 07:41:00,In
0078657,2025-12-15 17:35:00,Out
0748083,2025-12-15 08:38:00,In
0748083,2025-12-15 16:16:00,Out
0673615,2025-12-15 09:43:00,In
0673615,2025-12-15 18:00:00,Out
0193586,2025-12-15 08:37:00,In
0193586,2025-12-15 16:48:00,Out
0479911,2025-12-15 08:39:00,In
0479911,2025-12-15 17:14:00,Out
0084387,2025-12-15 09:40:00,In
0084387,2025-12-15 16:13:00,Out
0416428,2025-12-15 08:20:00,In
0416428,2025-12-15 17:34:00,Out
0511122,2025-12-15 07:18:00,In
0511122,2025-12-15 18:13:00,Out
0777956,2025-12-15 09:04:00,In
0777956,2025-12-15 16:13:00,Out
0462926,2025-12-15 09:48:00,In
0462926,2025-12-15 16:40:00,Out
0884652,2025-12-15 08:37:00,In
0884652,2025-12-15 16:07:00,Out
0185217,2025-12-16 09:56:00,In
0185217,2025-12-16 18:32:00,Out
0804447,2025-12-16 07:58:00,In
0804447,2025-12-16 17:37:00,Out
0813432,2025-12-16 08:05:00,In
0813432,2025-12-16 18:34:00,Out
0055024,2025-12-16 09:12:00,In
0055024,2025-12-16 17:13:00,Out
0078657,2025-12-16 09:33:00,In
0078657,2025-12-16 17:57:00,Out
0748083,2025-12-16 08:26:00,In
0748083,2025-12-16 16:26:00,Out
0673615,2025-12-16 07:12:00,In
0673615,2025-12-16 17:37:00,Out
0193586,2025-12-16 09:46:00,In
0193586,2025-12-16 16:53:00,Out
0479911,2025-12-16 08:07:00,In
0479911,2025-12-16 16:44:00,Out
0084387,2025-12-16 09:58:00,In
0084387,2025-12-16 17:00:00,Out
0416428,2025-12-16 07:50:00,In
0416428,2025-12-16 18:11:00,Out
0511122,2025-12-16 09:43:00,In
0511122,2025-12-16 17:56:00,Out
0777956,2025-12-16 09:17:00,In
0777956,2025-12-16 18:24:00,Out
0462926,2025-12-16 08:29:00,In
0462926,2025-12-16 18:00:00,Out
0884652,2025-12-16 07:26:00,In
0884652,2025-12-16 17:10:00,Out
0185217,2025-12-17 08:57:00,In
0185217,2025-12-17 16:53:00,Out
0804447,2025-12-17 09:02:00,In
0804447,2025-12-17 18:10:00,Out
0813432,2025-12-17 07:14:00,In
0813432,2025-12-17 16:43:00,Out
0055024,2025-12-17 09:43:00,In
0055024,2025-12-17 17:38:00,Out
0078657,2025-12-17 08:07:00,In
0078657,2025-12-17 16:24:00,Out
0748083,2025-12-17 08:33:00,In
0748083,2025-12-17 17:49:00,Out
0673615,2025-12-17 09:38:00,In
0673615,2025-12-17 17:29:00,Out
0193586,2025-12-17 08:07:00,In
0193586,2025-12-17 17:16:00,Out
0479911,2025-12-17 07:34:00,In
0479911,2025-12-17 16:11:00,Out
0084387,2025-12-17 08:27:00,In
0084387,2025-12-17 16:33:00,Out
0416428,2025-12-17 09:23:00,In
0416428,2025-12-17 18:25:00,Out
0511122,2025-12-17 07:24:00,In
0511122,2025-12-17 17:02:00,Out
0777956,2025-12-17 07:19:00,In
0777956,2025-12-17 18:53:00,Out
0462926,2025-12-17 07:24:00,In
0462926,2025-12-17 18:11:00,Out
0884652,2025-12-17 08:25:00,In
0884652,2025-12-17 18:40:00,Out
0185217,2025-12-18 08:43:00,In
0185217,2025-12-18 17:08:00,Out
0804447,2025-12-18 09:32:00,In
0804447,2025-12-18 17:01:00,Out
0813432,2025-12-18 07:11:00,In
0813432,2025-12-18 18:27:00,Out
0055024,2025-12-18 07:03:00,In
0055024,2025-12-18 16:23:00,Out
0078657,2025-12-18 07:51:00,In
0078657,2025-12-18 16:29:00,Out
0748083,2025-12-18 08:55:00,In
0748083,2025-12-18 16:24:00,Out
0673615,2025-12-18 09:23:00,In
0673615,2025-12-18 17:40:00,Out
0193586,2025-12-18 07:19:00,In
0193586,2025-12-18 16:52:00,Out
0479911,2025-12-18 07:22:00,In
0479911,2025-12-18 16:23:00,Out
0084387,2025-12-18 07:59:00,In
0084387,2025-12-18 18:56:00,Out
0416428,2025-12-18 08:50:00,In
0416428,2025-12-18 16:24:00,Out
0511122,2025-12-18 08:05:00,In
0511122,2025-12-18 18:48:00,Out
0777956,2025-12-18 09:50:00,In
0777956,2025-12-18 17:47:00,Out
0462926,2025-12-18 08:42:00,In
0462926,2025-12-18 18:29:00,Out
0884652,2025-12-18 08:25:00,In
0884652,2025-12-18 16:58:00,Out
0185217,2025-12-19 07:29:00,In
0185217,2025-12-19 16:27:00,Out
0804447,2025-12-19 09:17:00,In
0804447,2025-12-19 18:58:00,Out
0813432,2025-12-19 09:06:00,In
0813432,2025-12-19 17:43:00,Out
0055024,2025-12-19 07:42:00,In
0055024,2025-12-19 16:38:00,Out
0078657,2025-12-19 08:34:00,In
0078657,2025-12-19 17:59:00,Out
0748083,2025-12-19 08:34:00,In
0748083,2025-12-19 17:32:00,Out
0673615,2025-12-19 07:58:00,In
0673615,2025-12-19 18:16:00,Out
0193586,2025-12-19 09:48:00,In
0193586,2025-12-19 16:28:00,Out
0479911,2025-12-19 08:44:00,In
0479911,2025-12-19 17:03:00,Out
0084387,2025-12-19 09:00:00,In
0084387,2025-12-19 18:55:00,Out
0416428,2025-12-19 08:40:00,In
0416428,2025-12-19 16:38:00,Out
0511122,2025-12-19 07:19:00,In
0511122,2025-12-19 18:51:00,Out
0777956,2025-12-19 07:54:00,In
0777956,2025-12-19 16:01:00,Out
0462926,2025-12-19 08:49:00,In
0462926,2025-12-19 18:45:00,Out
0884652,2025-12-19 07:52:00,In
0884652,2025-12-19 16:51:00,Out
0185217,2025-12-20 08:06:00,In
0185217,2025-12-20 16:49:00,Out
0804447,2025-12-20 09:47:00,In
0804447,2025-12-20 17:37:00,Out
0813432,2025-12-20 09:28:00,In
0813432,2025-12-20 16:56:00,Out
0055024,2025-12-20 09:58:00,In
0055024,2025-12-20 17:11:00,Out
0078657,2025-12-20 09:24:00,In
0078657,2025-12-20 17:21:00,Out
0748083,2025-12-20 09:08:00,In
0748083,2025-12-20 17:46:00,Out
0673615,2025-12-20 07:01:00,In
0673615,2025-12-20 18:53:00,Out
0193586,2025-12-20 09:14:00,In
0193586,2025-12-20 16:35:00,Out
0479911,2025-12-20 09:19:00,In
0479911,2025-12-20 16:10:00,Out
0084387,2025-12-20 09:48:00,In
0084387,2025-12-20 16:14:00,Out
0416428,2025-12-20 07:00:00,In
0416428,2025-12-20 18:38:00,Out
0511122,2025-12-20 07:23:00,In
0511122,2025-12-20 18:05:00,Out
0777956,2025-12-20 07:00:00,In
0777956,2025-12-20 18:48:00,Out
0462926,2025-12-20 08:59:00,In
0462926,2025-12-20 18:18:00,Out
0884652,2025-12-20 09:42:00,In
0884652,2025-12-20 17:44:00,Out
0185217,2025-12-21 07:30:00,In
0185217,2025-12-21 18:33:00,Out
0804447,2025-12-21 09:19:00,In
0804447,2025-12-21 18:42:00,Out
0813432,2025-12-21 07:55:00,In
0813432,2025-12-21 16:31:00,Out
0055024,2025-12-21 08:40:00,In
0055024,2025-12-21 16:41:00,Out
0078657,2025-12-21 07:03:00,In
0078657,2025-12-21 17:51:00,Out
0748083,2025-12-21 09:34:00,In
0748083,2025-12-21 17:14:00,Out
0673615,2025-12-21 08:34:00,In
0673615,2025-12-21 18:22:00,Out
0193586,2025-12-21 08:49:00,In
0193586,2025-12-21 17:34:00,Out
0479911,2025-12-21 09:10:00,In
0479911,2025-12-21 18:31:00,Out
0084387,2025-12-21 09:19:00,In
0084387,2025-12-21 17:26:00,Out
0416428,2025-12-21 09:44:00,In
0416428,2025-12-21 16:18:00,Out
0511122,2025-12-21 09:46:00,In
0511122,2025-12-21 18:34:00,Out
0777956,2025-12-21 08:36:00,In
0777956,2025-12-21 17:45:00,Out
0462926,2025-12-21 07:50:00,In
0462926,2025-12-21 18:43:00,Out
0884652,2025-12-21 08:42:00,In
0884652,2025-12-21 17:24:00,Out
0185217,2025-12-22 07:54:00,In
0185217,2025-12-22 18:30:00,Out
0804447,2025-12-22 08:12:00,In
0804447,2025-12-22 18:14:00,Out
0813432,2025-12-22 09:50:00,In
0813432,2025-12-22 18:08:00,Out
0055024,2025-12-22 09:26:00,In
0055024,2025-12-22 17:06:00,Out
0078657,2025-12-22 09:25:00,In
0078657,2025-12-22 17:20:00,Out
0748083,2025-12-22 07:19:00,In
0748083,2025-12-22 16:33:00,Out
0673615,2025-12-22 09:43:00,In
0673615,2025-12-22 17:12:00,Out
0193586,2025-12-22 09:50:00,In
0193586,2025-12-22 18:11:00,Out
0479911,2025-12-22 09:42:00,In
0479911,2025-12-22 18:29:00,Out
0084387,2025-12-22 07:16:00,In
0084387,2025-12-22 16:24:00,Out
0416428,2025-12-22 08:11:00,In
0416428,2025-12-22 17:58:00,Out
0511122,2025-12-22 08:03:00,In
0511122,2025-12-22 17:32:00,Out
0777956,2025-12-22 07:46:00,In
0777956,2025-12-22 18:25:00,Out
0462926,2025-12-22 08:48:00,In
0462926,2025-12-22 16:46:00,Out
0884652,2025-12-22 09:53:00,In
0884652,2025-12-22 17:38:00,Out
0185217,2025-12-23 07:54:00,In
0185217,2025-12-23 17:55:00,Out
0804447,2025-12-23 08:03:00,In
0804447,2025-12-23 17:39:00,Out
0813432,2025-12-23 08:16:00,In
0813432,2025-12-23 17:51:00,Out
0055024,2025-12-23 07:00:00,In
0055024,2025-12-23 17:32:00,Out
0078657,2025-12-23 09:53:00,In
0078657,2025-12-23 17:11:00,Out
0748083,2025-12-23 09:44:00,In
0748083,2025-12-23 17:26:00,Out
0673615,2025-12-23 07:10:00,In
0673615,2025-12-23 16:39:00,Out
0193586,2025-12-23 08:06:00,In
0193586,2025-12-23 16:18:00,Out
0479911,2025-12-23 08:16:00,In
0479911,2025-12-23 16:45:00,Out
0084387,2025-12-23 07:58:00,In
0084387,2025-12-23 17:08:00,Out
0416428,2025-12-23 07:22:00,In
0416428,2025-12-23 17:24:00,Out
0511122,2025-12-23 07:42:00,In
0511122,2025-12-23 16:37:00,Out
0777956,2025-12-23 08:57:00,In
0777956,2025-12-23 16:26:00,Out
0462926,2025-12-23 08:54:00,In
0462926,2025-12-23 17:00:00,Out
0884652,2025-12-23 08:23:00,In
0884652,2025-12-23 18:22:00,Out
0185217,2025-12-24 09:24:00,In
0185217,2025-12-24 17:00:00,Out
0804447,2025-12-24 08:14:00,In
0804447,2025-12-24 17:58:00,Out
0813432,2025-12-24 07:18:00,In
0813432,2025-12-24 17:34:00,Out
0055024,2025-12-24 07:09:00,In
0055024,2025-12-24 16:45:00,Out
0078657,2025-12-24 07:00:00,In
0078657,2025-12-24 17:16:00,Out
0748083,2025-12-24 07:18:00,In
0748083,2025-12-24 18:24:00,Out
0673615,2025-12-24 07:43:00,In
0673615,2025-12-24 16:51:00,Out
0193586,2025-12-24 07:20:00,In
0193586,2025-12-24 17:04:00,Out
0479911,2025-12-24 08:15:00,In
0479911,2025-12-24 18:28:00,Out
0084387,2025-12-24 08:05:00,In
0084387,2025-12-24 16:41:00,Out
0416428,2025-12-24 09:23:00,In
0416428,2025-12-24 16:36:00,Out
0511122,2025-12-24 09:00:00,In
0511122,2025-12-24 17:41:00,Out
0777956,2025-12-24 08:39:00,In
0777956,2025-12-24 18:04:00,Out
0462926,2025-12-24 07:13:00,In
0462926,2025-12-24 18:12:00,Out
0884652,2025-12-24 07:39:00,In
0884652,2025-12-24 18:13:00,Out
0185217,2025-12-25 09:35:00,In
0185217,2025-12-25 17:32:00,Out
0804447,2025-12-25 08:20:00,In
0804447,2025-12-25 17:38:00,Out
0813432,2025-12-25 08:19:00,In
0813432,2025-12-25 18:17:00,Out
0055024,2025-12-25 08:22:00,In
0055024,2025-12-25 17:51:00,Out
0078657,2025-12-25 07:03:00,In
0078657,2025-12-25 18:27:00,Out
0748083,2025-12-25 08:27:00,In
0748083,2025-12-25 18:23:00,Out
0673615,2025-12-25 07:58:00,In
0673615,2025-12-25 18:12:00,Out
0193586,2025-12-25 08:16:00,In
0193586,2025-12-25 17:36:00,Out
0479911,2025-12-25 09:24:00,In
0479911,2025-12-25 16:30:00,Out
0084387,2025-12-25 08:10:00,In
0084387,2025-12-25 18:27:00,Out
0416428,2025-12-25 09:07:00,In
0416428,2025-12-25 17:30:00,Out
0511122,2025-12-25 08:46:00,In
0511122,2025-12-25 18:33:00,Out
0777956,2025-12-25 07:43:00,In
0777956,2025-12-25 16:12:00,Out
0462926,2025-12-25 07:56:00,In
0462926,2025-12-25 17:54:00,Out
0884652,2025-12-25 09:18:00,In
0884652,2025-12-25 17:37:00,Out
0185217,2025-12-26 07:10:00,In
0185217,2025-12-26 17:26:00,Out
0804447,2025-12-26 09:47:00,In
0804447,2025-12-26 18:13:00,Out
0813432,2025-12-26 07:37:00,In
0813432,2025-12-26 17:23:00,Out
0055024,2025-12-26 07:56:00,In
0055024,2025-12-26 16:30:00,Out
0078657,2025-12-26 08:06:00,In
0078657,2025-12-26 16:29:00,Out
0748083,2025-12-26 08:21:00,In
0748083,2025-12-26 16:49:00,Out
0673615,2025-12-26 08:57:00,In
0673615,2025-12-26 18:59:00,Out
0193586,2025-12-26 09:40:00,In
0193586,2025-12-26 18:00:00,Out
0479911,2025-12-26 09:32:00,In
0479911,2025-12-26 17:16:00,Out
0084387,2025-12-26 08:29:00,In
0084387,2025-12-26 17:56:00,Out
0416428,2025-12-26 09:07:00,In
0416428,2025-12-26 16:40:00,Out
0511122,2025-12-26 09:55:00,In
0511122,2025-12-26 16:13:00,Out
0777956,2025-12-26 08:28:00,In
0777956,2025-12-26 18:50:00,Out
0462926,2025-12-26 09:35:00,In
0462926,2025-12-26 17:27:00,Out
0884652,2025-12-26 08:30:00,In
0884652,2025-12-26 16:11:00,Out
0185217,2025-12-27 08:25:00,In
0185217,2025-12-27 16:28:00,Out
0804447,2025-12-27 07:34:00,In
0804447,2025-12-27 18:10:00,Out
0813432,2025-12-27 08:46:00,In
0813432,2025-12-27 18:06:00,Out
0055024,2025-12-27 08:22:00,In
0055024,2025-12-27 18:02:00,Out
0078657,2025-12-27 07:56:00,In
0078657,2025-12-27 17:50:00,Out
0748083,2025-12-27 08:36:00,In
0748083,2025-12-27 16:37:00,Out
0673615,2025-12-27 08:07:00,In
0673615,2025-12-27 16:48:00,Out
0193586,2025-12-27 09:14:00,In
0193586,2025-12-27 17:14:00,Out
0479911,2025-12-27 07:28:00,In
0479911,2025-12-27 16:27:00,Out
0084387,2025-12-27 07:47:00,In
0084387,2025-12-27 17:08:00,Out
0416428,2025-12-27 08:43:00,In
0416428,2025-12-27 17:42:00,Out
0511122,2025-12-27 09:11:00,In
0511122,2025-12-27 16:34:00,Out
0777956,2025-12-27 07:17:00,In
0777956,2025-12-27 18:55:00,Out
0462926,2025-12-27 08:17:00,In
0462926,2025-12-27 18:34:00,Out
0884652,2025-12-27 08:08:00,In
0884652,2025-12-27 17:45:00,Out
0185217,2025-12-28 09:45:00,In
0185217,2025-12-28 18:34:00,Out
0804447,2025-12-28 07:22:00,In
0804447,2025-12-28 18:59:00,Out
0813432,2025-12-28 09:13:00,In
0813432,2025-12-28 18:40:00,Out
0055024,2025-12-28 08:45:00,In
0055024,2025-12-28 18:17:00,Out
0078657,2025-12-28 08:17:00,In
0078657,2025-12-28 18:48:00,Out
0748083,2025-12-28 07:47:00,In
0748083,2025-12-28 16:25:00,Out
0673615,2025-12-28 08:13:00,In
0673615,2025-12-28 17:17:00,Out
0193586,2025-12-28 07:32:00,In
0193586,2025-12-28 16:42:00,Out
0479911,2025-12-28 07:39:00,In
0479911,2025-12-28 17:37:00,Out
0084387,2025-12-28 09:48:00,In
0084387,2025-12-28 16:32:00,Out
0416428,2025-12-28 07:04:00,In
0416428,2025-12-28 16:19:00,Out
0511122,2025-12-28 09:23:00,In
0511122,2025-12-28 17:50:00,Out
0777956,2025-12-28 07:46:00,In
0777956,2025-12-28 16:38:00,Out
0462926,2025-12-28 09:01:00,In
0462926,2025-12-28 18:56:00,Out
0884652,2025-12-28 07:25:00,In
0884652,2025-12-28 16:46:00,Out
0185217,2025-12-29 07:26:00,In
0185217,2025-12-29 18:07:00,Out
0804447,2025-12-29 08:42:00,In
0804447,2025-12-29 16:22:00,Out
0813432,2025-12-29 09:49:00,In
0813432,2025-12-29 16:27:00,Out
0055024,2025-12-29 09:47:00,In
0055024,2025-12-29 16:08:00,Out
0078657,2025-12-29 08:56:00,In
0078657,2025-12-29 16:21:00,Out
0748083,2025-12-29 07:01:00,In
0748083,2025-12-29 17:53:00,Out
0673615,2025-12-29 07:13:00,In
0673615,2025-12-29 16:27:00,Out
0193586,2025-12-29 09:46:00,In
0193586,2025-12-29 17:20:00,Out
0479911,2025-12-29 08:38:00,In
0479911,2025-12-29 16:15:00,Out
0084387,2025-12-29 08:27:00,In
0084387,2025-12-29 17:56:00,Out
0416428,2025-12-29 08:20:00,In
0416428,2025-12-29 17:38:00,Out
0511122,2025-12-29 09:45:00,In
0511122,2025-12-29 16:19:00,Out
0777956,2025-12-29 09:04:00,In
0777956,2025-12-29 18:10:00,Out
0462926,2025-12-29 07:00:00,In
0462926,2025-12-29 16:56:00,Out
0884652,2025-12-29 09:11:00,In
0884652,2025-12-29 17:12:00,Out
0185217,2025-12-30 08:18:00,In
0185217,2025-12-30 17:32:00,Out
0804447,2025-12-30 09:49:00,In
0804447,2025-12-30 17:23:00,Out
0813432,2025-12-30 07:20:00,In
0813432,2025-12-30 17:47:00,Out
0055024,2025-12-30 08:15:00,In
0055024,2025-12-30 16:01:00,Out
0078657,2025-12-30 08:59:00,In
0078657,2025-12-30 18:11:00,Out
0748083,2025-12-30 08:07:00,In
0748083,2025-12-30 17:49:00,Out
0673615,2025-12-30 09:59:00,In
0673615,2025-12-30 17:31:00,Out
0193586,2025-12-30 09:25:00,In
0193586,2025-12-30 18:14:00,Out
0479911,2025-12-30 09:48:00,In
0479911,2025-12-30 18:28:00,Out
0084387,2025-12-30 07:35:00,In
0084387,2025-12-30 17:22:00,Out
0416428,2025-12-30 09:30:00,In
0416428,2025-12-30 16:33:00,Out
0511122,2025-12-30 09:25:00,In
0511122,2025-12-30 18:24:00,Out
0777956,2025-12-30 07:24:00,In
0777956,2025-12-30 16:34:00,Out
0462926,2025-12-30 08:29:00,In
0462926,2025-12-30 16:26:00,Out
0884652,2025-12-30 09:26:00,In
0884652,2025-12-30 16:59:00,Out
0185217,2025-12-31 09:35:00,In
0185217,2025-12-31 18:54:00,Out
0804447,2025-12-31 09:10:00,In
0804447,2025-12-31 18:45:00,Out
0813432,2025-12-31 07:10:00,In
0813432,2025-12-31 17:30:00,Out
0055024,2025-12-31 07:08:00,In
0055024,2025-12-31 16:03:00,Out
0078657,2025-12-31 07:29:00,In
0078657,2025-12-31 18:52:00,Out
0748083,2025-12-31 09:55:00,In
0748083,2025-12-31 17:47:00,Out
0673615,2025-12-31 09:36:00,In
0673615,2025-12-31 17:59:00,Out
0193586,2025-12-31 08:04:00,In
0193586,2025-12-31 16:12:00,Out
0479911,2025-12-31 07:13:00,In
0479911,2025-12-31 17:58:00,Out
0084387,2025-12-31 08:25:00,In
0084387,2025-12-31 16:46:00,Out
0416428,2025-12-31 07:56:00,In
0416428,2025-12-31 16:59:00,Out
0511122,2025-12-31 08:39:00,In
0511122,2025-12-31 18:00:00,Out
0777956,2025-12-31 07:50:00,In
0777956,2025-12-31 17:55:00,Out
0462926,2025-12-31 09:35:00,In
0462926,2025-12-31 16:50:00,Out
0884652,2025-12-31 08:41:00,In
0884652,2025-12-31 17:08:00,Out
